0.15567106	0.5613275	-0.43062136	-0.62518275	0.80122817	-0.3110522	0.43453184	0.37090945	-0.18000062	0.22085716	-0.6314732	0.15109846	0.42184275	-0.2127742	0.16208477	-0.056043077	-0.019135864	0.10420779	0.21974374	-0.22730674	0.55010855	-0.30472794	0.2562895	-0.86517864	0.1725688	0.2371676	-0.08930097	0.10987987	0.21489516	0.2317053
0.15499066	0.50547403	-0.35965842	-0.54514	0.7171756	-0.27807695	0.37575	0.33429956	-0.15450273	0.21056814	-0.55411667	0.12548825	0.3819677	-0.17708659	0.15962549	-0.033324037	-0.012274469	0.08193798	0.19478221	-0.22577435	0.4768928	-0.27014822	0.23623471	-0.7581272	0.1486271	0.22311012	-0.09984491	0.09480295	0.16785355	0.19429497
0.15926899	0.509093	-0.39751634	-0.5947718	0.75999105	-0.28249833	0.40139416	0.35016316	-0.16881962	0.21988976	-0.59504765	0.13812731	0.41643137	-0.22009198	0.17061466	-0.053879485	-0.028280765	0.10601879	0.21489942	-0.22955	0.5096439	-0.28466332	0.2487172	-0.7992421	0.14973983	0.23339392	-0.100070655	0.1075105	0.19197932	0.21164213
0.13347447	0.39872324	-0.28787893	-0.462208	0.579738	-0.1993612	0.30572638	0.2498852	-0.11982352	0.1434914	-0.45296523	0.096761145	0.29756472	-0.16578168	0.12469051	-0.035299387	-0.026205918	0.06867405	0.1667856	-0.16652685	0.40369418	-0.20277756	0.18426208	-0.6323274	0.110040076	0.17015398	-0.07258767	0.070549145	0.16276751	0.16879429
0.13993594	0.46599627	-0.3403024	-0.5379575	0.66346717	-0.26300076	0.37582088	0.29445142	-0.16252412	0.17153262	-0.5299817	0.12052032	0.37562835	-0.19049256	0.15232413	-0.034840997	-0.04152999	0.08250947	0.17183702	-0.20816019	0.46706474	-0.24298905	0.22291575	-0.73886955	0.13795783	0.19180377	-0.08850418	0.08157141	0.16938409	0.18692806
0.148285	0.46017438	-0.33271375	-0.49424252	0.63531387	-0.22382978	0.34872282	0.2861742	-0.14148828	0.17861106	-0.49054357	0.1257238	0.35618752	-0.18581972	0.13036062	-0.04049194	-0.031650808	0.07197184	0.18051696	-0.18976326	0.44486147	-0.23008882	0.20704031	-0.67180395	0.12582655	0.20178673	-0.08061389	0.087944165	0.16311361	0.18929346
0.13716966	0.40214032	-0.31271976	-0.4340511	0.58402723	-0.21364427	0.29542685	0.27499244	-0.14523712	0.1490366	-0.46172062	0.1280568	0.31483975	-0.16119868	0.13582018	-0.044019364	-0.037738208	0.07982473	0.15754513	-0.17105575	0.38034463	-0.21518427	0.19206972	-0.6347196	0.13104601	0.17364876	-0.06867273	0.08817008	0.13435796	0.14566317
0.13842483	0.52597785	-0.36842373	-0.58393174	0.72435105	-0.27545422	0.37673032	0.32004237	-0.16457243	0.21792825	-0.5858198	0.13216859	0.3905232	-0.21154879	0.15792468	-0.055701945	-0.032947972	0.10052416	0.1964881	-0.21268316	0.48722035	-0.27046412	0.23080935	-0.80495864	0.1485354	0.21166396	-0.08092475	0.094726644	0.19726402	0.20546213
0.13190678	0.44055068	-0.3460044	-0.48255843	0.6251939	-0.2287755	0.34891665	0.29448128	-0.14012681	0.16941583	-0.4919218	0.1272947	0.3305738	-0.1697934	0.11810428	-0.04510731	-0.033090394	0.08580656	0.17816226	-0.17856312	0.43024063	-0.22597677	0.21905503	-0.6908601	0.114748314	0.1762488	-0.07195124	0.070962735	0.1683051	0.16555597
0.12699741	0.41198885	-0.3107921	-0.44828632	0.57110447	-0.2271034	0.31192923	0.27700254	-0.11750435	0.1684967	-0.46268338	0.12258288	0.32778713	-0.1712778	0.11677334	-0.04677151	-0.016503995	0.069593094	0.16575563	-0.17550799	0.3969797	-0.2051284	0.17630321	-0.6376897	0.114044145	0.16768505	-0.060450215	0.07821114	0.15608443	0.17008114
0.12357762	0.39007634	-0.2836348	-0.42200673	0.5469441	-0.20610338	0.311336	0.26478085	-0.11140743	0.15490682	-0.43075314	0.104401164	0.2915801	-0.15559164	0.12724325	-0.043199833	-0.014299857	0.07214925	0.14458722	-0.17919996	0.3850847	-0.20630282	0.18488663	-0.59814036	0.12448957	0.17662054	-0.08027678	0.06754105	0.14048839	0.14273149
0.115299106	0.4008959	-0.30880404	-0.46159554	0.56974983	-0.1991661	0.32376853	0.26901686	-0.13543157	0.14411487	-0.46553287	0.10506834	0.30340406	-0.16518039	0.12763496	-0.032542508	-0.006230712	0.06693703	0.15607412	-0.17525157	0.39494175	-0.2165871	0.17136312	-0.6326871	0.10878456	0.1622597	-0.05537489	0.0694001	0.1501413	0.15571328
0.116404235	0.4450764	-0.33612368	-0.50356555	0.64401746	-0.22730587	0.3302059	0.28801244	-0.12879786	0.19165362	-0.5070207	0.1364829	0.3406082	-0.17809615	0.119268715	-0.025390683	-0.031729143	0.06722994	0.17976297	-0.18575169	0.4344427	-0.22881907	0.20378216	-0.6970493	0.13412398	0.17972757	-0.07704578	0.07056265	0.17171654	0.16195312
0.14049885	0.51905173	-0.391938	-0.58147526	0.72294617	-0.2894152	0.40190694	0.34667006	-0.16135013	0.2020099	-0.5889298	0.15698932	0.40247905	-0.19884232	0.13767347	-0.038978707	-0.030288486	0.103979096	0.20739011	-0.230145	0.5066816	-0.262123	0.2421769	-0.81163675	0.16358094	0.21068329	-0.082342885	0.08299538	0.17636916	0.19550669
0.12763558	0.42903507	-0.32542378	-0.45166022	0.59900725	-0.2207997	0.3092769	0.25881994	-0.11898233	0.17358665	-0.46257842	0.10396127	0.32774925	-0.15607825	0.11414901	-0.054952383	-0.01335768	0.06383253	0.1522611	-0.1930472	0.41552067	-0.22482812	0.19747081	-0.6517427	0.11419904	0.1594027	-0.084382065	0.095274456	0.16184892	0.1510475
0.09207636	0.35906008	-0.28215086	-0.4028022	0.5047518	-0.1973714	0.26698518	0.22084253	-0.12191377	0.14417697	-0.40378147	0.108991794	0.28662655	-0.14033623	0.10429666	-0.021922996	-0.004020181	0.06608265	0.13760722	-0.15696836	0.3545785	-0.17563845	0.15756455	-0.5623207	0.09700183	0.14721827	-0.07121482	0.082618296	0.12359606	0.14169851
0.09021194	0.34415945	-0.27018052	-0.39402783	0.49867728	-0.17399745	0.25398684	0.21598718	-0.103010446	0.1445042	-0.38104925	0.08877597	0.27239573	-0.14812317	0.113992706	-0.047003616	-0.021577017	0.060022555	0.14751714	-0.14344387	0.34058407	-0.18518436	0.15088633	-0.54115677	0.11648259	0.1504631	-0.057658307	0.05328812	0.13768509	0.13816269
0.08202198	0.31460384	-0.24580747	-0.3767404	0.46374342	-0.17132236	0.2638004	0.21595621	-0.11217243	0.12256258	-0.3537683	0.105518766	0.26357478	-0.116555735	0.09967108	-0.025508124	-0.016135301	0.041779973	0.12661313	-0.15194258	0.33034563	-0.18403733	0.144776	-0.5144319	0.08827354	0.1519684	-0.04281022	0.07532074	0.119703345	0.13595232
0.17035748	0.5109409	-0.3717727	-0.5804821	0.72072804	-0.25837618	0.3918479	0.34135407	-0.15226912	0.21177937	-0.5830529	0.15088004	0.40864685	-0.20735942	0.14754702	-0.063864216	-0.021015693	0.10092634	0.2114607	-0.21888737	0.5030803	-0.28279155	0.24701944	-0.803446	0.15654214	0.2293711	-0.09591366	0.0878247	0.18766288	0.2086331
0.11726531	0.40522715	-0.30479535	-0.43622094	0.56128556	-0.20418812	0.29115587	0.24871095	-0.13367194	0.14617844	-0.4340794	0.109586276	0.3104364	-0.13714543	0.120442376	-0.03664071	-0.03243367	0.07879667	0.14461914	-0.16745767	0.38581055	-0.21477757	0.19257084	-0.5906137	0.1098571	0.1593848	-0.07696578	0.07147636	0.12791519	0.13888317
0.12203583	0.40037897	-0.30176038	-0.43556157	0.5575814	-0.1930537	0.3124906	0.23377681	-0.119440354	0.16057768	-0.43133554	0.09618775	0.31081942	-0.16469462	0.11140362	-0.03423389	-0.025012845	0.06024571	0.16022028	-0.18312415	0.38689828	-0.21751405	0.17937416	-0.61733854	0.103615485	0.17346418	-0.061155554	0.09026794	0.15078466	0.14448331
0.12857418	0.47429007	-0.3314035	-0.51598763	0.67241764	-0.2539015	0.34734902	0.30375943	-0.1513552	0.18486303	-0.52806234	0.11007092	0.33910185	-0.19437206	0.13400042	-0.033977184	-0.029325567	0.09163432	0.16395395	-0.20678122	0.45091805	-0.22851056	0.21378684	-0.71363735	0.14632632	0.19548222	-0.07381868	0.07794092	0.18334442	0.18667255
0.12754636	0.43981922	-0.30911914	-0.4603683	0.5998344	-0.22669134	0.31405354	0.2604617	-0.13206562	0.15194018	-0.4790748	0.113618374	0.31114918	-0.16415204	0.12256455	-0.055321682	-0.027480595	0.084687926	0.178525	-0.17078601	0.4196261	-0.2327309	0.20499276	-0.6519074	0.12601729	0.17937884	-0.059403375	0.08120087	0.1685345	0.1826487
0.12742297	0.43685162	-0.33554238	-0.49411204	0.61032146	-0.23893279	0.35310233	0.2986049	-0.1568926	0.1612541	-0.49361727	0.12410731	0.33775035	-0.17257217	0.13425544	-0.026726754	-0.0070536085	0.09344553	0.15637064	-0.17824869	0.4248363	-0.2389119	0.20877537	-0.6886318	0.13754894	0.1816706	-0.07946083	0.08056257	0.16888875	0.16345298
0.1161428	0.40339497	-0.30030638	-0.443227	0.58657444	-0.22520801	0.32884705	0.2709943	-0.1312431	0.16506472	-0.4754731	0.108878806	0.30150244	-0.15500423	0.12541418	-0.038104057	-0.019718854	0.07780424	0.14919159	-0.1613643	0.41010973	-0.21838276	0.2056418	-0.6323707	0.13222872	0.17791957	-0.07465661	0.0839278	0.14020178	0.16257927
0.14531925	0.46765336	-0.33893082	-0.50502384	0.6474948	-0.25304484	0.35577267	0.28733817	-0.16093014	0.18435349	-0.4960331	0.11597843	0.3347351	-0.19345897	0.12776306	-0.02683726	-0.03262227	0.09399643	0.17827241	-0.190687	0.4548452	-0.23453374	0.20576985	-0.70783985	0.14725819	0.2030712	-0.069499426	0.082561724	0.15411045	0.19062626
0.10951272	0.33681253	-0.23201188	-0.35133678	0.46285963	-0.15835723	0.24412078	0.21366619	-0.09371272	0.13339761	-0.3617725	0.0884804	0.24279529	-0.11498916	0.10280365	-0.023212418	-0.021931864	0.060934	0.1346388	-0.15147766	0.3033007	-0.17130925	0.14610894	-0.51818615	0.08772976	0.12513083	-0.044852145	0.054837625	0.10848245	0.1449758
0.09311336	0.3605456	-0.26763076	-0.39059538	0.52834725	-0.18955122	0.29410192	0.22934961	-0.12670322	0.14597724	-0.42440772	0.114408836	0.28344572	-0.1450828	0.104284935	-0.020720908	-0.024285693	0.05747495	0.12991902	-0.15703635	0.36002636	-0.19316968	0.15258612	-0.55250436	0.12095241	0.15721513	-0.07528467	0.08573872	0.11682799	0.15541576
0.10796883	0.31386828	-0.26248944	-0.356784	0.4656857	-0.18848723	0.2503639	0.19822827	-0.114830196	0.1343751	-0.36208797	0.080127664	0.2543607	-0.11321867	0.10839603	-0.04110613	-0.032981776	0.061323408	0.13287881	-0.15320255	0.31931216	-0.17297414	0.16494565	-0.501628	0.08792177	0.12510118	-0.048296843	0.05675838	0.10516144	0.12173222
0.100249425	0.2968509	-0.24921641	-0.35272425	0.4514784	-0.18166627	0.23092738	0.21615174	-0.10753217	0.111771904	-0.34138763	0.09402005	0.23112077	-0.13143186	0.094244584	-0.041339874	-0.025514096	0.04896035	0.13270135	-0.11896646	0.31635347	-0.16286717	0.1508424	-0.48896435	0.079120256	0.12860397	-0.060955055	0.046964727	0.10471792	0.1321783
0.086073846	0.3062842	-0.22851005	-0.35842267	0.46341258	-0.16144773	0.23148265	0.21774685	-0.101106994	0.10899795	-0.34047726	0.0867274	0.25549844	-0.13095859	0.107841335	-0.037149034	-0.030707244	0.039679155	0.11435197	-0.14397602	0.32084116	-0.15138255	0.15262923	-0.4856967	0.104767665	0.14419875	-0.057115164	0.06793689	0.10976273	0.122652374
0.12955593	0.41315952	-0.29031047	-0.45577034	0.5733701	-0.23155813	0.3004367	0.27094045	-0.1407054	0.16497678	-0.43690616	0.11886831	0.31481266	-0.16089013	0.12461224	-0.037605003	-0.02302918	0.07357673	0.14980707	-0.16206278	0.39380074	-0.21231715	0.19054715	-0.62576336	0.11432569	0.17721577	-0.079162806	0.068117954	0.13419753	0.1672636
0.106639914	0.32120526	-0.22096308	-0.35133117	0.4429992	-0.15100373	0.23306622	0.1879934	-0.095792405	0.1292933	-0.35325408	0.06850718	0.23132275	-0.1209693	0.106306694	-0.038972326	-0.0056698113	0.053706035	0.11152235	-0.13813443	0.31363082	-0.15763249	0.13655709	-0.47895446	0.08719407	0.14205708	-0.044539142	0.053465996	0.122218914	0.1339969
0.092092104	0.33686036	-0.2407561	-0.35697895	0.4746896	-0.1635159	0.24782243	0.21267217	-0.110537454	0.11451026	-0.37754193	0.10146642	0.26442772	-0.13100609	0.08259669	-0.038813118	-0.0071358914	0.053803187	0.11784361	-0.13648355	0.33192533	-0.18581575	0.15791844	-0.52691054	0.09286457	0.143569	-0.048969276	0.06841318	0.11112336	0.12704161
0.10683052	0.3801739	-0.27219844	-0.41932514	0.51954705	-0.18957375	0.26829317	0.22676918	-0.1333546	0.15776521	-0.4179135	0.11252008	0.2777674	-0.14176257	0.104465105	-0.04264907	-0.031082036	0.06079648	0.12483965	-0.15940714	0.3495462	-0.17702611	0.18450135	-0.58214694	0.09761206	0.15657762	-0.0694414	0.0633187	0.12520441	0.16021305
0.09518417	0.34448978	-0.24311697	-0.37759855	0.46844855	-0.17536093	0.248886	0.22314504	-0.11507462	0.14057302	-0.36516804	0.09541764	0.25713253	-0.1423576	0.116075255	-0.04763436	-0.031010693	0.04480289	0.1370966	-0.15586455	0.3278223	-0.18735018	0.15776005	-0.52777755	0.10296752	0.13775449	-0.06454755	0.07255861	0.12387187	0.14292307
0.10022983	0.3856626	-0.2695204	-0.4161118	0.5140233	-0.21037154	0.29747573	0.24040611	-0.13172026	0.14427818	-0.4140051	0.09535092	0.29858047	-0.1394848	0.100798145	-0.03931613	-0.016282788	0.07343199	0.13116695	-0.1666643	0.36459145	-0.19240674	0.16153169	-0.5716801	0.10269507	0.14122508	-0.05977525	0.07851812	0.12642005	0.14342521
0.11036268	0.35298726	-0.2393004	-0.37922603	0.48781845	-0.18337525	0.26224813	0.20312187	-0.10896015	0.14569986	-0.39172184	0.10530881	0.26658347	-0.14667112	0.115796156	-0.03509612	-0.007109174	0.0707376	0.14439858	-0.12874357	0.32200193	-0.17886585	0.15297991	-0.52072215	0.08685949	0.13286853	-0.0678349	0.050290003	0.13372748	0.1505848
0.06380723	0.2641445	-0.1935152	-0.30111742	0.37840638	-0.12855396	0.19400612	0.15573595	-0.07369909	0.09863874	-0.2769271	0.07139235	0.20492423	-0.112053536	0.07027321	-0.02565404	-0.02912002	0.032601766	0.09680643	-0.101692185	0.24606885	-0.13552962	0.123213276	-0.418004	0.062364686	0.09937844	-0.036568183	0.060915887	0.10817156	0.10185665
0.064973064	0.27135766	-0.19988593	-0.31734785	0.39699915	-0.14992826	0.19801332	0.16884455	-0.088307224	0.10732543	-0.31271523	0.08796961	0.20089535	-0.098105006	0.08674601	-0.037125207	-0.008571315	0.046340253	0.11280862	-0.1041756	0.27731383	-0.15151805	0.13371985	-0.4114452	0.08262387	0.12904993	-0.05385734	0.041916393	0.105869554	0.1074019
0.10742387	0.3178159	-0.24917412	-0.3725157	0.46197733	-0.1701622	0.26681897	0.22777557	-0.09370354	0.14205442	-0.37078652	0.07543587	0.24287818	-0.12940082	0.09884092	-0.037996743	-0.031313624	0.05647509	0.11337546	-0.1528923	0.3327406	-0.16276525	0.13793449	-0.52645725	0.10166161	0.13286313	-0.0619749	0.07102898	0.11546304	0.14258836
0.10373983	0.33816588	-0.26673454	-0.38994	0.4834038	-0.1806829	0.25471312	0.22790983	-0.110370286	0.141198	-0.38383317	0.11002725	0.2754992	-0.13415456	0.11635021	-0.01800755	-0.011556523	0.06013135	0.13310766	-0.13845846	0.3426881	-0.18749559	0.1719718	-0.5290094	0.10010321	0.1294231	-0.067922905	0.077058055	0.10899976	0.12979119
0.10502114	0.34797817	-0.24856982	-0.35912928	0.48234782	-0.19494167	0.2729048	0.22898263	-0.11461557	0.13148794	-0.36262503	0.08125366	0.24681298	-0.13759303	0.10398196	-0.03723386	-0.019028394	0.06975962	0.13899913	-0.16199447	0.34175143	-0.19272068	0.14236645	-0.5098483	0.10357951	0.13623829	-0.06531167	0.07301687	0.11386732	0.14687234
0.07521353	0.29011604	-0.22163682	-0.3226848	0.41676974	-0.1612181	0.23185416	0.17245097	-0.08582252	0.10702039	-0.3110208	0.073525086	0.2386539	-0.101982646	0.0955759	-0.01673394	-0.02222532	0.03877866	0.1239852	-0.12682274	0.28173643	-0.14159244	0.123477906	-0.4593823	0.07620309	0.11347406	-0.03780334	0.067548506	0.116157316	0.10839371
0.0981464	0.3302716	-0.24271795	-0.37645143	0.49189034	-0.17807414	0.25941873	0.2025068	-0.09858518	0.13329147	-0.3879997	0.09524894	0.25571972	-0.12196813	0.11112007	-0.018142177	-0.030111287	0.060067765	0.115615405	-0.13933922	0.3133639	-0.17191994	0.14408945	-0.53264064	0.11217819	0.13382265	-0.07412596	0.07122369	0.12596029	0.14314084
0.071496874	0.3037148	-0.21853887	-0.33811533	0.42692202	-0.15613668	0.2098807	0.1821719	-0.079640806	0.10406535	-0.30882114	0.09546855	0.22590908	-0.114711344	0.07950889	-0.020234946	-0.017033493	0.06012891	0.09861291	-0.14131533	0.28846696	-0.1419164	0.13112119	-0.4352102	0.077668436	0.1194174	-0.058524035	0.07081776	0.10549328	0.117458
0.06765892	0.25434563	-0.19708948	-0.29243016	0.38026333	-0.14946404	0.19631018	0.16843513	-0.07120918	0.0871004	-0.29989707	0.08618225	0.20257454	-0.086836055	0.07546827	-0.016629703	-0.018727278	0.061482795	0.09948111	-0.09922638	0.24816993	-0.12593576	0.12718007	-0.40387323	0.07734937	0.101230346	-0.044316016	0.051061608	0.08397109	0.10437182
0.10407055	0.30113655	-0.24185042	-0.3497723	0.43874308	-0.16556726	0.24977048	0.19755362	-0.113801345	0.11636482	-0.32887924	0.097404204	0.22259946	-0.10949751	0.088565536	-0.013247977	-0.02376516	0.0440737	0.10885396	-0.12805931	0.29137635	-0.16717929	0.14122216	-0.46947098	0.0940646	0.11502743	-0.068007015	0.06570015	0.12541394	0.115907446
0.11344331	0.34582144	-0.259478	-0.3904615	0.5008397	-0.18379532	0.27279907	0.22035378	-0.10278137	0.1272791	-0.38810942	0.08558899	0.26770583	-0.1413981	0.09161271	-0.026897676	-0.025199896	0.05300598	0.13239515	-0.13753912	0.35096684	-0.18629923	0.16907461	-0.5299271	0.11160555	0.15521695	-0.058057476	0.05444084	0.12674	0.121113464
0.11011756	0.35508835	-0.2781403	-0.3743623	0.48603097	-0.18014364	0.26741368	0.21265833	-0.12524945	0.14390671	-0.39544028	0.10277525	0.25693077	-0.12746301	0.09620077	-0.04764965	-0.0076631177	0.06632346	0.11726716	-0.16229056	0.3579992	-0.18515661	0.16565235	-0.5398324	0.11160091	0.16288258	-0.06717744	0.08010288	0.13681433	0.15437196
0.11942598	0.36206758	-0.28173643	-0.39130855	0.5163949	-0.17789921	0.2797322	0.23615448	-0.099126324	0.13258703	-0.41138792	0.088129185	0.27611774	-0.14651267	0.1032931	-0.04889537	-0.023568576	0.060399517	0.122489996	-0.16391224	0.35617012	-0.19118308	0.17342553	-0.5407958	0.09828514	0.16403277	-0.07589066	0.07680075	0.14345439	0.13509046
0.11642819	0.3507426	-0.26506394	-0.3770498	0.4839171	-0.16812992	0.25407797	0.22393964	-0.11226659	0.14490622	-0.38702747	0.108073935	0.26680386	-0.13196684	0.095537	-0.02199341	-0.019497847	0.054909628	0.123494714	-0.13727094	0.32184193	-0.16893965	0.15370712	-0.5124453	0.09376109	0.13978115	-0.055304583	0.060726024	0.115799524	0.14608769
0.090152174	0.27198336	-0.20287848	-0.27046314	0.37173313	-0.13962115	0.20858559	0.17680635	-0.09426243	0.10331413	-0.27963856	0.0875239	0.19260141	-0.10816927	0.064432226	-0.014586928	-0.0005886818	0.030744014	0.08396924	-0.11795679	0.24446574	-0.13087727	0.10902342	-0.39620304	0.058957584	0.11277356	-0.053075153	0.038604457	0.10487488	0.11630902
0.107578486	0.3382899	-0.22759189	-0.3619057	0.44219747	-0.15738674	0.26085606	0.2147928	-0.103017166	0.12964702	-0.36873925	0.088823974	0.24828754	-0.13838367	0.08552247	-0.025422072	-0.0005552884	0.052456472	0.13066903	-0.14963761	0.32541063	-0.16127299	0.16144778	-0.5105164	0.09038527	0.12967138	-0.047322787	0.06024467	0.117861755	0.14078972
0.09134284	0.29361174	-0.21019723	-0.31355593	0.4254228	-0.16981463	0.22795162	0.17138568	-0.105069205	0.12173254	-0.33271277	0.07551399	0.2300826	-0.12705465	0.09559733	-0.03802833	-0.02755811	0.060531553	0.11068375	-0.13512403	0.2971605	-0.16027956	0.11965225	-0.44854861	0.09871436	0.13311213	-0.03975381	0.04099976	0.09956025	0.11160631
0.14828742	0.4552575	-0.31627417	-0.49596778	0.63514674	-0.2345494	0.32389197	0.28784195	-0.125392	0.18463807	-0.47459912	0.10545677	0.34487247	-0.18551016	0.13242747	-0.05490138	-0.019774448	0.06742923	0.1513683	-0.1806882	0.4278876	-0.23680958	0.18810189	-0.6927231	0.12175998	0.19128415	-0.070889264	0.073182344	0.15547673	0.16402824
0.08921707	0.2490435	-0.18966655	-0.29609963	0.37132087	-0.1317888	0.20355074	0.17299783	-0.07981234	0.107827306	-0.2829374	0.08545492	0.19593036	-0.11517267	0.06646694	-0.037377596	-0.00089719193	0.05422364	0.092050835	-0.096203774	0.23981577	-0.12353514	0.12692663	-0.40370798	0.059519365	0.09824198	-0.03609294	0.06418195	0.08451342	0.10766726
0.05759665	0.22678035	-0.16783674	-0.24906501	0.34089112	-0.11376054	0.17916931	0.13893528	-0.075981624	0.090950675	-0.27328685	0.061289415	0.16273877	-0.074998744	0.079584226	-0.02418822	0.0024654057	0.041690744	0.07561634	-0.10110213	0.21945514	-0.13156104	0.1227003	-0.34640557	0.059592176	0.099032715	-0.03343433	0.0353699	0.09014757	0.07710481
0.086020716	0.22976393	-0.19784391	-0.26866865	0.35039976	-0.12145065	0.1733486	0.15758973	-0.062483817	0.089287415	-0.28452474	0.056305394	0.18180797	-0.094849125	0.077619	-0.036819384	-0.018477714	0.036345933	0.09650807	-0.092364624	0.2465673	-0.11589097	0.10120031	-0.38668758	0.055493224	0.11252633	-0.026030824	0.061977793	0.103826836	0.11147995
0.06648314	0.27922294	-0.20862511	-0.2840778	0.36202693	-0.14955644	0.18525551	0.18235134	-0.0881189	0.10447473	-0.2963302	0.07683585	0.21597394	-0.09885851	0.085313186	-0.028552022	0.002117967	0.035858307	0.09508316	-0.12320947	0.27245295	-0.15306629	0.119972475	-0.4051567	0.089097835	0.10672622	-0.0362263	0.06686009	0.11295843	0.11650212
0.07724747	0.29585007	-0.20993271	-0.30248687	0.3983141	-0.14453128	0.20254563	0.19620742	-0.08183831	0.1116076	-0.3071459	0.07412647	0.2206822	-0.12267284	0.07381221	-0.013256097	-0.0010380573	0.051133934	0.1037387	-0.13701007	0.2669779	-0.13531941	0.13836953	-0.4506355	0.095536046	0.115876034	-0.058916926	0.066260196	0.10301586	0.097900875
0.0811698	0.2681168	-0.18203844	-0.26712665	0.36211696	-0.13297984	0.17813337	0.16916898	-0.0965777	0.10324877	-0.29264656	0.08477469	0.19485906	-0.08431422	0.07024735	-0.028072	-0.011182407	0.037858438	0.11166985	-0.100227036	0.23538354	-0.14523211	0.12649412	-0.39809483	0.06633603	0.11891212	-0.055578772	0.0486	0.09325703	0.1072162
0.083053276	0.29211873	-0.22245625	-0.31367955	0.43246076	-0.15858458	0.2272893	0.1803502	-0.100938074	0.09921057	-0.328135	0.06884365	0.21570837	-0.12583697	0.08839318	-0.04246012	-0.02392217	0.054193113	0.12365935	-0.11899867	0.29575098	-0.15055867	0.13292405	-0.46949998	0.072742715	0.11759679	-0.0665877	0.059100177	0.11669729	0.10632479
0.09768641	0.28916138	-0.20721443	-0.310165	0.4114546	-0.17071787	0.20677246	0.18025747	-0.10640231	0.10452627	-0.31872422	0.09411193	0.21217094	-0.10542449	0.08940429	-0.018196667	0.00032773486	0.06281416	0.110887304	-0.10985362	0.2794008	-0.16535921	0.12146943	-0.44798225	0.08273903	0.11756207	-0.06459196	0.060365453	0.09502311	0.12366607
0.106089674	0.3840001	-0.30528668	-0.43549344	0.56280154	-0.22798924	0.29884192	0.2481134	-0.13443123	0.1580131	-0.4577306	0.104320824	0.29360455	-0.16087061	0.12862206	-0.04170451	-0.035789646	0.058482762	0.1413027	-0.17073302	0.3770361	-0.21082368	0.16869028	-0.6120332	0.12725107	0.18080796	-0.075741544	0.07402563	0.16009463	0.16611262
0.10349241	0.34261537	-0.24725258	-0.36246446	0.4610546	-0.17969528	0.24830592	0.20524281	-0.118005164	0.1237689	-0.3780045	0.08561783	0.26036984	-0.13305752	0.09031349	-0.014845813	-0.004282266	0.049284145	0.1156875	-0.1385515	0.30789852	-0.16751647	0.13625827	-0.50922364	0.094265856	0.14147803	-0.05950312	0.047484554	0.13313213	0.14057854
0.096487395	0.33015096	-0.23558512	-0.3641313	0.45451868	-0.15680012	0.23379396	0.19826235	-0.0889587	0.12248115	-0.3671485	0.082995355	0.25316635	-0.11895017	0.09700247	-0.027594026	-0.0013201	0.0685881	0.10601077	-0.14159276	0.30971807	-0.1571445	0.15691777	-0.5018341	0.10515448	0.14941342	-0.0687405	0.06438958	0.102798596	0.13159332
0.08583449	0.29688016	-0.2349132	-0.33636254	0.43122232	-0.15993407	0.2372788	0.20588611	-0.10911119	0.10064499	-0.3340462	0.07144908	0.21757628	-0.11141754	0.10386471	-0.03353582	-0.016862253	0.05211461	0.09643199	-0.11782724	0.29045272	-0.1600494	0.13881609	-0.46296105	0.07323545	0.13195287	-0.048909727	0.06838329	0.095387466	0.109075196
0.06899709	0.23122355	-0.1646368	-0.24936713	0.3083045	-0.124425486	0.18153937	0.1285745	-0.07505385	0.09353297	-0.26089004	0.06789101	0.16777603	-0.083742954	0.05875238	-0.022667494	-0.028159842	0.027583415	0.09456684	-0.11174198	0.22622761	-0.10698971	0.116817296	-0.34999502	0.072111666	0.079203516	-0.044655286	0.03507085	0.076217905	0.102205
0.10359094	0.37877345	-0.28978547	-0.45022413	0.547756	-0.19738816	0.30540866	0.24244125	-0.10999254	0.16361463	-0.43102434	0.11695944	0.30496576	-0.15270187	0.111493655	-0.041938867	-0.015273273	0.065106876	0.15342768	-0.16578923	0.3911561	-0.20267403	0.19118783	-0.6078483	0.09936642	0.16206285	-0.06248956	0.0588331	0.1357084	0.14078668
0.08358133	0.29745394	-0.21946412	-0.31861758	0.39718667	-0.15113655	0.20300937	0.16825384	-0.100368306	0.12542178	-0.30299336	0.06637112	0.20107484	-0.09978633	0.09128796	-0.03287887	-0.016093474	0.06466655	0.10861394	-0.12837121	0.27560213	-0.16305621	0.13776208	-0.45041227	0.09453721	0.12668504	-0.040920407	0.04404102	0.10524973	0.11269551
0.06592469	0.246566	-0.18997826	-0.27068046	0.3628831	-0.14109349	0.194309	0.164652	-0.09350622	0.115196414	-0.2817714	0.0693743	0.20061257	-0.09975526	0.0914803	-0.022232499	-0.009607986	0.055781934	0.1137504	-0.099090084	0.25591597	-0.11889618	0.12983745	-0.3883595	0.07268999	0.11659691	-0.03165079	0.055638827	0.07950584	0.10454056
0.11479158	0.3386862	-0.26587054	-0.37967768	0.51175255	-0.17817514	0.2508467	0.23491922	-0.10817224	0.1277056	-0.3929292	0.1079404	0.2749023	-0.13784242	0.092965715	-0.016944459	-0.019980427	0.06377052	0.12532614	-0.16320048	0.33997047	-0.17925833	0.16768242	-0.55415505	0.09751017	0.1586723	-0.05759816	0.07345181	0.12171311	0.12994239
0.08168444	0.2980353	-0.23443824	-0.34815764	0.46144083	-0.16180637	0.24152006	0.1952747	-0.11424093	0.13476661	-0.3402639	0.08910334	0.24689204	-0.13390192	0.07861511	-0.04489671	-0.021305721	0.055827595	0.12625578	-0.1488739	0.289867	-0.14822584	0.13895692	-0.47191948	0.10105823	0.1488526	-0.038263656	0.059547085	0.12782092	0.13772108
0.09769273	0.3121894	-0.21200596	-0.31439316	0.42758814	-0.16764164	0.21453325	0.18058005	-0.08254705	0.11255864	-0.34225225	0.090503834	0.24387646	-0.11299448	0.10466962	-0.041712627	-0.023738522	0.036081303	0.118025675	-0.14411338	0.27402818	-0.1472847	0.14526047	-0.44735235	0.092251845	0.13685231	-0.047528155	0.070793435	0.12023927	0.13051525
0.090299875	0.276193	-0.20244579	-0.30083194	0.38395232	-0.13631056	0.20383157	0.17178428	-0.08246873	0.0988862	-0.28600305	0.08716817	0.19943568	-0.11121721	0.07980802	-0.029427659	-0.019183287	0.035131723	0.1150446	-0.09733055	0.27071333	-0.14145006	0.11682416	-0.41043955	0.07544979	0.101933226	-0.06151328	0.043315105	0.09200777	0.09455931
0.09014782	0.31670493	-0.25150532	-0.34684256	0.4661419	-0.15942414	0.24896124	0.1904772	-0.104847096	0.1235743	-0.36891943	0.074394755	0.25753096	-0.12814309	0.09965941	-0.016403964	-0.012079903	0.054382745	0.10548514	-0.14522132	0.29626498	-0.16135061	0.14264762	-0.48687437	0.081433125	0.11938663	-0.048282344	0.06253259	0.107815154	0.12773483
0.10202705	0.3630177	-0.2697676	-0.39872402	0.51634634	-0.20038924	0.29040205	0.24120818	-0.12800951	0.15243025	-0.4211131	0.09955076	0.27494705	-0.154271	0.0955297	-0.025406988	-0.010362339	0.06750062	0.13221434	-0.16708061	0.35265055	-0.20796622	0.15488227	-0.577895	0.10299401	0.1564614	-0.066159055	0.08677913	0.1273719	0.16153297
0.11111847	0.41745037	-0.32182235	-0.46871114	0.6010054	-0.23065032	0.33566085	0.2662771	-0.13082196	0.17279951	-0.48101738	0.12731801	0.31455225	-0.15047838	0.12627465	-0.053633053	-0.01597204	0.065641545	0.17693527	-0.181086	0.40761954	-0.20912743	0.1936876	-0.6328079	0.10935345	0.171542	-0.085925564	0.09192917	0.15992475	0.1761197
0.08309407	0.31034395	-0.2213473	-0.35087603	0.43327343	-0.17212413	0.23407938	0.18436359	-0.10950548	0.13149308	-0.35449582	0.10062648	0.25086302	-0.10693627	0.105229065	-0.03689771	-0.0068273917	0.05147451	0.11294268	-0.14717606	0.2879761	-0.15753385	0.14359535	-0.4766206	0.09406171	0.11866792	-0.057274256	0.06902611	0.114738375	0.13882972
0.08456146	0.26819643	-0.20761062	-0.3157756	0.4022704	-0.13807859	0.20564356	0.16503718	-0.10165121	0.12662467	-0.32057223	0.070985	0.21182105	-0.10281424	0.07332376	-0.016644582	-0.025179757	0.034484558	0.105727315	-0.135467	0.27402362	-0.13129444	0.14620022	-0.4394959	0.08812026	0.10979295	-0.044586893	0.048540764	0.10020578	0.116774544
0.07246053	0.2638524	-0.2003135	-0.28472742	0.3624044	-0.14982927	0.20500337	0.1701393	-0.08858018	0.096304774	-0.28099635	0.07418884	0.19647133	-0.09111674	0.07154918	-0.00816103	-0.020282788	0.040421683	0.106609516	-0.10593911	0.22874375	-0.114553586	0.12837173	-0.38425696	0.060762472	0.096694246	-0.05590247	0.059511624	0.0970165	0.084945075
0.0930007	0.2995342	-0.23884778	-0.34225816	0.42155614	-0.16099913	0.24098371	0.1832337	-0.08821827	0.13473476	-0.34295103	0.06939078	0.2181798	-0.10474376	0.07985717	-0.04366005	-0.014998628	0.0445234	0.12773862	-0.14225799	0.29980198	-0.14490022	0.12267501	-0.45424345	0.08648517	0.11515556	-0.048637558	0.048954222	0.1034353	0.11395476
0.077281	0.31275514	-0.24767712	-0.33286923	0.44560117	-0.1759381	0.23017667	0.21150811	-0.0924091	0.12446992	-0.36320907	0.10168033	0.23550788	-0.1278594	0.08120913	-0.03333518	-0.007623311	0.058639936	0.11012731	-0.1511743	0.3024702	-0.1691048	0.15700789	-0.4884737	0.088199146	0.13134418	-0.04275381	0.06541546	0.11332946	0.10833488
0.107485406	0.32868797	-0.24880558	-0.33270493	0.43028122	-0.15333943	0.23138256	0.20580164	-0.10957156	0.117823474	-0.33239418	0.10044263	0.24470496	-0.107278995	0.09176015	-0.025183411	-0.021522189	0.066521496	0.1288749	-0.12917869	0.2985794	-0.15897706	0.13826841	-0.48643437	0.09699037	0.14710572	-0.041187022	0.05000692	0.10096402	0.13065177
0.080122344	0.26800114	-0.20983392	-0.2747179	0.3580683	-0.12855831	0.19780155	0.18297783	-0.096133426	0.08700632	-0.3034242	0.074278675	0.18384287	-0.09288951	0.07100231	-0.023154853	-0.023211567	0.04606036	0.109778486	-0.1153261	0.24185112	-0.12297896	0.12175336	-0.3933681	0.06106556	0.12508956	-0.0462573	0.05037478	0.0847578	0.08826144
0.11025616	0.3606503	-0.2653391	-0.40001187	0.49024028	-0.19066045	0.26535365	0.22218718	-0.12542696	0.13550702	-0.39841282	0.09119332	0.25206885	-0.13494064	0.11655144	-0.022936698	-0.025608677	0.052570477	0.122376435	-0.13622037	0.33539668	-0.18509616	0.17133874	-0.54931873	0.103378296	0.15520099	-0.045092333	0.07331661	0.14099969	0.12090784
0.08472407	0.22849965	-0.19075076	-0.2612954	0.33345583	-0.13886045	0.17742746	0.14092594	-0.082786046	0.08808853	-0.2769359	0.052624673	0.17706981	-0.09036876	0.06018533	-0.012288267	-0.01766908	0.031949233	0.095944256	-0.10999075	0.23524094	-0.12786944	0.10205858	-0.36269817	0.06721573	0.11405263	-0.042039555	0.04345268	0.09531192	0.10758149
0.08713522	0.25344217	-0.18653317	-0.28655845	0.3899396	-0.14134552	0.2009626	0.18411148	-0.091827154	0.1138449	-0.28786895	0.08546354	0.19448707	-0.093042515	0.07271198	-0.022993019	-0.012537681	0.056837507	0.1067592	-0.12514706	0.244007	-0.13374643	0.1094048	-0.40631032	0.0703503	0.10391652	-0.03709151	0.038861044	0.10426325	0.092776485
0.09193332	0.25867367	-0.18969448	-0.2838158	0.38960287	-0.14813463	0.19473802	0.1875728	-0.08898289	0.103879884	-0.29881597	0.06254742	0.19805767	-0.121040516	0.08471198	-0.016328802	-0.008390433	0.050377063	0.09391963	-0.12525104	0.27358308	-0.13920386	0.1172488	-0.41905722	0.066422805	0.12392772	-0.04707821	0.04097818	0.10256707	0.11967851
0.078422226	0.23216775	-0.1663545	-0.23170105	0.30687848	-0.12329857	0.1612303	0.13471201	-0.07463488	0.06952268	-0.23809257	0.07335071	0.16325167	-0.09288687	0.068156295	-0.009121438	-0.016844815	0.03567359	0.07072598	-0.102191575	0.22707935	-0.110081606	0.08478597	-0.33720225	0.065031774	0.09657963	-0.04383382	0.032301404	0.095709585	0.08235468
0.09534386	0.34212512	-0.256964	-0.3682627	0.47119996	-0.18094593	0.2554989	0.19840927	-0.10895967	0.111911386	-0.3523847	0.082565345	0.25071636	-0.13168551	0.10457565	-0.030348271	-0.029351719	0.06622055	0.11244477	-0.13674954	0.32116094	-0.1604711	0.14416398	-0.48913714	0.08353409	0.13835092	-0.05319648	0.048190378	0.12665571	0.123028986
0.068370245	0.2577805	-0.1858832	-0.26343334	0.3507623	-0.14255732	0.1864984	0.1707084	-0.08827213	0.09509752	-0.28898227	0.06922385	0.18545914	-0.0805862	0.0695518	-0.021893712	0.001385594	0.039047223	0.085568435	-0.106980875	0.23512593	-0.12644288	0.10166845	-0.37631005	0.061137468	0.10657603	-0.034546062	0.04537871	0.07609308	0.09997747
0.07945517	0.2662859	-0.18894477	-0.26969114	0.3493603	-0.118480414	0.19806716	0.15219775	-0.09656187	0.09462419	-0.27941304	0.0713334	0.20137006	-0.11264456	0.08036208	-0.031225765	0.001724288	0.057812914	0.08987299	-0.0946743	0.23822567	-0.1242137	0.12076506	-0.3876023	0.07052196	0.12275559	-0.028435681	0.06380676	0.07886859	0.096563905
0.10379434	0.32613388	-0.25216407	-0.36303553	0.43268925	-0.15624541	0.25456882	0.21016727	-0.0962706	0.10770695	-0.35321033	0.092011236	0.22957738	-0.12983102	0.08530876	-0.03573464	-0.0049206563	0.06554259	0.12700261	-0.12814122	0.30460986	-0.17650819	0.16107897	-0.4823176	0.074615374	0.12231957	-0.050067727	0.04693407	0.11870641	0.11284462
0.092719354	0.28115347	-0.23470877	-0.31227812	0.4338323	-0.16088946	0.23811647	0.19233759	-0.103197634	0.09944109	-0.34511766	0.07057604	0.2176895	-0.11650974	0.07811075	-0.03351266	-0.023167785	0.05537185	0.11255998	-0.12919626	0.28607672	-0.16332424	0.13030969	-0.4563882	0.085453644	0.11358085	-0.04692672	0.07310208	0.09685117	0.1143313
0.09259711	0.28327736	-0.23042932	-0.3430335	0.41956124	-0.15441035	0.2223074	0.19078293	-0.093466945	0.11770807	-0.33452678	0.07781448	0.21439525	-0.11217923	0.07274141	-0.037634984	-0.018038638	0.064468704	0.106137946	-0.117084794	0.29949299	-0.14568962	0.15403117	-0.470644	0.09458225	0.1222579	-0.0532247	0.054803446	0.09446177	0.12062014
0.09623388	0.2780269	-0.21699645	-0.31873295	0.42282537	-0.16229817	0.2272809	0.18426655	-0.098994724	0.12437269	-0.30766732	0.094027095	0.2229493	-0.115102395	0.06818072	-0.04226498	0.0007828936	0.04042343	0.1191746	-0.13502467	0.28754464	-0.15896817	0.12978916	-0.44846347	0.08690401	0.1270883	-0.035722643	0.057802476	0.11096293	0.11615994
0.10421829	0.35019454	-0.2658245	-0.3813998	0.48913842	-0.17828174	0.28101993	0.23763122	-0.11934809	0.14095348	-0.38898876	0.08611356	0.26900995	-0.12122066	0.110087104	-0.050102893	-0.03522058	0.06585664	0.13517994	-0.16025263	0.33822426	-0.16670147	0.16526984	-0.5545535	0.096859366	0.1622432	-0.05638643	0.052530807	0.12346235	0.14947213
