-0.48724723	-0.01284789	-0.1472355	0.1705441	-0.5859648	0.31264573	-0.3740739	0.121656686	-0.26173836	0.24437128	-0.06059024	0.075324595	0.6213389	-0.48294064	-0.41790187	-0.41454408	0.05732954	-0.23292992	-0.23689885	0.09681964	0.053569157	0.38554305	0.112969406	0.2092158	0.11422325	-0.20565072	-0.6040291	0.1885606	-0.5222427	-0.4362219
-0.5069394	-0.031939864	-0.13960096	0.19009523	-0.57972884	0.30612183	-0.38368088	0.1505073	-0.2621472	0.27352938	-0.0497432	0.062124472	0.61157024	-0.4835126	-0.43435666	-0.42396224	0.056448344	-0.22427195	-0.22597334	0.11942166	0.06361578	0.39275032	0.09193447	0.22362936	0.105056204	-0.24214886	-0.62247396	0.19419695	-0.5241221	-0.43681154
-0.5025897	-0.02466136	-0.14249794	0.1795984	-0.5819657	0.31584507	-0.39288178	0.13214023	-0.2552668	0.24934757	-0.0456715	0.057845913	0.64512134	-0.48432028	-0.41593993	-0.43760976	0.05228101	-0.25547212	-0.23295048	0.09202307	0.05848183	0.37965354	0.098210916	0.22056705	0.13417777	-0.222552	-0.6508544	0.20792317	-0.5546844	-0.4571804
-0.49066538	-0.024105936	-0.14400333	0.17303137	-0.57534134	0.30475414	-0.37515888	0.113764666	-0.23239286	0.26857886	-0.054557137	0.08433026	0.63034403	-0.47572333	-0.42348823	-0.43244857	0.04776579	-0.22044797	-0.22262122	0.09831322	0.06226958	0.3981838	0.088373035	0.20122348	0.108487904	-0.2334127	-0.6077548	0.19986166	-0.53599316	-0.4311824
-0.5114321	-0.009658708	-0.15005761	0.16986974	-0.5938804	0.31340632	-0.3959462	0.14437322	-0.25172114	0.27201608	-0.07145628	0.08030828	0.6438458	-0.49180493	-0.41905436	-0.44023025	0.062483266	-0.25065413	-0.23180199	0.10024345	0.05163148	0.40633	0.08951562	0.21226655	0.12645523	-0.24445665	-0.63470733	0.20052111	-0.5637047	-0.46379924
-0.5071735	-0.022308523	-0.14312391	0.17718714	-0.56922317	0.2933035	-0.3647058	0.14647847	-0.25951254	0.24278718	-0.07135157	0.08446813	0.62920547	-0.45999637	-0.43173856	-0.4256081	0.06334578	-0.24907555	-0.22025849	0.095364295	0.05017743	0.37588242	0.11051733	0.22097977	0.12594728	-0.2451542	-0.63551164	0.19626784	-0.54298806	-0.4426911
-0.49381894	-0.02955532	-0.13842808	0.16181679	-0.5874868	0.3097841	-0.37055418	0.14913067	-0.2486509	0.27221203	-0.0752942	0.08722025	0.6187567	-0.49005342	-0.4421588	-0.417769	0.07113592	-0.22635676	-0.2283985	0.088255	0.07763269	0.3918572	0.11158654	0.22571182	0.11287225	-0.2505173	-0.6405883	0.19941631	-0.53213704	-0.4565264
-0.47505528	-0.024950048	-0.1410237	0.16631605	-0.5575701	0.3175485	-0.3730398	0.14426523	-0.238499	0.2373722	-0.059042558	0.073330425	0.5929895	-0.48423746	-0.40360308	-0.42504317	0.07246663	-0.21764803	-0.21406403	0.111750565	0.0766828	0.3879871	0.09684807	0.21373881	0.09752317	-0.21857789	-0.625836	0.17718138	-0.52650595	-0.42663458
-0.49894273	-0.016088193	-0.14931843	0.19242038	-0.5866619	0.31817234	-0.3911349	0.12816548	-0.24956213	0.266717	-0.074804544	0.057953995	0.62713224	-0.4889058	-0.42301008	-0.41031808	0.07243298	-0.22610907	-0.21087417	0.118134014	0.06972193	0.36920652	0.09766355	0.21410502	0.13053021	-0.22797708	-0.6209182	0.18165524	-0.53754115	-0.4580257
-0.5119554	-0.010724957	-0.15883848	0.17268783	-0.5848146	0.30796295	-0.37539256	0.13764654	-0.25130183	0.25846425	-0.064992405	0.093288764	0.6465066	-0.49233535	-0.4268099	-0.41942978	0.08349549	-0.26121983	-0.22891244	0.10511868	0.053076956	0.38063034	0.10924915	0.19890386	0.11832553	-0.22863917	-0.6403897	0.17792913	-0.5387173	-0.4542146
-0.49793333	-0.037444267	-0.14284986	0.16716659	-0.5838797	0.29895687	-0.3805318	0.11597455	-0.2654451	0.2710218	-0.06647672	0.09037023	0.6386907	-0.47848976	-0.44123653	-0.40444618	0.07224838	-0.24084209	-0.23765884	0.08617217	0.08047301	0.39824778	0.11441157	0.22291426	0.13408014	-0.22513711	-0.6440688	0.20458373	-0.5284224	-0.45303932
-0.49821174	-0.03414042	-0.13391584	0.1877492	-0.5669687	0.32170042	-0.35735813	0.13486727	-0.243012	0.2416291	-0.047568344	0.06068798	0.6147964	-0.46538478	-0.4233786	-0.42474997	0.058694344	-0.2345074	-0.2321183	0.10631041	0.0652169	0.36638233	0.10131215	0.21897182	0.100802034	-0.20854548	-0.61536914	0.19183004	-0.51152617	-0.4551034
-0.5010078	-0.016186818	-0.15521237	0.15758379	-0.60388905	0.3220006	-0.39672086	0.12507717	-0.26402667	0.2518975	-0.05955668	0.07780912	0.6239126	-0.48307458	-0.44168168	-0.42203033	0.10017266	-0.27192476	-0.25145003	0.11188677	0.072246656	0.4066185	0.09784737	0.21333924	0.14162292	-0.24270514	-0.65144974	0.1683724	-0.56380963	-0.46368834
-0.504662	-0.042470604	-0.13015546	0.19050056	-0.5671501	0.30080274	-0.38672364	0.144718	-0.25308877	0.2525637	-0.06406853	0.06096458	0.60403156	-0.48005262	-0.42138985	-0.4298017	0.052306004	-0.23818202	-0.2265269	0.09670528	0.06323012	0.37422216	0.084971905	0.19968596	0.09818162	-0.21190195	-0.6279762	0.20011967	-0.54346263	-0.4280165
-0.5159117	-0.040138334	-0.13706146	0.17396636	-0.5872013	0.31307244	-0.38695174	0.11977015	-0.25680116	0.24462895	-0.046850473	0.057110004	0.6214351	-0.49376598	-0.41472283	-0.41037497	0.07544474	-0.2522296	-0.21367651	0.112601586	0.06585616	0.40728617	0.08454962	0.20260814	0.12174796	-0.22538768	-0.6186899	0.17651843	-0.55232954	-0.46495372
-0.5095467	-0.0056122025	-0.1667719	0.15892895	-0.5966899	0.3195935	-0.39624956	0.13966702	-0.2803215	0.26984113	-0.05653166	0.08595048	0.6414705	-0.48814937	-0.43343306	-0.4312499	0.07918795	-0.2567754	-0.22826263	0.08626849	0.048777632	0.3937746	0.08833734	0.21563035	0.102112725	-0.255641	-0.62881947	0.18722677	-0.56499	-0.4656112
-0.5506981	-0.006627157	-0.17491561	0.16091147	-0.6300418	0.3486348	-0.4243174	0.14899465	-0.30592045	0.27790108	-0.07105811	0.096996516	0.66522366	-0.52330214	-0.4827101	-0.44953865	0.089455634	-0.27724347	-0.24497367	0.086349346	0.06885708	0.43783787	0.1043628	0.21458808	0.14689024	-0.24493767	-0.6823807	0.21255599	-0.5961321	-0.4877781
-0.4548887	-0.037467733	-0.12158535	0.16979904	-0.56044537	0.31484592	-0.34905586	0.11310209	-0.22059815	0.2336256	-0.047736727	0.08051892	0.58798224	-0.47055167	-0.41118297	-0.41547924	0.05953829	-0.22848693	-0.2069563	0.10617825	0.058153134	0.35961938	0.10509334	0.18550332	0.12053086	-0.2147813	-0.5934908	0.16589259	-0.5091991	-0.42990965
-0.51292163	-0.016375093	-0.16054738	0.16397169	-0.5691772	0.30884892	-0.36607134	0.13566272	-0.2516188	0.26652828	-0.045322094	0.07480125	0.6306375	-0.46423945	-0.40868145	-0.41164657	0.05935041	-0.2562301	-0.22481439	0.08642299	0.058499537	0.3904668	0.08235563	0.20682232	0.13289578	-0.22247943	-0.6196615	0.19484524	-0.55282325	-0.46538204
-0.46431664	-0.032587223	-0.13870074	0.15336674	-0.5330466	0.30264026	-0.3501358	0.12297561	-0.22652131	0.25668564	-0.0488398	0.08212875	0.5830281	-0.4610679	-0.38600212	-0.4090109	0.06536334	-0.21449947	-0.20261465	0.08809357	0.054455444	0.3747907	0.07623304	0.21326932	0.10117115	-0.19896668	-0.60190713	0.19082132	-0.4985777	-0.424978
-0.534121	-0.025537163	-0.16337222	0.15879655	-0.6139832	0.32261118	-0.40788668	0.13722701	-0.3007237	0.28322518	-0.06363343	0.08672235	0.63985234	-0.5151735	-0.44068584	-0.4496859	0.06424187	-0.2708057	-0.2275819	0.1077764	0.07283831	0.40674686	0.109591395	0.21522821	0.13460311	-0.26481444	-0.65428466	0.188777	-0.5762354	-0.47727957
-0.51050496	-0.0039230147	-0.15804644	0.17097156	-0.61220837	0.33138296	-0.38997185	0.12241752	-0.28134447	0.27811658	-0.08052538	0.09677488	0.6617947	-0.49465108	-0.4458805	-0.45188233	0.09879053	-0.27274975	-0.23949744	0.11567553	0.07837832	0.40092695	0.08832256	0.20882264	0.118692175	-0.2443223	-0.63950396	0.17480037	-0.5801456	-0.49012753
-0.50768846	-0.011803353	-0.14123154	0.16872299	-0.6231711	0.30988294	-0.40324005	0.14489818	-0.27578294	0.2838629	-0.053934537	0.10447054	0.65922177	-0.48275834	-0.43522155	-0.4345539	0.100595534	-0.274887	-0.22543892	0.09047788	0.06493856	0.40489456	0.101635374	0.21191029	0.11614593	-0.2468722	-0.6341248	0.19788784	-0.57301736	-0.48692024
-0.48716193	-0.019048477	-0.15042189	0.17544815	-0.54065657	0.28423515	-0.376499	0.14145856	-0.22361118	0.25842315	-0.07514066	0.059495054	0.5887918	-0.4679712	-0.4213962	-0.41434085	0.055043958	-0.2112179	-0.21359114	0.090518154	0.044772506	0.37042978	0.09805329	0.21685092	0.11962117	-0.20819828	-0.5837776	0.17106347	-0.53272706	-0.41674155
-0.47910696	-0.009537212	-0.13110545	0.17241682	-0.52749485	0.2905895	-0.34147134	0.115337506	-0.23716211	0.22455718	-0.06350364	0.056022577	0.5836032	-0.43161535	-0.39846113	-0.3747579	0.049858283	-0.21965888	-0.19713385	0.11154553	0.040413164	0.3494444	0.08465622	0.19446754	0.12644748	-0.22262537	-0.583482	0.17691208	-0.5055347	-0.40800005
-0.48960188	-0.031029472	-0.15559322	0.17133409	-0.57868636	0.30826703	-0.3848341	0.1117576	-0.23927385	0.23781958	-0.05055871	0.078068554	0.6020628	-0.47218987	-0.41322443	-0.4029979	0.045224085	-0.24186702	-0.21744592	0.10022931	0.07438904	0.3752122	0.09084169	0.20135954	0.106031336	-0.21188246	-0.6133593	0.17483225	-0.53991425	-0.44035327
-0.47149846	-0.03178836	-0.15023984	0.15171514	-0.54800713	0.3152958	-0.3522239	0.11760969	-0.2313636	0.25245607	-0.06775438	0.06962924	0.60687935	-0.47051877	-0.42126638	-0.40841135	0.04537088	-0.23060265	-0.20875931	0.08257271	0.044644322	0.38394713	0.08626643	0.19195499	0.12841	-0.21086256	-0.60650504	0.17914687	-0.5216506	-0.43738538
-0.4537934	-0.02444161	-0.15088198	0.15317585	-0.55214274	0.30792254	-0.35695475	0.13591194	-0.22234502	0.23664686	-0.067670226	0.055398073	0.5639695	-0.4590302	-0.39633512	-0.3781485	0.04624374	-0.23691104	-0.19350722	0.098378904	0.044213515	0.36338395	0.08774589	0.19635843	0.094833106	-0.19781029	-0.56971145	0.18202063	-0.4881572	-0.4277288
-0.48397946	-0.02634565	-0.1390706	0.17425725	-0.56481236	0.31249046	-0.37487477	0.14043652	-0.23431028	0.23100448	-0.063715816	0.076402575	0.59462994	-0.4644688	-0.3984437	-0.4174996	0.06285351	-0.21914032	-0.21644063	0.079137824	0.059545673	0.36118603	0.09124334	0.1981712	0.10968405	-0.21496822	-0.6126575	0.1781006	-0.5248603	-0.4430514
-0.5395217	-0.013702078	-0.1503683	0.15517583	-0.6483883	0.3210857	-0.40197584	0.14122356	-0.27042937	0.2910395	-0.06575567	0.102769904	0.6612689	-0.49145913	-0.46608505	-0.45722952	0.10635976	-0.2711909	-0.2583882	0.114162385	0.08506593	0.39902607	0.09175296	0.21114722	0.12882482	-0.25643852	-0.6783326	0.20151013	-0.57470065	-0.5037581
-0.47295278	-0.027254479	-0.13272649	0.16477232	-0.5253938	0.28140083	-0.37020823	0.115462326	-0.24346426	0.22917652	-0.07627069	0.08546464	0.583563	-0.45987666	-0.41282013	-0.39266905	0.07735026	-0.22920908	-0.20341465	0.089801	0.0474499	0.3566812	0.075962186	0.18710428	0.12346555	-0.20999712	-0.58234775	0.18326278	-0.50859994	-0.43427956
-0.49400046	-0.037415966	-0.13712196	0.1565922	-0.5918279	0.30840337	-0.3870686	0.14864501	-0.2703105	0.2559907	-0.057020277	0.09931018	0.6506703	-0.46876973	-0.44774592	-0.4116767	0.083846755	-0.26164302	-0.23772049	0.10274719	0.06689717	0.40666348	0.10452034	0.20050986	0.110446386	-0.25297874	-0.6541932	0.1708522	-0.54027617	-0.46835378
-0.5013488	-0.001975535	-0.15580024	0.15981591	-0.60827625	0.31896552	-0.3959842	0.15936573	-0.28771886	0.2730128	-0.049301513	0.08865286	0.6548944	-0.49147716	-0.45764607	-0.43899873	0.07621997	-0.25866508	-0.23633574	0.08625167	0.07758052	0.41324824	0.11583098	0.21927899	0.106668755	-0.24000457	-0.6509631	0.18051045	-0.57542616	-0.45240688
-0.47582683	-0.023724021	-0.12708658	0.17362036	-0.5310957	0.29033008	-0.3634115	0.14212044	-0.24898943	0.23281021	-0.06598846	0.07933479	0.5783991	-0.43985817	-0.40284652	-0.41049618	0.07541572	-0.20963548	-0.22800247	0.080967836	0.049855676	0.3821092	0.10179312	0.21426812	0.12539448	-0.2024951	-0.6049838	0.18632019	-0.52207476	-0.43098783
-0.5216232	-0.0005470894	-0.16682349	0.16019548	-0.61897504	0.32926798	-0.40260133	0.13785543	-0.27416366	0.277002	-0.0581002	0.09132382	0.6490626	-0.5025972	-0.45966142	-0.4496458	0.085365616	-0.2537671	-0.2460065	0.11721156	0.07054691	0.42637444	0.11781456	0.21651533	0.1355978	-0.25191692	-0.6619527	0.19135778	-0.573078	-0.47572714
-0.48438403	-0.023824317	-0.14303617	0.1602079	-0.5501867	0.30970696	-0.3767771	0.14109527	-0.2387572	0.259703	-0.06200315	0.068364665	0.5818832	-0.45930073	-0.40980166	-0.4013707	0.07959164	-0.23135248	-0.22364433	0.10166543	0.06579476	0.3854194	0.111307815	0.20792152	0.12749447	-0.23212916	-0.5932371	0.16385995	-0.51095676	-0.44061473
-0.5059591	-0.03010527	-0.15230088	0.17242588	-0.6191359	0.32406142	-0.3976135	0.15137574	-0.27805516	0.2768423	-0.06171502	0.072003156	0.6300187	-0.48280102	-0.4564493	-0.4237045	0.08571941	-0.25142357	-0.23482613	0.103735894	0.058447555	0.41000193	0.08718146	0.22504863	0.12892248	-0.24593662	-0.6475261	0.18931521	-0.54747045	-0.48536175
-0.46408278	-0.025138462	-0.14325972	0.15998626	-0.5644387	0.29501063	-0.38015333	0.11701787	-0.22488217	0.2616941	-0.070524074	0.08471631	0.59283173	-0.45615107	-0.41814774	-0.40614247	0.059269898	-0.24312367	-0.21419364	0.10226444	0.06675154	0.36739266	0.08803267	0.21330813	0.11885252	-0.2199552	-0.6061672	0.19106409	-0.5230234	-0.44562748
-0.52651614	-0.013984057	-0.15353723	0.18427229	-0.6277812	0.33193812	-0.38825238	0.1321061	-0.29959252	0.29399148	-0.068497926	0.070414476	0.6451885	-0.5136889	-0.45437762	-0.4626371	0.084905624	-0.26371077	-0.23403348	0.082542785	0.058242198	0.40782854	0.11042114	0.22766988	0.1300378	-0.2632978	-0.67026067	0.18747984	-0.58498126	-0.48438558
-0.48518187	-0.029083183	-0.12443449	0.15845747	-0.54782337	0.312274	-0.35235044	0.13362138	-0.2524166	0.25168067	-0.05939169	0.07022699	0.59103656	-0.45206693	-0.40011954	-0.40235618	0.05545763	-0.22546966	-0.23171085	0.10639792	0.06207176	0.3588595	0.10189954	0.20080774	0.108405635	-0.20898274	-0.6089237	0.19054843	-0.52682334	-0.43915114
-0.4455619	-0.03872546	-0.12822254	0.14821306	-0.53409755	0.28668836	-0.35819453	0.113383465	-0.21268526	0.21788399	-0.06724828	0.050018918	0.5805299	-0.45562372	-0.39835972	-0.37597358	0.0758879	-0.20283134	-0.19643606	0.08935406	0.06251914	0.34907544	0.09118865	0.17813584	0.11921952	-0.1951841	-0.5586405	0.1763092	-0.5012445	-0.41500625
-0.51303625	-0.02966151	-0.15935019	0.18908153	-0.56568664	0.3212114	-0.39648205	0.11651353	-0.24601944	0.25859645	-0.075795904	0.08730617	0.6174784	-0.48353535	-0.43622726	-0.41996494	0.055979393	-0.23120321	-0.23773114	0.0884943	0.058549237	0.40487936	0.11335901	0.20908599	0.116050474	-0.23809405	-0.61806273	0.19271287	-0.54851407	-0.45220217
-0.51481783	-0.029786633	-0.1592704	0.17207482	-0.5961994	0.3266932	-0.38839734	0.13381678	-0.2770294	0.2549455	-0.06480404	0.09218067	0.6187862	-0.49301034	-0.41640127	-0.4193275	0.07256455	-0.26183727	-0.21145459	0.08769698	0.06677194	0.37693915	0.11666386	0.21268576	0.10275855	-0.24900426	-0.62162995	0.19826502	-0.5452384	-0.47391543
-0.46163958	-0.037245873	-0.15110146	0.14598937	-0.53964406	0.30032125	-0.36677387	0.104807556	-0.23971286	0.23036371	-0.051403467	0.06431919	0.55271906	-0.42685738	-0.3821182	-0.38207597	0.04847235	-0.23247276	-0.2107411	0.09232141	0.0579676	0.34504274	0.10173681	0.20194426	0.106620304	-0.20730816	-0.57783693	0.17128591	-0.482946	-0.42505896
-0.44762653	-0.030311821	-0.14824946	0.1642639	-0.52841556	0.29189998	-0.35183838	0.12368708	-0.22113305	0.23930435	-0.058975704	0.08244385	0.57479215	-0.4273803	-0.37590334	-0.38335207	0.06819785	-0.22019482	-0.19858678	0.1080366	0.05016564	0.3536014	0.07202856	0.20268676	0.0937487	-0.20487963	-0.5656078	0.15798594	-0.47342592	-0.3986503
-0.4546846	-0.0090482235	-0.14719063	0.15477104	-0.5497606	0.28097644	-0.33778659	0.1280757	-0.24725227	0.23008211	-0.050835438	0.057967816	0.5932617	-0.45800993	-0.4052329	-0.38997924	0.074469686	-0.23700999	-0.22385335	0.08491015	0.06959706	0.35824755	0.08969075	0.1917298	0.102344215	-0.2101104	-0.59845334	0.17590849	-0.5057183	-0.4249527
-0.49850196	-0.032953892	-0.14436914	0.16099298	-0.5758954	0.30637708	-0.3828899	0.14221622	-0.23443398	0.27132267	-0.06604523	0.07247551	0.6107492	-0.4907679	-0.42852414	-0.42399043	0.069770254	-0.23211049	-0.22390984	0.09241973	0.07612868	0.37146994	0.097845934	0.20340618	0.12079215	-0.20971918	-0.6119937	0.17100766	-0.5229838	-0.44642207
-0.47781202	-0.0011500845	-0.1422101	0.16552411	-0.5547967	0.30966574	-0.38772336	0.13485606	-0.2596172	0.24248603	-0.06134145	0.05998789	0.60394627	-0.4707461	-0.4203661	-0.4156832	0.060534682	-0.23174171	-0.22137377	0.08214921	0.05371518	0.37632197	0.080453776	0.21698067	0.099817246	-0.22998956	-0.6008379	0.18194087	-0.51812863	-0.44561234
-0.4505847	-0.02244762	-0.13000095	0.16712666	-0.5388428	0.31214347	-0.35843277	0.11310924	-0.2371253	0.2482562	-0.06711871	0.06953349	0.568568	-0.46337515	-0.3971508	-0.39628878	0.06725358	-0.21189468	-0.19692	0.11029349	0.055613995	0.34665197	0.088686556	0.20984721	0.11497509	-0.20372657	-0.57891685	0.17340393	-0.4933412	-0.43845472
-0.5013649	-0.0010828085	-0.16467947	0.15614809	-0.5724477	0.30617654	-0.3926289	0.13754265	-0.25918916	0.2538523	-0.064722925	0.08817089	0.6062824	-0.46903327	-0.4347136	-0.40568838	0.058558688	-0.24899837	-0.2345326	0.08787689	0.061107114	0.37951776	0.102694094	0.2038609	0.12188171	-0.23548712	-0.61457944	0.16664991	-0.53177994	-0.4561139
-0.5047124	-0.0016412665	-0.14719613	0.16817902	-0.58509547	0.3070934	-0.38672274	0.15840527	-0.26055875	0.27832845	-0.06534271	0.06269211	0.62570626	-0.4898603	-0.45499894	-0.44486317	0.07225272	-0.24724126	-0.23030114	0.11191673	0.06494615	0.40349054	0.09285936	0.21247014	0.13156216	-0.24497999	-0.6520528	0.17589352	-0.55281705	-0.4594652
-0.47264335	-0.02567008	-0.15410289	0.17596139	-0.55724883	0.3238947	-0.38332617	0.11096838	-0.24032128	0.2582468	-0.069958284	0.07324752	0.623948	-0.45743728	-0.40024292	-0.4111919	0.077360116	-0.2319468	-0.2231375	0.08709464	0.07710208	0.39292705	0.09186975	0.20309629	0.118389934	-0.20418257	-0.5991301	0.19861288	-0.52974224	-0.44022653
-0.469102	-0.025125368	-0.1506119	0.1655006	-0.5301628	0.286954	-0.34396017	0.102942266	-0.21462618	0.22377016	-0.07188462	0.06932814	0.5826575	-0.43821305	-0.39406535	-0.39961305	0.055462014	-0.2220255	-0.195057	0.10519613	0.060111966	0.36115447	0.076614656	0.19822925	0.09573793	-0.20533629	-0.57759696	0.16758038	-0.5066438	-0.42268485
-0.4964907	-0.028391832	-0.14107957	0.1744348	-0.56133723	0.30656713	-0.37687212	0.13971092	-0.25641218	0.24452423	-0.07727102	0.08223219	0.60298526	-0.47053128	-0.4286444	-0.39636293	0.05560243	-0.21989262	-0.23700896	0.08841029	0.05923992	0.39524812	0.1146481	0.2196945	0.13143094	-0.2347386	-0.624156	0.19502941	-0.51815706	-0.42494574
-0.46956435	-0.013679787	-0.15735066	0.17602737	-0.5554781	0.3158673	-0.3836722	0.1282264	-0.24606249	0.24374512	-0.051995747	0.08656472	0.5933953	-0.45328298	-0.4098448	-0.42219588	0.07773292	-0.21784079	-0.20459948	0.11225411	0.07352192	0.39055	0.10000069	0.19983947	0.109217405	-0.22413583	-0.6088782	0.1789468	-0.5023284	-0.43496147
-0.514063	-0.006790938	-0.1565027	0.17373249	-0.58395123	0.30617175	-0.39540994	0.14003807	-0.27797535	0.27529448	-0.04839466	0.08766895	0.6225571	-0.4687741	-0.4377624	-0.4133922	0.061508793	-0.25415975	-0.21743168	0.08869975	0.0643035	0.39457056	0.09479119	0.19517045	0.10930186	-0.22828133	-0.6180118	0.18659614	-0.52150905	-0.44945702
-0.4992876	-0.019859781	-0.16067435	0.15095736	-0.6110648	0.33124143	-0.41151658	0.13721228	-0.27556482	0.25399092	-0.052602112	0.08508016	0.6466881	-0.50075006	-0.42542332	-0.4198583	0.08321528	-0.26151592	-0.23679554	0.09466452	0.06406628	0.41481748	0.107965454	0.23064141	0.13019376	-0.2421939	-0.64995474	0.17326735	-0.5675432	-0.48608136
-0.4486861	-0.028949348	-0.13992445	0.17849638	-0.54503775	0.30022305	-0.35078517	0.13677846	-0.21771736	0.25066167	-0.051778592	0.05947952	0.5731317	-0.45720014	-0.4047993	-0.4025593	0.051972486	-0.23682076	-0.20639515	0.079336725	0.07248727	0.37171936	0.09622649	0.18327072	0.12632094	-0.21655397	-0.5839037	0.1789202	-0.4993877	-0.4273346
-0.47255716	-0.014222088	-0.12299726	0.17550206	-0.5629474	0.31587344	-0.35200134	0.11046838	-0.23149092	0.256968	-0.045803927	0.049617052	0.6035999	-0.4813319	-0.39201295	-0.42321295	0.04048507	-0.2327506	-0.19580628	0.097348996	0.06830153	0.39217624	0.11309087	0.19287342	0.12360249	-0.1952627	-0.5952186	0.19565435	-0.5388132	-0.43351507
-0.55487597	-0.012778553	-0.1775512	0.1753133	-0.6435423	0.31784955	-0.39953396	0.16091207	-0.27236348	0.27970305	-0.06346456	0.073185645	0.6840274	-0.5262642	-0.47039437	-0.46012586	0.054733153	-0.26226118	-0.22961693	0.11652882	0.086881556	0.42788917	0.11483707	0.21941765	0.12314198	-0.26494795	-0.6678351	0.1894583	-0.59396553	-0.4969637
-0.5203877	-0.0103898235	-0.1537687	0.17353366	-0.6136879	0.31310984	-0.39938176	0.13735321	-0.29878753	0.2651652	-0.076582	0.083972484	0.6652118	-0.49262914	-0.47037283	-0.45496902	0.06429895	-0.2453977	-0.23091248	0.08229772	0.078009464	0.42743877	0.085604645	0.22089696	0.116204485	-0.25775304	-0.65267116	0.17421772	-0.56398237	-0.46535388
-0.5153812	-0.009144182	-0.14634731	0.16010457	-0.6253054	0.3269566	-0.39072412	0.1401129	-0.27533314	0.26542088	-0.05262464	0.07400626	0.6389672	-0.49462014	-0.44030726	-0.43520343	0.067603946	-0.2716309	-0.24268267	0.092894	0.058583528	0.3977396	0.10984717	0.21175501	0.10972143	-0.24147388	-0.6655244	0.18250531	-0.57451177	-0.47015345
-0.47275832	-0.018320456	-0.14165036	0.1731452	-0.54146415	0.31398955	-0.37155372	0.12221607	-0.22506055	0.24414112	-0.05660935	0.058466587	0.5985715	-0.4544818	-0.42185602	-0.40121865	0.049649134	-0.2412087	-0.22964439	0.08937541	0.06177874	0.36150247	0.111793615	0.18609366	0.12575403	-0.207319	-0.59225994	0.1675114	-0.49532044	-0.42315733
-0.443395	-0.034756064	-0.11764477	0.16657345	-0.5137166	0.26553187	-0.3410478	0.106864385	-0.21484253	0.23867255	-0.06284912	0.070323564	0.5733134	-0.43618193	-0.39463112	-0.3682743	0.07302275	-0.22748668	-0.20604333	0.08483742	0.064598195	0.36398157	0.10473587	0.19928539	0.121939726	-0.187507	-0.57601035	0.17033611	-0.49393228	-0.40835458
-0.5277458	-0.03244365	-0.1639938	0.16132721	-0.6130533	0.31875557	-0.39387095	0.120409004	-0.2666654	0.2692971	-0.07471056	0.08947073	0.63588387	-0.48013398	-0.43810102	-0.42629045	0.09315047	-0.251083	-0.24501285	0.10709667	0.06973876	0.39061776	0.099756025	0.19853918	0.11179865	-0.25668386	-0.6366338	0.17548288	-0.54460555	-0.48198846
-0.50435615	-0.021593526	-0.14154868	0.14994688	-0.5934921	0.31819013	-0.3897081	0.13358837	-0.26190993	0.26794487	-0.04965484	0.09161197	0.60884345	-0.45534426	-0.41981387	-0.43187198	0.06578404	-0.2589338	-0.20756303	0.0815651	0.07639843	0.3877494	0.083798885	0.21470347	0.11786562	-0.23352064	-0.6200873	0.18884528	-0.5468575	-0.4650519
-0.48570535	-0.019943802	-0.14292511	0.16762905	-0.5702728	0.3191321	-0.35300103	0.12209381	-0.23145153	0.2606265	-0.0532946	0.066382535	0.5830926	-0.44672212	-0.41584417	-0.41256914	0.06363859	-0.2292411	-0.23054768	0.0924302	0.04766559	0.39104486	0.08571974	0.20432076	0.12150977	-0.20738192	-0.61689764	0.18685055	-0.5249767	-0.43174368
-0.48393777	-0.02833544	-0.13376155	0.17764191	-0.5780879	0.2975882	-0.37796548	0.12626712	-0.23228906	0.24386893	-0.04733831	0.061247647	0.5949595	-0.4653558	-0.40746444	-0.40317634	0.07431715	-0.23804377	-0.22328365	0.11039423	0.06607404	0.38084072	0.082484916	0.21194392	0.12992452	-0.20534053	-0.61613256	0.18684578	-0.536908	-0.42381617
-0.46276483	-0.019938136	-0.13616645	0.15440798	-0.5584664	0.29077157	-0.37266815	0.13330556	-0.25150284	0.24571887	-0.07041024	0.053367734	0.59954035	-0.4587992	-0.4037208	-0.4122523	0.050895736	-0.21847108	-0.20428169	0.086496636	0.07632539	0.3692836	0.0937747	0.21537174	0.1297342	-0.21055494	-0.60786986	0.18056671	-0.50516284	-0.42089662
-0.51695937	-0.038632106	-0.13861783	0.17978053	-0.5762849	0.31802443	-0.3797676	0.118304685	-0.2445555	0.25257087	-0.053529486	0.09030341	0.63610834	-0.4852716	-0.43741882	-0.42834413	0.0825688	-0.24153464	-0.24090375	0.1019569	0.058289036	0.39947316	0.11762193	0.20715266	0.10630351	-0.2479333	-0.64012235	0.18645048	-0.53931516	-0.47808722
-0.45934713	-0.03920671	-0.12483568	0.17703576	-0.53278065	0.30981183	-0.34828106	0.11278835	-0.21923552	0.24972649	-0.06493374	0.0506538	0.5809384	-0.46470898	-0.38374156	-0.4028427	0.051449582	-0.22760418	-0.21481518	0.11213277	0.054729924	0.37111232	0.074278854	0.18668239	0.10855779	-0.20929904	-0.5903942	0.19154954	-0.5194577	-0.4289672
-0.46887794	-0.020090269	-0.12045297	0.15732014	-0.5150511	0.30089286	-0.3420322	0.11772034	-0.21759827	0.24879493	-0.040833116	0.05687119	0.56031096	-0.43109146	-0.3810361	-0.36763185	0.049464826	-0.21068385	-0.1970077	0.0804779	0.05408484	0.3696757	0.08778738	0.1926955	0.096564494	-0.19380274	-0.55571055	0.15494856	-0.48075318	-0.42135924
-0.48516425	-0.01148602	-0.16131869	0.16966912	-0.57718104	0.31057984	-0.38690558	0.12843946	-0.25618038	0.23852198	-0.04712671	0.06751104	0.6177598	-0.4845291	-0.41991425	-0.40802422	0.07079944	-0.24062258	-0.22385071	0.10641472	0.052233275	0.38193205	0.10986531	0.19036447	0.10678845	-0.2118842	-0.61269313	0.1799581	-0.5108019	-0.45063284
-0.44368625	-0.033132106	-0.14768702	0.15879421	-0.54092985	0.29053092	-0.35486132	0.12997593	-0.24332355	0.22992618	-0.06052767	0.055881385	0.5604277	-0.44060808	-0.39447156	-0.38203922	0.0730437	-0.22314496	-0.19073072	0.10332957	0.048658017	0.35171393	0.10355928	0.20116562	0.122007236	-0.20338756	-0.5603855	0.17854778	-0.49167934	-0.40614206
-0.4642651	-0.03523361	-0.13437493	0.16906497	-0.5441578	0.28803337	-0.35675398	0.13469467	-0.25494313	0.25060332	-0.07533171	0.07201611	0.5938194	-0.44646037	-0.3929597	-0.39490268	0.059865303	-0.22402011	-0.22409159	0.10296629	0.053692285	0.38362896	0.09084315	0.19350587	0.11855584	-0.20254816	-0.58860606	0.1939386	-0.5193538	-0.41507483
-0.50817275	-0.015805842	-0.14621246	0.15050457	-0.60515255	0.30393377	-0.38113257	0.13096759	-0.27107543	0.26200348	-0.06838793	0.08461116	0.6258872	-0.47107413	-0.41645813	-0.4198438	0.06651707	-0.24729866	-0.2221107	0.09030769	0.06688877	0.39114484	0.10198871	0.22116974	0.12665561	-0.22768068	-0.6127015	0.18070678	-0.5334407	-0.47321972
-0.5070765	-0.0117462985	-0.14339137	0.1690655	-0.59896564	0.31916288	-0.38674074	0.15008378	-0.2862595	0.25679532	-0.053470712	0.07290042	0.6326535	-0.48498088	-0.43465495	-0.43525282	0.08578441	-0.23667191	-0.21979085	0.103654616	0.057711408	0.38837385	0.08261019	0.22697555	0.11424186	-0.24894112	-0.609117	0.17436013	-0.5251037	-0.46599767
-0.461886	-0.035301656	-0.13356678	0.16405551	-0.5540271	0.2969588	-0.34989762	0.12979028	-0.22771664	0.25307173	-0.06571014	0.06048029	0.5958057	-0.45216253	-0.38672668	-0.38547182	0.069992825	-0.21928102	-0.20842132	0.095225	0.053596504	0.35707673	0.10666413	0.18263604	0.12331995	-0.21800657	-0.6014567	0.19216348	-0.512724	-0.42915097
-0.46539882	-0.019083435	-0.13828823	0.17190495	-0.5493976	0.29146877	-0.34416318	0.12455814	-0.22217622	0.23258774	-0.04730576	0.074670725	0.59240294	-0.4325286	-0.3929242	-0.38962317	0.06714623	-0.22394937	-0.1985844	0.107173264	0.06193021	0.37493536	0.08360545	0.19001564	0.11658467	-0.2051366	-0.5963166	0.17648071	-0.49044132	-0.41252747
-0.4498837	-0.03471314	-0.123881	0.17346025	-0.5323311	0.30057833	-0.34028488	0.13257705	-0.2317351	0.2515276	-0.046403773	0.055812813	0.5691849	-0.45617464	-0.3796467	-0.402976	0.05923388	-0.21127842	-0.19325045	0.109855674	0.06745658	0.36450407	0.07378209	0.20629781	0.091070876	-0.21932893	-0.5944349	0.15735754	-0.504113	-0.40610114
-0.46096084	-0.03273415	-0.12932743	0.16333236	-0.5605573	0.3051502	-0.3596979	0.13899763	-0.24217632	0.2507384	-0.05028138	0.077803016	0.5734206	-0.4561176	-0.39102635	-0.38481498	0.053659204	-0.23286937	-0.22655216	0.107369035	0.054564737	0.35779563	0.10681144	0.21354134	0.11334816	-0.21169074	-0.60527545	0.16047321	-0.5106873	-0.4300217
-0.4651932	-0.040813815	-0.1523024	0.17070623	-0.5582104	0.30947146	-0.3519633	0.10931804	-0.23272626	0.24512671	-0.058368105	0.079211965	0.60848194	-0.45447168	-0.39441964	-0.3852391	0.058695044	-0.21373688	-0.23096259	0.09703723	0.07626251	0.38127527	0.07806041	0.20596974	0.10404352	-0.22255324	-0.5889636	0.17035317	-0.5200239	-0.4194845
-0.4487327	-0.009838448	-0.12601714	0.16177623	-0.5184067	0.29099044	-0.33899078	0.12851453	-0.23239447	0.23307166	-0.04490503	0.072855726	0.55404377	-0.42471802	-0.38706157	-0.38264924	0.05523851	-0.22165836	-0.20291002	0.07399372	0.07016736	0.32963684	0.076077186	0.19949521	0.11449774	-0.21448219	-0.56656927	0.14995937	-0.4709821	-0.41573706
-0.46623185	-0.0025291857	-0.15353194	0.15513349	-0.5733676	0.2903014	-0.35405153	0.13786162	-0.23268314	0.23380968	-0.06766798	0.094142094	0.58644605	-0.43298888	-0.39848667	-0.40385264	0.06639619	-0.23844479	-0.22940896	0.09936311	0.08143624	0.3560583	0.10919613	0.1854389	0.11118567	-0.21424364	-0.6058256	0.17097144	-0.51263976	-0.42807344
-0.4958985	-0.03371081	-0.14549775	0.15718772	-0.5926947	0.3017176	-0.37400004	0.122709304	-0.26164055	0.2695444	-0.05760973	0.08154806	0.6098046	-0.463808	-0.42026243	-0.41981763	0.09636461	-0.24563819	-0.24494165	0.09478037	0.08220278	0.37479433	0.1046665	0.19521263	0.13841072	-0.24526365	-0.6308178	0.18532988	-0.52681535	-0.45989588
-0.49249807	-0.0045863637	-0.13371941	0.16556661	-0.58437806	0.29751465	-0.39223903	0.13195479	-0.27461165	0.27714708	-0.07505494	0.09568278	0.6388271	-0.46833184	-0.43153995	-0.43029687	0.08872516	-0.27194965	-0.23445858	0.09606592	0.083249815	0.3950688	0.09583024	0.20901099	0.13581178	-0.25344887	-0.6169435	0.19838336	-0.56291616	-0.45978904
-0.48751986	-0.027727954	-0.14930372	0.14346446	-0.5801526	0.29944646	-0.39001903	0.12237705	-0.26279262	0.27038798	-0.07186575	0.09482578	0.6276754	-0.45469052	-0.41540188	-0.4269167	0.1001034	-0.2531091	-0.23968612	0.096045166	0.088606566	0.38145542	0.114494465	0.2123567	0.13020584	-0.22295873	-0.6303124	0.17189775	-0.53762376	-0.46550593
-0.5256059	-0.02871233	-0.16712666	0.18148372	-0.6354223	0.3461658	-0.416844	0.14308128	-0.30076754	0.2951	-0.077824175	0.10668809	0.67034996	-0.4943573	-0.46787754	-0.44678977	0.08711086	-0.28089315	-0.25092617	0.09512246	0.09371762	0.42264077	0.10208005	0.23105681	0.14889209	-0.26410162	-0.6876309	0.20090301	-0.5931744	-0.47939134
-0.5360574	-0.021662528	-0.17110056	0.1742165	-0.61913484	0.3111508	-0.40103367	0.14140777	-0.27825937	0.26240984	-0.061168287	0.074839175	0.66804713	-0.5007675	-0.4518785	-0.42696702	0.09582365	-0.27226773	-0.25686818	0.10093609	0.07555098	0.40408948	0.12192958	0.21682963	0.14499496	-0.26641247	-0.67377913	0.2005395	-0.5712328	-0.49636012
-0.5079666	-0.012204775	-0.15438692	0.16488613	-0.57883155	0.31265333	-0.37089688	0.14066453	-0.2767304	0.2698192	-0.07135522	0.061194826	0.61241	-0.47242537	-0.4154853	-0.42820108	0.069280736	-0.23347118	-0.2087455	0.08628278	0.078230195	0.37749034	0.096434824	0.21087277	0.10901392	-0.24666168	-0.61920303	0.16355233	-0.54550064	-0.44389862
-0.4874875	-0.039219987	-0.15128425	0.17156598	-0.5644265	0.31416792	-0.377735	0.11247049	-0.22589344	0.23297775	-0.043216694	0.082179636	0.59536535	-0.44745934	-0.39165908	-0.41048583	0.05455937	-0.21108511	-0.2231023	0.08341823	0.0678404	0.35747436	0.10296801	0.20763344	0.10533053	-0.20201948	-0.6006326	0.16605814	-0.5277948	-0.43920988
-0.48072916	-0.042567153	-0.1294107	0.17742269	-0.58762187	0.30665815	-0.37629622	0.12008693	-0.23391849	0.26289633	-0.053397227	0.06309036	0.6181092	-0.47418848	-0.40892425	-0.4109318	0.051417608	-0.2521461	-0.23306641	0.1035849	0.06176992	0.3971935	0.10108477	0.19976243	0.13183856	-0.21447499	-0.62338483	0.1943773	-0.5396369	-0.4528781
-0.47440115	-0.0024637142	-0.14502287	0.16808161	-0.5421012	0.28520468	-0.3723249	0.11967389	-0.2465414	0.25427482	-0.061501894	0.06562603	0.57745427	-0.44935513	-0.4092064	-0.3766273	0.08137974	-0.22594401	-0.21203618	0.10742664	0.0640791	0.3567683	0.10362946	0.20121582	0.103914686	-0.20660216	-0.5912612	0.17822625	-0.49659306	-0.42411372
-0.45760682	-0.0282768	-0.12138015	0.17143683	-0.5203315	0.29519472	-0.36224687	0.11394879	-0.24406864	0.22536577	-0.05025147	0.07035142	0.5654959	-0.45988727	-0.40796202	-0.37186787	0.059994545	-0.219655	-0.19333261	0.09541972	0.04469572	0.37395176	0.10610075	0.17918473	0.10473593	-0.19544432	-0.59199136	0.16866313	-0.50561064	-0.40172833
-0.46061325	-0.007828666	-0.15355709	0.15323777	-0.5366276	0.27662852	-0.36615372	0.10852217	-0.23236814	0.2258658	-0.055764243	0.06493141	0.5859607	-0.4638895	-0.40793428	-0.3760915	0.059007365	-0.23604564	-0.20360419	0.09850323	0.05359886	0.35145077	0.09287615	0.20934185	0.09697569	-0.20412876	-0.59677434	0.16427824	-0.4878046	-0.41773415
-0.5076444	-0.009213375	-0.16151913	0.18715616	-0.61424685	0.32573515	-0.37900603	0.13495378	-0.28766885	0.26829013	-0.05102186	0.07884352	0.64993995	-0.48241645	-0.45195723	-0.43924925	0.07395887	-0.24389666	-0.22429499	0.11023248	0.071586564	0.38767847	0.10614598	0.2230373	0.135932	-0.23494889	-0.63623124	0.17743708	-0.5723656	-0.45818865
-0.52010345	-0.03145293	-0.15117492	0.1489147	-0.5952096	0.31014925	-0.38209653	0.13655965	-0.26062262	0.2687336	-0.057104573	0.08616031	0.62449354	-0.46638715	-0.42575067	-0.4242609	0.0829744	-0.25419277	-0.22006269	0.11277958	0.07908241	0.40636668	0.11848315	0.22757559	0.13956167	-0.23811992	-0.62990093	0.17134617	-0.5669926	-0.4672296
-0.4848275	-0.034811333	-0.1301189	0.17641129	-0.56014365	0.3151892	-0.36164114	0.11694365	-0.24499016	0.24154131	-0.06991024	0.07373507	0.57461894	-0.45859563	-0.41374165	-0.41292566	0.05569162	-0.23317994	-0.2108458	0.10702877	0.07560738	0.38015413	0.09924979	0.19176279	0.107466765	-0.21644378	-0.5996718	0.18271168	-0.52161235	-0.41890374
-0.47101796	-0.028445091	-0.12853585	0.14709488	-0.5537579	0.30667278	-0.35644516	0.11650687	-0.25219214	0.26366922	-0.04706059	0.064395845	0.60970813	-0.47016042	-0.42265368	-0.38794833	0.05086666	-0.22355343	-0.22768898	0.0942418	0.05202473	0.36439455	0.09050641	0.1988971	0.11034107	-0.2092185	-0.6009197	0.16613634	-0.51924956	-0.43506435
-0.45452034	-0.028912645	-0.1272768	0.16427425	-0.5195489	0.2943498	-0.3476884	0.10386559	-0.23580498	0.23135038	-0.060633823	0.05276167	0.5691583	-0.44137976	-0.37437037	-0.38431385	0.051389504	-0.22902812	-0.21046725	0.08288734	0.07205957	0.35994336	0.09039549	0.17840908	0.09051356	-0.20396021	-0.563858	0.17454167	-0.4795137	-0.41497514
-0.47408453	-0.025534745	-0.12907037	0.15907112	-0.54455334	0.29538953	-0.37976938	0.117562436	-0.23046196	0.23778382	-0.067938596	0.058854282	0.6029968	-0.4697796	-0.4114878	-0.390355	0.074962795	-0.23421852	-0.2290916	0.08747205	0.052987523	0.36387017	0.101860166	0.19650413	0.10522811	-0.23113993	-0.61451805	0.18954936	-0.50144374	-0.43477994
-0.45925257	-0.010369041	-0.14244711	0.16591918	-0.5063444	0.28952557	-0.336825	0.13627124	-0.22005394	0.24186788	-0.068933174	0.06377181	0.5466463	-0.4186541	-0.39933679	-0.39225712	0.0697852	-0.21589126	-0.21778764	0.093794666	0.057709567	0.33742315	0.09072008	0.17458044	0.11378253	-0.21837279	-0.5623794	0.17164043	-0.4900489	-0.41750774
-0.33035028	-0.018407987	-0.10536863	0.1078384	-0.4007868	0.21179977	-0.2735658	0.09752302	-0.16088466	0.18884967	-0.05332353	0.046809413	0.44373536	-0.32468617	-0.2991833	-0.28494152	0.05934222	-0.17875327	-0.15345477	0.053700194	0.05454366	0.28225598	0.059799973	0.14901364	0.08796736	-0.16831303	-0.43326062	0.13127764	-0.3667744	-0.30704618
-0.46491304	-0.02460236	-0.14520273	0.16890149	-0.525312	0.30023387	-0.3573971	0.13612753	-0.21214023	0.22965887	-0.06326483	0.06524482	0.55715346	-0.43998438	-0.39096445	-0.3702779	0.06554111	-0.20198514	-0.19089235	0.10817002	0.05275801	0.36004627	0.09914318	0.17522319	0.11848398	-0.21884821	-0.5661884	0.1742143	-0.48390356	-0.42297038
-0.5171649	-0.011786839	-0.16294341	0.19280484	-0.585611	0.29917058	-0.3819544	0.14418572	-0.2553531	0.24059045	-0.06630226	0.08224623	0.6323314	-0.48083124	-0.44056952	-0.43251073	0.05263593	-0.25125065	-0.23246458	0.105562314	0.0458731	0.4044908	0.092223436	0.20231363	0.11436889	-0.2357383	-0.6327021	0.18703386	-0.54683316	-0.4607522
-0.4106471	-0.025789298	-0.13536508	0.14998572	-0.5047445	0.26904255	-0.3435905	0.0993292	-0.2165424	0.2244852	-0.0598551	0.07348062	0.54924124	-0.3945413	-0.3535872	-0.35448912	0.04339893	-0.21838485	-0.18879142	0.08051387	0.040757515	0.3239739	0.09496421	0.16965179	0.10538693	-0.20698349	-0.5337401	0.16887055	-0.45800307	-0.37810302
-0.43244234	-0.010668451	-0.14189501	0.1560652	-0.5079536	0.2653167	-0.3239175	0.1086542	-0.20466907	0.20712432	-0.047463167	0.06694345	0.52095276	-0.43005955	-0.38451973	-0.37860975	0.05482292	-0.2128771	-0.18888617	0.09496899	0.054913227	0.3247191	0.07019302	0.1892915	0.096179806	-0.20248835	-0.541437	0.1696949	-0.4695766	-0.39182556
-0.42633498	-0.004132276	-0.124015726	0.14817971	-0.5265232	0.287454	-0.3278882	0.11386222	-0.21680479	0.23855458	-0.055124223	0.07339311	0.56299776	-0.4397965	-0.387822	-0.37383026	0.05101752	-0.20363	-0.21067765	0.094957404	0.064696275	0.32692748	0.1048004	0.18844469	0.12171224	-0.21697858	-0.54013926	0.18205127	-0.478299	-0.39106876
-0.49692094	-0.0072424132	-0.13746096	0.15646252	-0.5570494	0.31600684	-0.37050426	0.14191698	-0.2669094	0.24419942	-0.07525144	0.073168024	0.5870882	-0.45639905	-0.42341918	-0.42327863	0.0782344	-0.23288724	-0.20831479	0.07925164	0.060637273	0.3898781	0.081671156	0.2068528	0.1070769	-0.22851023	-0.6222292	0.1664186	-0.5308794	-0.42724138
-0.46244708	-0.034142	-0.13891356	0.14328182	-0.5268518	0.27099797	-0.35847986	0.108665	-0.23958592	0.24717484	-0.055394035	0.050023016	0.5617444	-0.42227188	-0.39531487	-0.39187813	0.0719647	-0.20934662	-0.20598286	0.085404456	0.056787316	0.3477171	0.08652959	0.18954508	0.10013538	-0.19157614	-0.57341945	0.1836825	-0.46886566	-0.395579
-0.43041506	-0.011129821	-0.12634142	0.16605455	-0.5078083	0.27375326	-0.35339326	0.10994042	-0.219395	0.23126042	-0.05908418	0.06989999	0.55309147	-0.41487318	-0.38518924	-0.36302146	0.06102134	-0.22686788	-0.20759653	0.096066386	0.041007437	0.32873082	0.08165572	0.20079523	0.10526944	-0.21321422	-0.56341726	0.14885226	-0.4830444	-0.38232455
-0.43836847	-0.029816141	-0.13570404	0.17264353	-0.51976514	0.28939503	-0.33885026	0.12615183	-0.24111538	0.2473226	-0.07297245	0.063763715	0.5756859	-0.438679	-0.38994417	-0.39400315	0.057553407	-0.22726482	-0.21615814	0.09393137	0.043173302	0.3650275	0.08888661	0.19515353	0.11440156	-0.21494804	-0.55386686	0.15536164	-0.47784576	-0.4068035
-0.451422	-0.02260888	-0.11843131	0.15549909	-0.53108066	0.28741264	-0.33630732	0.1321336	-0.21633093	0.22057395	-0.07390343	0.0641048	0.5566018	-0.41958615	-0.38460624	-0.38346854	0.07325992	-0.20769423	-0.19056171	0.10477743	0.055064794	0.34410566	0.097996004	0.19022053	0.1040838	-0.19282801	-0.57377774	0.1615438	-0.4961542	-0.41582298
-0.4266486	-0.03596395	-0.120439045	0.15006313	-0.47057608	0.27650085	-0.3282364	0.11413879	-0.19952258	0.21357097	-0.036575366	0.075612284	0.51187813	-0.3927788	-0.35558483	-0.35525155	0.037359092	-0.18319137	-0.2000768	0.08563102	0.064087875	0.3218446	0.091631815	0.17818771	0.095692605	-0.19142272	-0.5348723	0.14655429	-0.43871742	-0.3796238
-0.4275386	-0.036173284	-0.111489184	0.1494683	-0.49804032	0.25592855	-0.33417574	0.12652719	-0.20907	0.20420052	-0.0558949	0.055143133	0.53473353	-0.40318277	-0.36635298	-0.35984963	0.06562381	-0.2164704	-0.19741736	0.100667536	0.049342774	0.32514212	0.08740543	0.1760323	0.10236905	-0.20403711	-0.5252456	0.17495221	-0.448652	-0.37920704
-0.4775076	-0.014149	-0.13294616	0.17637382	-0.5209168	0.30043948	-0.35619873	0.13788238	-0.2157436	0.23910722	-0.07456056	0.07409548	0.57037485	-0.45428026	-0.41297472	-0.39895675	0.04802883	-0.21827295	-0.21647905	0.08091212	0.058132917	0.37140268	0.08347102	0.20334765	0.102792285	-0.21808282	-0.57978487	0.17324027	-0.48959908	-0.42194608
-0.4343784	-0.0075766062	-0.14380692	0.16503543	-0.5249781	0.27582029	-0.34110072	0.13408865	-0.233226	0.21696152	-0.05491868	0.054136917	0.5636643	-0.43697065	-0.3716477	-0.3686876	0.05047296	-0.22671883	-0.21210791	0.078998186	0.063159354	0.35501173	0.0787183	0.19818349	0.119799435	-0.2163964	-0.5792335	0.18310004	-0.48679087	-0.42198363
-0.451118	-0.030459888	-0.13130575	0.14600362	-0.51314455	0.30197576	-0.36028725	0.12952933	-0.21719004	0.23970391	-0.053990904	0.07518668	0.55587333	-0.45099452	-0.3954564	-0.36822346	0.065478034	-0.22016983	-0.20735943	0.08189293	0.06402169	0.36862874	0.07757641	0.18597634	0.098677926	-0.20145339	-0.5583357	0.18035227	-0.4832673	-0.39465776
-0.45259354	-0.030601824	-0.12629034	0.16951329	-0.5419997	0.27639043	-0.3618312	0.123847134	-0.21315788	0.22449797	-0.049508255	0.066360995	0.5640453	-0.42271873	-0.3871657	-0.3860825	0.041977014	-0.22986646	-0.19214532	0.079600684	0.05374426	0.3645478	0.09210288	0.18314804	0.09253696	-0.21467051	-0.56612265	0.1732792	-0.49517208	-0.40793857
-0.43889707	-0.027613748	-0.1295793	0.16048416	-0.5059926	0.28922674	-0.3491981	0.124429554	-0.21586804	0.2408937	-0.0625957	0.052003276	0.5468	-0.4144378	-0.37442827	-0.35863385	0.054411817	-0.21080711	-0.20102206	0.10269233	0.062065598	0.3460814	0.104883395	0.19411601	0.10822345	-0.18834002	-0.5609843	0.16125251	-0.49435857	-0.41667598
-0.4428717	-0.037433695	-0.14451928	0.1610893	-0.5286307	0.28669223	-0.34862062	0.1236474	-0.21339682	0.22632459	-0.057849422	0.06452544	0.5743772	-0.4469234	-0.38731188	-0.3919491	0.05243896	-0.23193829	-0.19111699	0.09872895	0.05558129	0.3445408	0.10037511	0.20126857	0.10862808	-0.20797335	-0.56649554	0.16080225	-0.50378865	-0.39579853
-0.46731254	-0.033476777	-0.14943734	0.16483675	-0.5279237	0.29420367	-0.3494769	0.12801309	-0.22670007	0.22145809	-0.043360278	0.068422005	0.57508636	-0.42511553	-0.37591028	-0.37334543	0.051300522	-0.21739732	-0.21973142	0.10687087	0.06885472	0.3677485	0.080277175	0.2091713	0.11532445	-0.21095185	-0.59123755	0.17569856	-0.49065828	-0.39917007
-0.49065027	-0.026135458	-0.15922144	0.14337781	-0.55609375	0.28364092	-0.37388045	0.12546572	-0.2521962	0.26295564	-0.064241916	0.07893821	0.60645527	-0.45846733	-0.41810033	-0.39791492	0.091957726	-0.2290283	-0.21527857	0.10466964	0.07047977	0.3572032	0.10911939	0.1962496	0.11535437	-0.22676693	-0.61795735	0.1739724	-0.52655977	-0.43332937
-0.47979984	-0.013381757	-0.13326855	0.14702639	-0.55600643	0.30303016	-0.35688853	0.12354186	-0.26437747	0.26587063	-0.075579464	0.07942175	0.6049207	-0.4698966	-0.40407807	-0.39482638	0.07306777	-0.25767994	-0.22827542	0.09525317	0.056252867	0.3616328	0.09554092	0.20555428	0.12714133	-0.23452625	-0.6069455	0.16431881	-0.5369738	-0.4537658
-0.491318	-0.025708938	-0.15851551	0.16137464	-0.55092156	0.28910047	-0.38511825	0.13724476	-0.23802622	0.25320125	-0.060607117	0.08890105	0.61168635	-0.47297516	-0.4093284	-0.40455818	0.058472488	-0.22407708	-0.21711284	0.10315574	0.06147915	0.36036298	0.09786846	0.19950531	0.11292478	-0.20662172	-0.61001265	0.17401968	-0.5255103	-0.42136273
-0.47323883	-0.021838352	-0.15253575	0.1800467	-0.53641826	0.2907828	-0.36083832	0.13510002	-0.22663788	0.25509787	-0.041777894	0.085777186	0.58984613	-0.45083508	-0.4068016	-0.38284993	0.05727226	-0.21463831	-0.20887694	0.10668738	0.078111224	0.3604374	0.08325335	0.20933686	0.10923224	-0.2196835	-0.59031624	0.16646855	-0.5020195	-0.4254988
-0.5063844	-0.025546439	-0.13258913	0.15458351	-0.59763867	0.31109586	-0.40011185	0.12358142	-0.27917022	0.27562076	-0.0739756	0.08482249	0.6364714	-0.4643718	-0.42317444	-0.41459015	0.06816049	-0.2673045	-0.24194486	0.09588036	0.06701841	0.4008389	0.10966557	0.22255677	0.11489948	-0.23153006	-0.61441636	0.17745459	-0.52771306	-0.45792192
-0.47748128	-0.008157258	-0.1357435	0.16447362	-0.586224	0.28843817	-0.38313445	0.12566854	-0.25974926	0.25038716	-0.047947936	0.06207426	0.6106555	-0.4561489	-0.40205002	-0.4130452	0.09025956	-0.2361155	-0.21527132	0.08999413	0.06644677	0.393657	0.084945604	0.22026071	0.112310216	-0.22800267	-0.59484935	0.16970289	-0.5286386	-0.4330955
-0.48847532	-0.031187557	-0.1421248	0.16704743	-0.5433935	0.3019159	-0.35750142	0.1215547	-0.23216765	0.23455963	-0.047438346	0.08435543	0.5805383	-0.4500424	-0.39216113	-0.39122558	0.08189652	-0.24251798	-0.22231553	0.10711388	0.07531969	0.38232622	0.09225402	0.21648462	0.10529915	-0.21435586	-0.58619523	0.1582161	-0.50600296	-0.42700225
-0.50380236	0.0016509211	-0.1532894	0.15562515	-0.5921318	0.2909813	-0.3824816	0.124310546	-0.25986314	0.2447335	-0.0750808	0.081191316	0.6260734	-0.45707738	-0.44086662	-0.41145465	0.056875385	-0.23200479	-0.22595148	0.07892958	0.080534376	0.39847264	0.096359074	0.19591086	0.12514079	-0.24185924	-0.6217396	0.17325582	-0.52018875	-0.4622916
-0.48816663	-0.013277562	-0.15735541	0.15518393	-0.5945213	0.314058	-0.3870053	0.14759065	-0.27387527	0.26348984	-0.051316444	0.063232005	0.62711793	-0.4724304	-0.44344643	-0.42313272	0.05762768	-0.25384986	-0.2353736	0.09371345	0.07121312	0.3802914	0.094904564	0.21653792	0.13478547	-0.2503872	-0.6125804	0.1883137	-0.5607352	-0.46057928
-0.4933013	-0.013924194	-0.1547159	0.16439313	-0.56031847	0.3160866	-0.36384645	0.13959718	-0.25546816	0.26968744	-0.058087718	0.057899673	0.6109344	-0.458766	-0.43172124	-0.4224749	0.05457414	-0.25370106	-0.20768295	0.08518641	0.05554059	0.37386423	0.09850256	0.18669884	0.11465941	-0.21410927	-0.6200052	0.18934269	-0.53279155	-0.4528362
-0.4195993	-0.017635057	-0.13441117	0.13018312	-0.47314912	0.26835853	-0.31355253	0.114833	-0.20088707	0.19762997	-0.058534436	0.058182742	0.5030933	-0.39830652	-0.36274612	-0.33207712	0.043564864	-0.1987928	-0.17944445	0.0929844	0.06726815	0.3130044	0.0803625	0.16289005	0.081264995	-0.19854687	-0.5206085	0.15919746	-0.4456213	-0.37019494
-0.43491083	-0.03627938	-0.12667799	0.17562161	-0.5402221	0.30243698	-0.32878372	0.1325172	-0.24291383	0.22990327	-0.049246456	0.05403286	0.5609398	-0.43335846	-0.3831584	-0.38173825	0.042543106	-0.20519437	-0.19323017	0.08925097	0.056417115	0.34931606	0.09050923	0.18771566	0.11826618	-0.20539065	-0.5607502	0.18069875	-0.49671692	-0.41941592
-0.42517358	-0.015427485	-0.13158837	0.14139378	-0.52365047	0.26224348	-0.33580896	0.115360014	-0.22769825	0.24229757	-0.0595558	0.06990915	0.5582311	-0.4244367	-0.3865668	-0.39018786	0.06125886	-0.20034237	-0.21275519	0.08021436	0.045752518	0.35757306	0.09387797	0.17403062	0.098254055	-0.19262622	-0.56770366	0.14956467	-0.49211705	-0.40171236
-0.47661793	-0.009062562	-0.123180665	0.16395232	-0.5430034	0.2923609	-0.3658404	0.12600404	-0.2333169	0.24492629	-0.0704188	0.07150754	0.59438854	-0.44091982	-0.40289158	-0.4014511	0.066604584	-0.22877297	-0.2162662	0.1062972	0.044251494	0.36689973	0.08256748	0.2021582	0.1060272	-0.20270601	-0.58923894	0.16966428	-0.48774543	-0.42990655
-0.46067712	-0.010387552	-0.12663853	0.1499472	-0.5398623	0.3173071	-0.35747015	0.11993822	-0.2407143	0.24580608	-0.061777525	0.06643149	0.5836989	-0.4716173	-0.4084077	-0.3971761	0.07419067	-0.24750702	-0.20921117	0.0914403	0.06792886	0.35853726	0.10939417	0.2155421	0.12989122	-0.20709935	-0.59613216	0.18820345	-0.5049184	-0.43578827
-0.45963234	-0.007675352	-0.14656499	0.1468413	-0.5408615	0.28140292	-0.32987422	0.106343456	-0.21654911	0.23759508	-0.070247725	0.060351565	0.5665285	-0.44276583	-0.37828276	-0.38140255	0.05594826	-0.23210995	-0.18703558	0.10108066	0.06515507	0.35186926	0.09735228	0.17773251	0.094697915	-0.20888163	-0.5831785	0.18129423	-0.47075206	-0.41519073
-0.4855562	-0.03829743	-0.14314078	0.17125978	-0.547009	0.2862839	-0.35710984	0.12065554	-0.23261943	0.25660706	-0.053091284	0.06506696	0.60432255	-0.45976257	-0.41178226	-0.38733476	0.06900543	-0.21867234	-0.21837416	0.10955733	0.052595463	0.3758822	0.09770024	0.2094016	0.09601121	-0.22395222	-0.6029967	0.18529499	-0.52164227	-0.44704345
-0.4683504	-0.033276323	-0.12777908	0.14896359	-0.51627046	0.2889161	-0.3674045	0.13016382	-0.23009422	0.21887705	-0.06991634	0.06209326	0.5682859	-0.43263832	-0.38615882	-0.39803407	0.06299792	-0.2263766	-0.21686767	0.10279941	0.048853006	0.33910805	0.109328195	0.19895756	0.10266229	-0.19133493	-0.5783834	0.15666543	-0.49722767	-0.41130817
-0.5065646	-0.0041979933	-0.16045065	0.14995943	-0.60854435	0.2990201	-0.3817928	0.12816319	-0.28273228	0.27072957	-0.051968392	0.08430984	0.634958	-0.48801023	-0.44553536	-0.4225416	0.06125171	-0.25329903	-0.20853055	0.08426362	0.07390385	0.39339077	0.10850669	0.22728021	0.112664334	-0.25807193	-0.6403767	0.20158577	-0.55445397	-0.45816496
-0.50282806	-0.004313589	-0.15675691	0.1623864	-0.5750312	0.29609403	-0.38089725	0.15256305	-0.2745484	0.26135087	-0.062557146	0.06710929	0.5900032	-0.46821055	-0.4225646	-0.42218772	0.07794403	-0.23018226	-0.21025597	0.083240606	0.079397716	0.3818701	0.102810055	0.19376287	0.10929353	-0.24048978	-0.6293662	0.19234793	-0.54377514	-0.44986832
-0.52307785	-0.026666049	-0.14506018	0.16202012	-0.600102	0.32209814	-0.39992115	0.1356468	-0.281396	0.27045166	-0.053917166	0.07722751	0.63023084	-0.48103932	-0.43428263	-0.43954986	0.06237382	-0.25433344	-0.24072146	0.10117873	0.055826753	0.3858473	0.08324674	0.21561107	0.1043972	-0.225943	-0.6327516	0.17230141	-0.5374964	-0.4429674
-0.46783668	-0.017992152	-0.13703981	0.15519531	-0.5459152	0.3078928	-0.355198	0.13956536	-0.21916378	0.24497806	-0.04953717	0.06371396	0.5711848	-0.43319958	-0.39480665	-0.379372	0.06019504	-0.21627313	-0.21488072	0.10327629	0.059095234	0.36750472	0.09705135	0.1860586	0.10385055	-0.22814113	-0.58333504	0.19109115	-0.49022502	-0.43077517
-0.4235996	-0.022723343	-0.14005944	0.15372093	-0.48305765	0.26263723	-0.32293376	0.120794974	-0.21890916	0.22912347	-0.06919393	0.06307017	0.5217335	-0.42561132	-0.36668	-0.3458935	0.06765483	-0.20433472	-0.17520885	0.10139328	0.052709986	0.31933656	0.069095664	0.19582914	0.09956363	-0.19451755	-0.52828556	0.16432863	-0.44395733	-0.3806928
-0.4499778	-0.019397862	-0.12276659	0.17576249	-0.53656906	0.2994235	-0.3594471	0.10280018	-0.21173564	0.21623959	-0.07083699	0.06530884	0.55871445	-0.44898182	-0.37613	-0.3732382	0.048653357	-0.20107059	-0.20095219	0.10717941	0.042576436	0.3451704	0.10374528	0.18293063	0.09388477	-0.21861562	-0.56198794	0.1807786	-0.48114872	-0.41972336
