0.028359614	0.15247248	-0.34825867	-0.36080462	-0.6211284	-0.23283435	-0.027409071	-0.49647024	0.18613435	-0.3984372	-0.49484634	0.09606998	0.13415375	-0.2405745	0.35610837	-0.1397668	-0.23694839	0.54061407	0.501461	0.6777177	-0.28274092	0.11092474	-0.35973203	-0.07386278	-0.1429595	-0.19627742	0.41901863	-0.3025724	-0.34481025	0.09695695
0.011085212	0.18394558	-0.32733995	-0.3351288	-0.638659	-0.24781723	-0.037820015	-0.47500548	0.21667695	-0.39633405	-0.49077603	0.09723234	0.16428822	-0.2607247	0.39267388	-0.13267668	-0.23925719	0.52526253	0.51727456	0.68998134	-0.2773941	0.098720975	-0.3587356	-0.062643774	-0.16171421	-0.22037968	0.44969532	-0.31606415	-0.357729	0.11883774
0.018019244	0.18660985	-0.33586258	-0.3583432	-0.6228851	-0.23276894	-0.032836325	-0.48255688	0.21767224	-0.39896786	-0.48310405	0.096894644	0.13605411	-0.24760105	0.37005258	-0.13014954	-0.21233708	0.5263273	0.49160117	0.67013	-0.2789837	0.1193979	-0.34691408	-0.05594867	-0.15060084	-0.18074577	0.4320686	-0.3094295	-0.3361625	0.12003715
0.008993049	0.18052337	-0.32428333	-0.33977544	-0.62737894	-0.24142022	-0.020081442	-0.4883197	0.2155392	-0.38558823	-0.5149194	0.11387817	0.13659199	-0.26283246	0.37801147	-0.1348436	-0.22868423	0.5592504	0.49528775	0.7023346	-0.27132234	0.13903351	-0.37259477	-0.05989348	-0.14697677	-0.19391592	0.46788585	-0.31935686	-0.34290007	0.118514776
0.025163878	0.18527664	-0.33118108	-0.34228295	-0.6357338	-0.23159884	-0.038026176	-0.48090038	0.2135761	-0.37501138	-0.4800076	0.1186534	0.12810515	-0.23837471	0.37303117	-0.1256095	-0.24258001	0.543482	0.5100732	0.69514865	-0.2687068	0.11176922	-0.3726965	-0.06429228	-0.15015619	-0.18584196	0.43805307	-0.2985889	-0.3332606	0.09977385
0.019109223	0.16637759	-0.34738523	-0.37003416	-0.6260984	-0.22141951	-0.054793827	-0.48909783	0.21464969	-0.39868084	-0.5045509	0.10626806	0.14226101	-0.23125921	0.39234534	-0.14427245	-0.24242589	0.5510059	0.5100249	0.68633693	-0.28860867	0.11828309	-0.3531938	-0.086863026	-0.17103285	-0.19878268	0.45562202	-0.30843097	-0.3459005	0.09450394
0.02592168	0.19257542	-0.31782597	-0.3517665	-0.63091344	-0.2151515	-0.047395144	-0.47572103	0.20035142	-0.4033791	-0.4860862	0.091407955	0.15906136	-0.24902944	0.39058375	-0.14158852	-0.22539318	0.5430835	0.51421314	0.6823916	-0.26336816	0.12720494	-0.36375606	-0.0629442	-0.16968466	-0.21626957	0.4382433	-0.28159896	-0.3660937	0.09789886
0.017373007	0.19061583	-0.33892435	-0.3490921	-0.62279916	-0.24485837	-0.036969632	-0.50168604	0.20538002	-0.4110892	-0.5101225	0.09637806	0.14498532	-0.2639397	0.37460268	-0.12262399	-0.2221925	0.53009653	0.5133462	0.6948539	-0.28130618	0.100926474	-0.3619022	-0.08495437	-0.1436351	-0.2121523	0.4670233	-0.28874326	-0.36524144	0.12739535
-0.00065820833	0.18810925	-0.3302688	-0.33868542	-0.65243053	-0.22567584	-0.03409799	-0.4955173	0.23812802	-0.41516903	-0.51070714	0.11550533	0.15591854	-0.26451525	0.3834923	-0.13003425	-0.24516557	0.5570331	0.52430016	0.6915649	-0.27666032	0.13464645	-0.36150947	-0.054468036	-0.16553214	-0.21965781	0.477223	-0.3024417	-0.35235712	0.13030396
0.026091453	0.18793732	-0.3492569	-0.36074087	-0.6136344	-0.22493196	-0.019617861	-0.4971999	0.22196342	-0.3908711	-0.47429225	0.09435149	0.15818901	-0.25903955	0.36074015	-0.14030991	-0.22248356	0.5412226	0.5194042	0.6982887	-0.29500318	0.118280925	-0.35917744	-0.05745178	-0.13884756	-0.19237533	0.4405176	-0.2906936	-0.36611256	0.10171124
0.017220844	0.17363422	-0.3309554	-0.35280198	-0.6612509	-0.23954023	-0.04409648	-0.4956534	0.23122865	-0.39843562	-0.5055871	0.1006763	0.15478536	-0.2416118	0.40607464	-0.1436427	-0.2445412	0.5452082	0.5054758	0.69036627	-0.28415376	0.14035273	-0.37580302	-0.060032375	-0.16849127	-0.20266105	0.47703683	-0.32107526	-0.3826634	0.11683203
0.02247487	0.16617541	-0.35604256	-0.35751912	-0.62854713	-0.24104907	-0.041945443	-0.50556976	0.23195222	-0.4019944	-0.5170305	0.11543124	0.16152668	-0.2537784	0.37074134	-0.13920179	-0.22977377	0.5596466	0.5342104	0.6914438	-0.30101603	0.12859894	-0.3585394	-0.05266176	-0.17327037	-0.20630085	0.47252753	-0.30988938	-0.34953865	0.102109835
0.02053611	0.17594156	-0.33786955	-0.3360086	-0.6271782	-0.24317122	-0.036669202	-0.4594755	0.20365334	-0.40476316	-0.4989837	0.102403045	0.12977892	-0.23312888	0.38162816	-0.122067794	-0.2259724	0.52681583	0.5068267	0.6907278	-0.28195328	0.11793271	-0.37959698	-0.07868189	-0.14846358	-0.18328176	0.4453997	-0.31081882	-0.36120644	0.12257999
0.03193002	0.18731402	-0.3307894	-0.34528893	-0.6263542	-0.25055626	-0.04716749	-0.47571042	0.23253027	-0.41549483	-0.51453155	0.12215595	0.16028856	-0.24530423	0.39900962	-0.12352072	-0.2435636	0.5606011	0.52564865	0.68970245	-0.29208732	0.12220859	-0.37492582	-0.08010824	-0.17224479	-0.21571791	0.44600433	-0.31943274	-0.3713654	0.11859314
0.0015505287	0.18415175	-0.3322945	-0.33493274	-0.6388673	-0.25273576	-0.050836783	-0.5049759	0.21605171	-0.40455747	-0.49225137	0.104579	0.14466922	-0.24417333	0.38047552	-0.13465865	-0.21578793	0.54670227	0.5270098	0.7097259	-0.28818193	0.12162996	-0.37105277	-0.051929712	-0.15829973	-0.21232457	0.48143774	-0.2926336	-0.35581273	0.12959665
0.009042236	0.18647349	-0.33145994	-0.35222325	-0.6567576	-0.24055946	-0.049507853	-0.4917334	0.2291029	-0.4009941	-0.5050466	0.10648823	0.14598174	-0.24245504	0.40185583	-0.15486485	-0.22508934	0.5526375	0.5163515	0.70483667	-0.28189552	0.11321344	-0.3653303	-0.082869254	-0.18098412	-0.19256331	0.47559938	-0.3057636	-0.3586254	0.11733744
0.029783396	0.16865522	-0.34806803	-0.35549417	-0.64419043	-0.24661833	-0.053280614	-0.48154455	0.20467554	-0.39660808	-0.5001405	0.116447076	0.14415307	-0.25728193	0.38462397	-0.13607995	-0.22883739	0.5468815	0.5093513	0.6800226	-0.26926392	0.13648562	-0.35096544	-0.07032492	-0.1545693	-0.20707388	0.4690182	-0.2985796	-0.37182552	0.09900567
0.020357415	0.16870764	-0.33859593	-0.33913484	-0.6314581	-0.2465272	-0.040546164	-0.48527798	0.23032439	-0.4065007	-0.5074407	0.105547	0.17175208	-0.2662034	0.3888235	-0.12863764	-0.24435021	0.5367454	0.5195956	0.7056972	-0.28137478	0.1285356	-0.356892	-0.0586494	-0.17226036	-0.19439459	0.45917746	-0.32391843	-0.3449641	0.10658395
0.0029736396	0.1989089	-0.3477013	-0.3372703	-0.6489027	-0.23955606	-0.039572675	-0.47849613	0.22489852	-0.4148174	-0.5049673	0.11978502	0.16290121	-0.24550366	0.37254235	-0.13312285	-0.21402493	0.55816996	0.50125307	0.705926	-0.30429518	0.10234151	-0.37011293	-0.078533545	-0.15536903	-0.20858052	0.47710323	-0.29220837	-0.37307099	0.108401276
0.020325812	0.16766831	-0.34115893	-0.35203347	-0.6609973	-0.24695592	-0.056940563	-0.49900928	0.22863753	-0.4100728	-0.5227714	0.11581439	0.14496696	-0.26014942	0.39033526	-0.13903594	-0.22155404	0.555029	0.5352564	0.7231255	-0.28683436	0.11633069	-0.37217718	-0.08694913	-0.1542127	-0.20289671	0.47598198	-0.32200325	-0.35852236	0.1004363
0.02582647	0.20321633	-0.35011947	-0.37245554	-0.64399695	-0.23025894	-0.037781257	-0.4836579	0.22835256	-0.4266546	-0.5121797	0.117806554	0.15695491	-0.25514644	0.39644706	-0.15926361	-0.22980739	0.56012	0.5165098	0.7052841	-0.3095013	0.14099717	-0.39466697	-0.0518361	-0.16879007	-0.20086178	0.463321	-0.29759803	-0.37316164	0.12785663
0.012713659	0.19842827	-0.33973187	-0.32631856	-0.6411222	-0.24116844	-0.036425572	-0.47507593	0.226651	-0.42272767	-0.4892442	0.11187988	0.14685826	-0.25397235	0.3936131	-0.130483	-0.21552376	0.5519224	0.52553	0.70590174	-0.27217698	0.11644527	-0.39302412	-0.06163139	-0.15709077	-0.22259697	0.48159996	-0.30171737	-0.3820416	0.11948579
0.020533768	0.18523014	-0.3306214	-0.33793	-0.6263648	-0.24314137	-0.035232544	-0.49929485	0.20669349	-0.397397	-0.49287698	0.106120296	0.15067333	-0.25702444	0.37501988	-0.14332326	-0.23385072	0.5514855	0.5201256	0.7109033	-0.27636755	0.13349411	-0.3564522	-0.05575172	-0.14476644	-0.19090182	0.46125716	-0.29195404	-0.37298062	0.123498864
0.017702278	0.15737936	-0.32804334	-0.35815376	-0.6115905	-0.23128742	-0.051134698	-0.49374655	0.2278078	-0.4051047	-0.48530707	0.103890985	0.13994625	-0.22894302	0.39119208	-0.12814069	-0.21062379	0.51351285	0.51902264	0.6767403	-0.27851135	0.13643944	-0.3543555	-0.07824393	-0.15859587	-0.21269955	0.43103415	-0.31418794	-0.3652119	0.11298124
0.013754257	0.19549005	-0.36378485	-0.37984312	-0.64722806	-0.24679115	-0.02356558	-0.52098024	0.21594027	-0.4013784	-0.5127183	0.1059915	0.17071423	-0.24794097	0.41284984	-0.1348913	-0.23180555	0.5811208	0.543725	0.7383824	-0.31269917	0.11911253	-0.38047406	-0.06196985	-0.16424735	-0.20682847	0.46740377	-0.32504907	-0.37268284	0.108424
0.029441811	0.19440389	-0.33794212	-0.34883794	-0.66181815	-0.25532654	-0.04467905	-0.5153629	0.20798494	-0.41075113	-0.52081555	0.12834649	0.1773305	-0.25489327	0.37741718	-0.15706906	-0.22689621	0.5510715	0.5258427	0.68974847	-0.28957647	0.121537656	-0.38691375	-0.07696011	-0.16265327	-0.2158369	0.45229402	-0.32149398	-0.3591358	0.12746921
0.019380093	0.17664473	-0.3496423	-0.3716867	-0.66336554	-0.2500992	-0.04863402	-0.5278797	0.22429802	-0.41924486	-0.5303587	0.119193874	0.17897466	-0.2658864	0.3999281	-0.14459763	-0.2424149	0.5657075	0.53664696	0.7238699	-0.28861052	0.111637205	-0.37733608	-0.08603496	-0.16791117	-0.2114587	0.47295508	-0.32160324	-0.36355656	0.1292331
0.020143533	0.17291735	-0.33374006	-0.33334875	-0.62842846	-0.23650235	-0.0417046	-0.48942026	0.23288439	-0.40719247	-0.47753793	0.08627013	0.15399335	-0.2327124	0.36724457	-0.1202849	-0.20726947	0.54533935	0.5200026	0.6940006	-0.2680996	0.11576367	-0.37815595	-0.051832084	-0.1530416	-0.22112954	0.4569616	-0.3061403	-0.37223846	0.1122385
0.015388923	0.17185363	-0.3477948	-0.3676015	-0.6371936	-0.24694659	-0.04689035	-0.50333506	0.2040404	-0.3941366	-0.5179449	0.09972433	0.15723908	-0.24879281	0.3885039	-0.14380644	-0.24415217	0.5471253	0.5170152	0.724424	-0.30532804	0.10514322	-0.36377847	-0.08919152	-0.1696651	-0.21814251	0.46898967	-0.3301263	-0.36638483	0.12630771
0.02881187	0.20434497	-0.35030526	-0.34394625	-0.64735276	-0.23494826	-0.032644495	-0.500302	0.24361886	-0.4096684	-0.50623506	0.11587428	0.15710312	-0.26916498	0.40367565	-0.12617809	-0.24885985	0.5448031	0.529196	0.7183405	-0.3088877	0.12348155	-0.4045377	-0.05717404	-0.15162186	-0.21203858	0.46219975	-0.30158377	-0.3605128	0.10503915
0.0125752585	0.17012002	-0.33958977	-0.33304462	-0.6383206	-0.22962232	-0.033687938	-0.47184533	0.20755398	-0.404634	-0.5017153	0.11034219	0.14761645	-0.25988585	0.3834954	-0.121383585	-0.21817376	0.540877	0.49776384	0.69404143	-0.29939458	0.13328886	-0.3769332	-0.057742946	-0.1668222	-0.19530547	0.43127456	-0.30022973	-0.3655301	0.11828885
0.020956378	0.17713882	-0.33586818	-0.3396874	-0.63808703	-0.2312505	-0.031235565	-0.48623914	0.22399212	-0.4023962	-0.51477045	0.1035231	0.16120304	-0.26413348	0.37265697	-0.15516272	-0.23408303	0.56218725	0.5216624	0.69071585	-0.30806628	0.13466904	-0.39101335	-0.059628896	-0.17027931	-0.2122787	0.4579663	-0.3059489	-0.36023703	0.116351485
0.030227384	0.18656453	-0.3465043	-0.35632616	-0.65558034	-0.2396725	-0.044818815	-0.5070217	0.22867307	-0.4091623	-0.50329643	0.12156195	0.16232114	-0.24804522	0.3849392	-0.13376498	-0.23301214	0.54464185	0.5321977	0.68269765	-0.3079458	0.14021756	-0.3851904	-0.08753743	-0.15738854	-0.19029145	0.45415112	-0.2931236	-0.35967943	0.107659094
0.011172457	0.17041092	-0.34148055	-0.3396303	-0.6437933	-0.22134571	-0.03907618	-0.49036592	0.23094259	-0.3892351	-0.4867215	0.10028077	0.14169635	-0.2616688	0.36427706	-0.12857118	-0.22138351	0.55188805	0.5103818	0.6861853	-0.29276663	0.11641931	-0.3543384	-0.056317125	-0.17290248	-0.18909565	0.4354556	-0.30935395	-0.34415132	0.11429992
0.031017596	0.18545	-0.3451116	-0.35660902	-0.64501804	-0.22044009	-0.026713276	-0.49788025	0.22712469	-0.40215582	-0.49576244	0.087427706	0.16784935	-0.230866	0.3748737	-0.1521107	-0.22171241	0.52852756	0.5173011	0.66826165	-0.28165513	0.12772477	-0.3784573	-0.061024036	-0.16415316	-0.20137276	0.45551333	-0.29856244	-0.35568246	0.12438736
0.009436611	0.17979465	-0.3256183	-0.3766174	-0.6270072	-0.24685073	-0.03596916	-0.5111279	0.23000444	-0.41213757	-0.5194538	0.11006804	0.13877168	-0.24068537	0.39741728	-0.14466567	-0.21405554	0.5670267	0.5202482	0.6945551	-0.2834829	0.11898604	-0.3639676	-0.06319104	-0.16452847	-0.21790774	0.45025283	-0.3027486	-0.35396075	0.09777239
0.030832386	0.1844236	-0.33697397	-0.35066372	-0.63253736	-0.24308161	-0.031476453	-0.46845293	0.21172155	-0.38887736	-0.5038671	0.092632115	0.14519982	-0.25035933	0.36879653	-0.13527447	-0.22893785	0.5552128	0.5102196	0.7038664	-0.29450405	0.12989734	-0.36802092	-0.0695761	-0.14990109	-0.2157308	0.46844596	-0.28614584	-0.36931464	0.096331015
0.025095848	0.17054994	-0.3474268	-0.34822702	-0.6568931	-0.22150676	-0.03433177	-0.4845441	0.2285489	-0.38526592	-0.5102177	0.11263599	0.17634325	-0.2606493	0.385802	-0.1281169	-0.24325575	0.549761	0.5310021	0.7155371	-0.27955192	0.11390411	-0.36052093	-0.052868947	-0.17148755	-0.21557133	0.4690922	-0.30998194	-0.35597768	0.13064504
0.0069590425	0.17008467	-0.33766112	-0.36418313	-0.63221	-0.23192243	-0.04093706	-0.474202	0.21696015	-0.40174106	-0.5017794	0.114066176	0.14995797	-0.26152724	0.39792624	-0.14807911	-0.21535975	0.53532	0.52218026	0.6693483	-0.27484798	0.12548248	-0.36408353	-0.07042292	-0.16258818	-0.18802036	0.46017727	-0.30272612	-0.3701485	0.10173013
0.025301157	0.16375083	-0.32518676	-0.34641278	-0.6287545	-0.22844793	-0.053145878	-0.48179945	0.22723766	-0.39572343	-0.50355196	0.111011714	0.16746977	-0.24800646	0.37165165	-0.14390074	-0.21435812	0.54534996	0.5240797	0.6898547	-0.2866165	0.11762587	-0.36299744	-0.07637965	-0.15032554	-0.20126605	0.44212657	-0.30217236	-0.36101952	0.11098738
0.0049803834	0.16496369	-0.32368743	-0.3644252	-0.64461106	-0.22803126	-0.026904112	-0.49215454	0.2164132	-0.3893997	-0.50369877	0.11529183	0.17355406	-0.25164995	0.39409122	-0.1540609	-0.23329593	0.55219704	0.5194711	0.6967766	-0.28450188	0.10736157	-0.37996227	-0.08165385	-0.15341075	-0.20954159	0.44646025	-0.29053247	-0.36305678	0.10934006
0.0046780645	0.19546361	-0.3216019	-0.35007623	-0.6557855	-0.24967149	-0.049910046	-0.49707374	0.22978325	-0.40344757	-0.4917258	0.108114645	0.17297313	-0.25317207	0.40064666	-0.12496594	-0.22638866	0.53347373	0.5248887	0.6991278	-0.289736	0.10763377	-0.3767316	-0.06032495	-0.15788981	-0.2137759	0.45643824	-0.29581314	-0.35987708	0.11979352
0.02626087	0.17595051	-0.32491463	-0.34591356	-0.64836997	-0.24812847	-0.02181943	-0.4782987	0.2145262	-0.3859318	-0.49284735	0.09098847	0.14012201	-0.25253996	0.38758242	-0.13880762	-0.24499922	0.55757844	0.5054621	0.70434856	-0.29995576	0.11078599	-0.3704272	-0.052239496	-0.1388866	-0.21618794	0.46639565	-0.30830774	-0.37377813	0.11077663
0.03287388	0.1961833	-0.34990838	-0.33513963	-0.62653196	-0.22229981	-0.02983934	-0.48811063	0.22718574	-0.39954665	-0.4796189	0.09189825	0.15452215	-0.25256428	0.39371088	-0.13775435	-0.22117662	0.53160053	0.51562244	0.67075795	-0.2967926	0.118930936	-0.36668745	-0.06363315	-0.14779693	-0.20819032	0.4540939	-0.30964118	-0.3630315	0.123831786
0.0041251252	0.17639887	-0.35078722	-0.3612475	-0.6360717	-0.22603971	-0.052708272	-0.49701685	0.22324361	-0.3860818	-0.48379478	0.11986588	0.13705587	-0.23080254	0.36126703	-0.13625535	-0.23460151	0.5315361	0.51449466	0.6927525	-0.28769982	0.11867908	-0.3625481	-0.06596157	-0.1652992	-0.19835144	0.43680498	-0.3066257	-0.3545285	0.09528262
0.03140747	0.16037299	-0.34376547	-0.34115994	-0.62456363	-0.22802547	-0.025502926	-0.46571448	0.2237824	-0.37006003	-0.47061613	0.11334177	0.15658735	-0.24390443	0.37600598	-0.11764335	-0.22500163	0.53566	0.48305833	0.6695146	-0.28394446	0.12712033	-0.35071382	-0.07085303	-0.14941417	-0.19312055	0.44230837	-0.29587176	-0.3581839	0.12107758
0.02833187	0.19864167	-0.33519998	-0.3649233	-0.6410297	-0.24196927	-0.030439697	-0.47157836	0.21970792	-0.4015024	-0.4869555	0.12628287	0.14286482	-0.26492578	0.37041056	-0.15604496	-0.24715836	0.53635925	0.534067	0.6895043	-0.28606343	0.13242102	-0.36287394	-0.0804271	-0.15876499	-0.19149742	0.46746716	-0.32243782	-0.36018893	0.13055293
0.0141795585	0.17790408	-0.34239733	-0.35080475	-0.6468576	-0.22341676	-0.04311434	-0.48280552	0.2162683	-0.40881807	-0.5202997	0.10058337	0.1415494	-0.25380418	0.3951955	-0.13912933	-0.21951663	0.56953526	0.5303972	0.69887596	-0.2806799	0.13512939	-0.3893691	-0.08623682	-0.17808145	-0.20916003	0.47920832	-0.32382312	-0.37132192	0.11089397
0.033688784	0.19445337	-0.34008297	-0.3555665	-0.6437562	-0.2582038	-0.047148332	-0.48815885	0.23640354	-0.41471216	-0.50135183	0.1282669	0.15289909	-0.25816983	0.38483715	-0.15604441	-0.24529587	0.5586078	0.5095164	0.70117265	-0.29002398	0.10532802	-0.3660161	-0.06896148	-0.16218428	-0.2066508	0.45461482	-0.325286	-0.34621432	0.10568924
-0.0007825448	0.18441014	-0.34378514	-0.34706002	-0.650104	-0.2278691	-0.04573381	-0.4899259	0.23103626	-0.3946756	-0.51609915	0.120959945	0.16348265	-0.26166004	0.38040277	-0.15402338	-0.23046297	0.54865336	0.5148835	0.70939744	-0.29336834	0.11747113	-0.3619382	-0.078608364	-0.15597165	-0.20752977	0.4777469	-0.3009481	-0.3656617	0.102682665
0.014929361	0.16462098	-0.322887	-0.35358715	-0.6223726	-0.24620458	-0.023700597	-0.4959909	0.20042308	-0.39082766	-0.4967868	0.1116551	0.15950947	-0.23127972	0.38028675	-0.12694423	-0.22756574	0.54111063	0.5224186	0.6705068	-0.2900591	0.100961044	-0.36048985	-0.07342361	-0.16770667	-0.18670572	0.44209525	-0.30048034	-0.34639204	0.12746836
0.005557505	0.19885784	-0.346573	-0.36736262	-0.6541449	-0.22650094	-0.043101195	-0.4934127	0.2237767	-0.39181274	-0.51319516	0.11051159	0.1528166	-0.24578498	0.38494858	-0.15469363	-0.24179389	0.540347	0.53001875	0.7059474	-0.2862886	0.1305931	-0.36707324	-0.05689989	-0.15242544	-0.20209508	0.46862698	-0.3054731	-0.36504826	0.10428266
0.011363319	0.18086761	-0.32789612	-0.3490742	-0.6331894	-0.23467451	-0.05860087	-0.4772637	0.21340325	-0.41968253	-0.49624404	0.12392388	0.17137322	-0.25533864	0.38007247	-0.15545769	-0.23448664	0.5435363	0.52906996	0.7184717	-0.30644235	0.12016287	-0.37335616	-0.07491797	-0.16639641	-0.22243012	0.47391582	-0.3264475	-0.3797174	0.13206527
0.010781568	0.17005365	-0.32191783	-0.36185113	-0.6185311	-0.23241289	-0.03470058	-0.47166336	0.21708862	-0.41514385	-0.48707095	0.09504749	0.14432095	-0.26961476	0.40239668	-0.14143394	-0.21381761	0.5525056	0.5032457	0.7098629	-0.29243693	0.124254964	-0.36389917	-0.06450492	-0.1508825	-0.19587876	0.4732888	-0.29799667	-0.35962743	0.10399744
0.009183161	0.18346718	-0.3302498	-0.35768858	-0.6487895	-0.24508877	-0.030402774	-0.48755044	0.21085496	-0.40564165	-0.5137063	0.11585464	0.14119928	-0.24469994	0.39866877	-0.15614207	-0.22723901	0.54914105	0.4971226	0.6864546	-0.29115644	0.11431201	-0.38399273	-0.085253604	-0.1662969	-0.20744655	0.46839786	-0.3204433	-0.37362903	0.11718517
0.030440725	0.19268504	-0.33742857	-0.35462976	-0.63173634	-0.22301938	-0.056013692	-0.4860007	0.20489804	-0.38390514	-0.4982923	0.091771044	0.15458453	-0.26203215	0.37442616	-0.14045683	-0.20884798	0.5246369	0.50176686	0.69746107	-0.28561825	0.108366646	-0.3742654	-0.08471943	-0.15650602	-0.18432452	0.43374848	-0.30589145	-0.3463371	0.096437186
0.018698737	0.1831707	-0.3482416	-0.3493894	-0.6497609	-0.25652882	-0.028103234	-0.5236436	0.22319075	-0.41219386	-0.5279699	0.11715979	0.14557466	-0.27851036	0.38485646	-0.15043838	-0.2191148	0.56217337	0.53886425	0.73578227	-0.292512	0.12804617	-0.39492497	-0.08311907	-0.1542661	-0.21795154	0.4653737	-0.33080927	-0.38234872	0.10457164
0.0056127347	0.19071087	-0.34540763	-0.35675147	-0.6416602	-0.2461093	-0.03476927	-0.4819833	0.22346695	-0.39620122	-0.48097607	0.11405273	0.13567965	-0.26029316	0.36350378	-0.12127261	-0.22823635	0.52571297	0.5188178	0.6642503	-0.26795653	0.11691111	-0.36528262	-0.05223433	-0.17158969	-0.19398022	0.4586288	-0.2995145	-0.3496607	0.10020584
0.03239891	0.19146973	-0.33986786	-0.34404582	-0.6373927	-0.24414885	-0.042008705	-0.4901373	0.22957599	-0.39526647	-0.5147225	0.10425194	0.17297627	-0.26728004	0.3899504	-0.14710277	-0.24488388	0.56056374	0.50972956	0.6995599	-0.28613263	0.11468599	-0.36183524	-0.07783103	-0.1654198	-0.2154787	0.44949713	-0.31666854	-0.3826657	0.11640205
0.023474563	0.19145247	-0.33082333	-0.35721156	-0.62668604	-0.24768604	-0.040168107	-0.49963942	0.22351392	-0.4042638	-0.5096462	0.11672772	0.16251917	-0.24233322	0.3947796	-0.13151518	-0.23580611	0.54051375	0.51260537	0.68916625	-0.30095756	0.12871073	-0.3788323	-0.070868924	-0.1439676	-0.19205017	0.44855234	-0.3038401	-0.35085917	0.11773655
-0.00017917625	0.19701736	-0.3321975	-0.37037867	-0.65449864	-0.24275286	-0.025670027	-0.48815924	0.21821797	-0.39691103	-0.49295148	0.107347496	0.14910802	-0.23523253	0.39078292	-0.15194169	-0.23407993	0.5369985	0.5308758	0.6828976	-0.29963115	0.122308336	-0.35518065	-0.0549927	-0.14329213	-0.21495569	0.45875126	-0.32370675	-0.3652582	0.12300255
0.013145557	0.17862727	-0.33689022	-0.3562274	-0.6485788	-0.23224555	-0.028154602	-0.49953613	0.2380481	-0.39849314	-0.4971569	0.11570716	0.16341694	-0.25595504	0.3904672	-0.12471876	-0.24322675	0.5425804	0.50868815	0.6892953	-0.29711205	0.11339554	-0.38657114	-0.0748692	-0.15917064	-0.21867111	0.46307474	-0.31805533	-0.37884438	0.10422699
0.0077548567	0.17771518	-0.36202404	-0.36870706	-0.6363621	-0.23809318	-0.028515115	-0.51017874	0.2207773	-0.39715716	-0.51932096	0.10721451	0.16167995	-0.2658527	0.3844991	-0.1502233	-0.2493005	0.57019603	0.5391771	0.6988124	-0.30051568	0.1254009	-0.38798988	-0.074634746	-0.16354363	-0.21460593	0.48958576	-0.30186427	-0.37752506	0.106805995
0.034715552	0.169861	-0.31979257	-0.34905037	-0.6337023	-0.22118665	-0.036680005	-0.49818012	0.2120498	-0.38283595	-0.49872157	0.11835065	0.15539822	-0.2603386	0.38476956	-0.1290785	-0.22425945	0.5456596	0.50346607	0.6830816	-0.30200636	0.11650777	-0.38478526	-0.064302	-0.1414753	-0.18726227	0.46252117	-0.30772534	-0.37617055	0.13100791
0.0069665574	0.18884811	-0.35621	-0.3550668	-0.6501753	-0.23387483	-0.048207417	-0.514074	0.22974509	-0.4133974	-0.4964148	0.12160896	0.16525036	-0.2609181	0.37800875	-0.15173374	-0.22632699	0.54852223	0.53775245	0.6893929	-0.2938208	0.13503131	-0.36795187	-0.06881519	-0.1548385	-0.19618866	0.45679432	-0.3146948	-0.36380318	0.12181463
0.016006311	0.19277951	-0.34654045	-0.3491752	-0.6425898	-0.23603547	-0.052404713	-0.4734085	0.21343996	-0.39875603	-0.49309206	0.12174676	0.16470739	-0.23360318	0.39396995	-0.13567565	-0.23933005	0.5579029	0.52417487	0.6726801	-0.2763717	0.110815935	-0.37656823	-0.055128127	-0.17546321	-0.20083208	0.45445988	-0.2942011	-0.3510057	0.1280517
0.0046018986	0.1861324	-0.3321667	-0.33389947	-0.6262718	-0.21762419	-0.05308055	-0.48706663	0.21465649	-0.3786179	-0.49974197	0.099869445	0.17000556	-0.23629075	0.38258913	-0.14829005	-0.23950124	0.51164865	0.49539483	0.66741586	-0.27902675	0.113584705	-0.37116212	-0.0826615	-0.16032864	-0.19160172	0.45298383	-0.27965185	-0.33165398	0.11226553
0.03133693	0.19058266	-0.31088758	-0.3291896	-0.6086482	-0.23813488	-0.031804524	-0.46993858	0.20838656	-0.37662038	-0.46941596	0.103111334	0.1505569	-0.23982538	0.36186326	-0.13107102	-0.2203165	0.53309053	0.5036342	0.6608889	-0.26766917	0.10718404	-0.36181635	-0.07079212	-0.1532779	-0.18789542	0.44137296	-0.28557062	-0.35280284	0.118841246
0.02311824	0.19131298	-0.35310003	-0.3610477	-0.63622445	-0.23591395	-0.02526786	-0.5045524	0.23705624	-0.39388445	-0.52902436	0.12498913	0.14937162	-0.2610458	0.38961694	-0.14221981	-0.25235075	0.572329	0.52676874	0.69655293	-0.29189697	0.1232389	-0.3716103	-0.074642904	-0.14871041	-0.2019303	0.4784673	-0.30688798	-0.37535143	0.11718018
0.022138076	0.18241653	-0.3550041	-0.3782135	-0.64454514	-0.23569092	-0.04459609	-0.5170513	0.23737115	-0.4090188	-0.5011633	0.10685499	0.15529121	-0.25646	0.41144693	-0.13704534	-0.23331949	0.5602701	0.51902175	0.7007087	-0.29325315	0.1223665	-0.3855156	-0.062986836	-0.17144531	-0.21247093	0.48812482	-0.33178976	-0.3853297	0.10551213
0.03290338	0.1748459	-0.34969318	-0.36638334	-0.64298755	-0.23466663	-0.05663161	-0.48874727	0.20066626	-0.38920602	-0.513858	0.121576376	0.1636954	-0.23755346	0.37476495	-0.13147803	-0.24714221	0.5383877	0.5361298	0.70898426	-0.29193807	0.12578006	-0.36106572	-0.0851391	-0.17447244	-0.19102113	0.469442	-0.31436327	-0.36550626	0.10355915
0.0063417056	0.18925835	-0.34395698	-0.36706316	-0.6378299	-0.2519436	-0.03543339	-0.50437754	0.22391255	-0.41131535	-0.49244815	0.09699912	0.14365931	-0.251965	0.37790596	-0.13749698	-0.22202553	0.5442259	0.5167397	0.696119	-0.2810345	0.11326376	-0.3647311	-0.068436846	-0.1605948	-0.21422015	0.4455702	-0.29018587	-0.3653092	0.106282465
0.025331153	0.16211064	-0.33087072	-0.3433858	-0.62921745	-0.21292149	-0.03383742	-0.49365467	0.22342493	-0.3965172	-0.49203008	0.106532596	0.16817707	-0.23220493	0.3755503	-0.14188051	-0.2341729	0.55243444	0.52001494	0.67183435	-0.2884985	0.11787363	-0.35709685	-0.07109321	-0.17052843	-0.18765005	0.46835634	-0.28597432	-0.3384898	0.12934239
0.005970226	0.19002847	-0.3365987	-0.32668373	-0.6090421	-0.23277241	-0.0390635	-0.47382563	0.20659804	-0.37445566	-0.5010635	0.10435184	0.16855885	-0.26081043	0.38985693	-0.12096936	-0.2356558	0.5302665	0.48941758	0.6712679	-0.27848095	0.11337276	-0.36791664	-0.077957645	-0.1740934	-0.2145202	0.45198977	-0.3153987	-0.370059	0.1038598
0.029404	0.17249139	-0.36260417	-0.35796282	-0.67353684	-0.25526953	-0.026757091	-0.5020181	0.21793513	-0.412401	-0.49894145	0.11507093	0.16710615	-0.25437564	0.40117037	-0.1331874	-0.22204854	0.5797655	0.5254314	0.7301542	-0.30584165	0.108822316	-0.3691635	-0.06710482	-0.15998925	-0.22360873	0.46893	-0.31717756	-0.38112575	0.12025869
0.008313388	0.16543588	-0.32156014	-0.33135444	-0.6385279	-0.24654916	-0.03417277	-0.47899732	0.20657992	-0.39487296	-0.49796692	0.10992792	0.14836232	-0.26070353	0.3673633	-0.1427209	-0.20986655	0.543912	0.50916684	0.6966463	-0.30155295	0.1181378	-0.3764363	-0.082707725	-0.14423035	-0.18949029	0.46657622	-0.31275687	-0.34358102	0.12711109
0.008454661	0.19539806	-0.3416097	-0.35487765	-0.6441976	-0.22939421	-0.0398491	-0.47926736	0.20165527	-0.3790364	-0.5131891	0.121226765	0.16112126	-0.24918868	0.37851477	-0.14950822	-0.22881028	0.5483415	0.49277687	0.6990087	-0.29836774	0.11396216	-0.37797755	-0.068438254	-0.16750054	-0.21192804	0.4412903	-0.31080997	-0.36515012	0.098317884
0.036482472	0.16994587	-0.33370778	-0.38283587	-0.6343823	-0.24423933	-0.046135426	-0.48255867	0.21521859	-0.41008994	-0.5370091	0.12475326	0.18247388	-0.27472615	0.41298884	-0.14384402	-0.26016116	0.5813746	0.5155055	0.70436275	-0.29711586	0.14758766	-0.36740994	-0.1002563	-0.1439683	-0.20101231	0.49758297	-0.309646	-0.38061738	0.1228631
0.029829025	0.1716229	-0.31224728	-0.35101494	-0.62155885	-0.22478636	-0.04734621	-0.46718857	0.20490628	-0.40009296	-0.48994908	0.09548612	0.15247433	-0.2328926	0.37997383	-0.13993096	-0.21936643	0.53508127	0.4951171	0.66085213	-0.26545987	0.11746911	-0.36032513	-0.07002843	-0.13749602	-0.18456234	0.4353694	-0.28321838	-0.32784355	0.11232069
0.0011553437	0.17818369	-0.33897194	-0.36773774	-0.65044194	-0.23557436	-0.04448629	-0.5039604	0.20454994	-0.3972777	-0.522198	0.101877205	0.16617106	-0.25837862	0.38045004	-0.1535953	-0.22465757	0.5357479	0.5275218	0.6903587	-0.28463724	0.11622721	-0.3736234	-0.07565579	-0.17783403	-0.21023607	0.46376407	-0.2982508	-0.35419267	0.110508405
0.015217886	0.17537268	-0.33450365	-0.33923483	-0.635821	-0.22845493	-0.056149036	-0.48926738	0.22992642	-0.4048269	-0.49524528	0.10030646	0.16416165	-0.2558642	0.381052	-0.15621457	-0.20687689	0.5371277	0.49534807	0.66327494	-0.29904705	0.113529384	-0.36003727	-0.06727039	-0.14890139	-0.20096532	0.4478456	-0.28599697	-0.35371986	0.12521109
0.024313373	0.18823545	-0.34854597	-0.3500599	-0.64088506	-0.24530569	-0.04585552	-0.4860761	0.2342748	-0.39482167	-0.50988555	0.09267333	0.16946307	-0.24409094	0.37016758	-0.1588586	-0.21698424	0.55334044	0.5081558	0.68515784	-0.29780573	0.11956461	-0.372229	-0.06307313	-0.17669854	-0.22398748	0.47891065	-0.29937238	-0.35962564	0.10385739
0.026571602	0.19360515	-0.34942597	-0.36431947	-0.6309177	-0.21747574	-0.03390246	-0.48706198	0.22190374	-0.38200587	-0.50118726	0.10432312	0.16245313	-0.2330328	0.39511493	-0.13418658	-0.22936694	0.5276972	0.50021964	0.67721707	-0.30267668	0.11958177	-0.36174124	-0.08458852	-0.15082006	-0.20758477	0.45978212	-0.29366866	-0.36125144	0.11938087
0.008934811	0.20415495	-0.34651133	-0.35775965	-0.631158	-0.24317382	-0.059435476	-0.47743326	0.21568555	-0.39725527	-0.50912225	0.1005675	0.13986976	-0.26548693	0.41048998	-0.1548117	-0.22556789	0.5663047	0.519821	0.68335855	-0.30741104	0.12618278	-0.36549035	-0.07018004	-0.15467092	-0.19419883	0.46104655	-0.29347152	-0.3683129	0.11090267
0.03319792	0.17123392	-0.34078723	-0.357079	-0.6353739	-0.21612151	-0.040329743	-0.4841827	0.20883887	-0.37757358	-0.48358074	0.09366752	0.14291193	-0.23377627	0.3681898	-0.14732619	-0.23294446	0.5208709	0.52555245	0.6686732	-0.29754874	0.11496785	-0.36219162	-0.08099428	-0.1512707	-0.19265865	0.4561152	-0.3175854	-0.35858002	0.096154414
0.022414051	0.1829267	-0.3407389	-0.35532275	-0.6372671	-0.2216368	-0.051026836	-0.48318103	0.21493162	-0.3971793	-0.51286477	0.10773838	0.17051314	-0.25739288	0.39862576	-0.14272706	-0.24453546	0.5636295	0.5148857	0.71847117	-0.30150607	0.118530184	-0.3920146	-0.07502199	-0.17393441	-0.20867968	0.47208992	-0.32308406	-0.3569807	0.1002453
0.0064356974	0.17637841	-0.33054695	-0.34857515	-0.6423812	-0.22131684	-0.044596486	-0.48975295	0.20722616	-0.408954	-0.50686496	0.10907118	0.13640791	-0.23781502	0.37704295	-0.13887028	-0.23405856	0.55402267	0.51876926	0.6760282	-0.29138234	0.112717636	-0.37480304	-0.086414635	-0.14173399	-0.21238631	0.4659577	-0.29130262	-0.36581558	0.106335245
0.009213804	0.16104661	-0.3371657	-0.3562403	-0.6343526	-0.23905014	-0.03548001	-0.49117553	0.21549045	-0.38240537	-0.47243345	0.090702266	0.15754072	-0.2561902	0.37978882	-0.13542986	-0.21306159	0.52640104	0.51202697	0.6593148	-0.27493536	0.09771641	-0.35040507	-0.06999443	-0.15762413	-0.20975935	0.44121706	-0.2979754	-0.35894066	0.11763007
0.020978486	0.17840979	-0.34977058	-0.34276554	-0.6196722	-0.23314562	-0.025203085	-0.48773688	0.22617601	-0.37948704	-0.5094273	0.11003396	0.14946173	-0.23749901	0.39457947	-0.14254305	-0.22002591	0.5405809	0.49458277	0.68368405	-0.28305557	0.10572451	-0.38006216	-0.08193321	-0.15195206	-0.18615812	0.4560399	-0.29181188	-0.35659885	0.115035355
0.023421966	0.18257841	-0.3265265	-0.3333753	-0.62588817	-0.25310296	-0.034037787	-0.47024792	0.21448018	-0.39177668	-0.48939377	0.12471602	0.1532709	-0.25488263	0.39027688	-0.15227123	-0.21474239	0.5331895	0.4976989	0.6845733	-0.27339014	0.114048116	-0.393215	-0.081309795	-0.17447335	-0.22397307	0.46148086	-0.30630204	-0.3659115	0.108798996
0.0137578985	0.17153423	-0.34319124	-0.36421606	-0.6609276	-0.253969	-0.032507654	-0.49672973	0.22784185	-0.4095677	-0.49832428	0.08763347	0.1495029	-0.26742947	0.3963722	-0.15420353	-0.22497125	0.5395227	0.5181744	0.73092854	-0.3123756	0.10470871	-0.390358	-0.08110462	-0.1457898	-0.22873406	0.4812922	-0.34190828	-0.34366608	0.12126151
0.022656403	0.16839102	-0.325689	-0.33816117	-0.62293786	-0.22401498	-0.024482615	-0.46184167	0.21073277	-0.37738612	-0.48025876	0.114807285	0.16603516	-0.2488031	0.37519377	-0.14884101	-0.23142646	0.5329604	0.4960551	0.67967004	-0.29702416	0.1275743	-0.373863	-0.053658493	-0.16563135	-0.18204726	0.45766395	-0.28987995	-0.35173026	0.10201853
0.018294469	0.17036141	-0.34279633	-0.34021372	-0.6373765	-0.2204813	-0.044178635	-0.47852784	0.21894242	-0.38311225	-0.49015835	0.09583042	0.16939892	-0.2647557	0.38140324	-0.12775505	-0.21247064	0.53243846	0.50154036	0.6962021	-0.27954477	0.12601328	-0.38066202	-0.06273837	-0.14763649	-0.21761486	0.44018522	-0.31839097	-0.3385562	0.11372936
0.012858938	0.19159602	-0.3221762	-0.32780883	-0.62488985	-0.22962514	-0.0417323	-0.45986372	0.20241252	-0.37229678	-0.4908685	0.10878972	0.156183	-0.26140374	0.36807996	-0.12811464	-0.20778579	0.52861273	0.48653957	0.68955004	-0.2775307	0.11558228	-0.37471497	-0.05154507	-0.16431041	-0.21678875	0.442731	-0.31114218	-0.34688842	0.11183416
0.0069112694	0.19116114	-0.31619108	-0.3377314	-0.61592674	-0.21815087	-0.025096232	-0.47060364	0.22585154	-0.39580226	-0.50543624	0.0980728	0.17103407	-0.24871002	0.3866816	-0.13625391	-0.23893228	0.54042184	0.5118628	0.6902091	-0.2674944	0.12678126	-0.36283472	-0.060559396	-0.15150326	-0.2048729	0.4652577	-0.30382776	-0.36955592	0.12576535
0.010032273	0.18911994	-0.35021126	-0.34050342	-0.6367739	-0.22820875	-0.029854596	-0.5085595	0.21246839	-0.3964881	-0.5054347	0.09385825	0.17530593	-0.27033192	0.3858684	-0.13495629	-0.24260241	0.5448628	0.51750374	0.7120008	-0.30350363	0.12224043	-0.37509674	-0.056795508	-0.17056264	-0.215928	0.44989982	-0.30181044	-0.3485022	0.113711834
0.0151753435	0.16899802	-0.33165854	-0.33517987	-0.64027435	-0.24008203	-0.029165411	-0.48618197	0.2075804	-0.38785464	-0.51279765	0.1235412	0.14404288	-0.25124344	0.40242884	-0.15124115	-0.23123798	0.54644936	0.52371895	0.69569606	-0.29148704	0.11589661	-0.36085638	-0.06971025	-0.15522194	-0.20235895	0.45933437	-0.31855017	-0.35785678	0.11468374
0.004379839	0.18980277	-0.3411141	-0.35828772	-0.63670295	-0.2289622	-0.042337123	-0.4687152	0.22232607	-0.37915766	-0.507122	0.11270591	0.1566737	-0.25434247	0.39813307	-0.12631597	-0.22333562	0.5559379	0.49116576	0.6874125	-0.28545815	0.13194005	-0.35927632	-0.08179209	-0.17226368	-0.21157517	0.45525655	-0.29623094	-0.3640153	0.11741576
0.029110324	0.16752985	-0.35218892	-0.36397198	-0.6310161	-0.2296406	-0.03090417	-0.48598373	0.21859406	-0.39875734	-0.5146898	0.12925896	0.1416465	-0.26315528	0.38935968	-0.14906839	-0.24454731	0.542856	0.5087571	0.7074702	-0.30669343	0.13682202	-0.3809547	-0.07510819	-0.17588928	-0.21906212	0.46244866	-0.31185347	-0.36577037	0.1169994
0.007449428	0.17877585	-0.3312294	-0.34745935	-0.6217613	-0.22311975	-0.055646718	-0.47659975	0.21417369	-0.40522936	-0.48289323	0.09610711	0.14781603	-0.25580004	0.36235842	-0.149853	-0.21763353	0.54072934	0.51571184	0.672367	-0.28353626	0.107338876	-0.35264748	-0.056209933	-0.14358813	-0.20280452	0.4456981	-0.28654867	-0.33693403	0.12194594
0.0058196653	0.16757473	-0.3381174	-0.36803937	-0.6473747	-0.22923352	-0.02230568	-0.5070266	0.20558624	-0.39377576	-0.50998735	0.11261624	0.15868977	-0.24799919	0.37707666	-0.12356769	-0.2322315	0.5578261	0.52295434	0.69516283	-0.27892572	0.13501894	-0.37393534	-0.061851814	-0.17096493	-0.2036574	0.46908727	-0.29753017	-0.35235533	0.1327426
0.034678724	0.16820768	-0.36067075	-0.3537695	-0.65019125	-0.23281606	-0.054239575	-0.4919741	0.22653674	-0.39947832	-0.50991637	0.09515936	0.1499337	-0.2675475	0.40372795	-0.13842471	-0.21664563	0.54376227	0.5467524	0.72133356	-0.28671756	0.1179874	-0.37487128	-0.079578295	-0.16670194	-0.19746481	0.45665914	-0.30083948	-0.3642802	0.097212784
0.0021082005	0.16644974	-0.34391257	-0.3582561	-0.6363281	-0.22935462	-0.028785428	-0.52090454	0.2131894	-0.4194778	-0.49585494	0.110969804	0.1577438	-0.24996845	0.40037856	-0.1267121	-0.2481731	0.5573391	0.5352942	0.7046293	-0.29302812	0.11252903	-0.3777194	-0.07706481	-0.15510803	-0.19418035	0.4660035	-0.32090715	-0.37872142	0.12946966
0.012899309	0.17468004	-0.3404212	-0.36091086	-0.61897063	-0.2264314	-0.044301823	-0.47400174	0.22435097	-0.40907258	-0.5039741	0.09537525	0.14753804	-0.26171258	0.38243124	-0.13147725	-0.22657727	0.5269283	0.5212294	0.6994894	-0.29857758	0.12402192	-0.371725	-0.07341836	-0.17184693	-0.20703357	0.47060314	-0.30277118	-0.36932573	0.11899369
0.020546133	0.18925244	-0.35194147	-0.33837497	-0.63150567	-0.238496	-0.05022813	-0.47029665	0.22441259	-0.40940645	-0.48466942	0.10973966	0.15364453	-0.25331786	0.36621973	-0.12664257	-0.23797117	0.5472637	0.5234211	0.6939305	-0.2947438	0.118651666	-0.3755356	-0.07220725	-0.1489399	-0.18901168	0.45861453	-0.29191747	-0.35287604	0.10575708
0.023486417	0.18880598	-0.3512919	-0.36569685	-0.6396383	-0.2250082	-0.053573217	-0.49482417	0.22673209	-0.39346558	-0.50107974	0.10988547	0.17053151	-0.23553888	0.3720932	-0.13090928	-0.23362781	0.52322197	0.50989544	0.66912174	-0.28424639	0.13220978	-0.3558825	-0.065575816	-0.15041055	-0.21933629	0.44749504	-0.29365045	-0.37117735	0.11328914
0.02574609	0.16226189	-0.32626885	-0.3394631	-0.62902	-0.24066736	-0.041794244	-0.48837847	0.22207242	-0.3870144	-0.48729795	0.11436582	0.16296086	-0.24002185	0.3835274	-0.12569365	-0.22028996	0.53278786	0.5242856	0.6920124	-0.28346527	0.10595201	-0.3557043	-0.07072781	-0.1613861	-0.19522206	0.44716263	-0.31121302	-0.35595742	0.0930997
0.0080652805	0.17610614	-0.34237662	-0.3473248	-0.64154184	-0.22709648	-0.031271253	-0.47988254	0.2208569	-0.3966696	-0.48652884	0.11694106	0.14956512	-0.23643346	0.39311287	-0.13438126	-0.21805818	0.5334261	0.5226883	0.6964401	-0.26703504	0.13050245	-0.36517504	-0.052433047	-0.1692618	-0.21532403	0.45171502	-0.2995497	-0.34823585	0.12605405
0.011933628	0.169499	-0.31219226	-0.3581253	-0.621428	-0.21975952	-0.050444648	-0.48979992	0.21650082	-0.39243215	-0.47777027	0.115090035	0.16567342	-0.25018325	0.35951945	-0.13302547	-0.22142474	0.5428356	0.50994974	0.6633802	-0.2761806	0.12462892	-0.3766814	-0.06333433	-0.15901321	-0.20675023	0.43738765	-0.31355476	-0.36296415	0.09238334
0.0349838	0.18254788	-0.32814983	-0.3420229	-0.6098823	-0.22675098	-0.049933672	-0.46261692	0.21353824	-0.39798018	-0.50207967	0.09618091	0.15898025	-0.229607	0.36988068	-0.12666039	-0.21837924	0.5371952	0.51613164	0.6642961	-0.28716755	0.107738905	-0.3560858	-0.054589134	-0.14314798	-0.21528228	0.44770926	-0.30775246	-0.3478479	0.10397827
0.03215499	0.199571	-0.3464692	-0.3480604	-0.65469116	-0.22092272	-0.05534822	-0.4915959	0.23261721	-0.41693848	-0.50310004	0.10144322	0.16276442	-0.25308266	0.39610672	-0.15434997	-0.22703652	0.56040126	0.5202203	0.6984302	-0.27951288	0.11217914	-0.36556593	-0.078790076	-0.15194012	-0.19833729	0.46816152	-0.3180815	-0.3617815	0.11477277
0.029765323	0.18326539	-0.32906333	-0.35402876	-0.6268599	-0.24765334	-0.05361728	-0.4906582	0.20444989	-0.4197359	-0.49439684	0.10782763	0.14470981	-0.2433262	0.37954715	-0.14110185	-0.2215694	0.54975194	0.5133152	0.70593905	-0.30032042	0.12831885	-0.37036955	-0.07949991	-0.14749777	-0.1982282	0.4511657	-0.29215387	-0.37223288	0.115240954
0.01097813	0.17941642	-0.3289793	-0.3520081	-0.60362995	-0.21604566	-0.05164896	-0.47105083	0.19791137	-0.39595255	-0.47209668	0.10825741	0.16813125	-0.23845819	0.38198397	-0.11864336	-0.23606624	0.53541756	0.50846237	0.6805428	-0.29280207	0.12414614	-0.35621968	-0.07363532	-0.15986468	-0.21067552	0.45857954	-0.3037949	-0.34752384	0.11378617
0.025071977	0.16919413	-0.34235045	-0.35031447	-0.6155709	-0.23445013	-0.027774991	-0.46778914	0.20950581	-0.3910237	-0.46748865	0.0879529	0.16535313	-0.25825104	0.38207653	-0.1193829	-0.21014214	0.538289	0.48173696	0.68325603	-0.28772637	0.107589	-0.3577141	-0.05886514	-0.13443059	-0.1977539	0.4230804	-0.29054436	-0.3600161	0.1208617
0.008556058	0.18794346	-0.3416952	-0.33430403	-0.6261117	-0.23804955	-0.022531062	-0.47313273	0.21276627	-0.38562757	-0.48821574	0.09378249	0.16854374	-0.24892999	0.39424434	-0.13856435	-0.21360086	0.5494115	0.4938544	0.6938454	-0.30011675	0.13264968	-0.35319576	-0.08086025	-0.16072078	-0.20549776	0.45278803	-0.30124566	-0.36847115	0.10838047
0.010403026	0.16496342	-0.34784892	-0.32921568	-0.6161929	-0.23976482	-0.031771693	-0.46657467	0.20496804	-0.39557052	-0.4850785	0.110904634	0.14619274	-0.2627548	0.3855299	-0.15056427	-0.21684195	0.5384799	0.51714045	0.67496324	-0.28113195	0.10892565	-0.3813148	-0.08219984	-0.16165651	-0.19526409	0.4484049	-0.28617403	-0.34558	0.09679247
0.0042623864	0.17929566	-0.33875248	-0.33927885	-0.6417961	-0.23886207	-0.045517705	-0.4916999	0.20254421	-0.3875632	-0.49486423	0.10851095	0.15282233	-0.2577095	0.3882446	-0.13337992	-0.22799459	0.5381304	0.5307409	0.7095554	-0.29256764	0.12194135	-0.36034405	-0.07307983	-0.14528668	-0.21309572	0.44285175	-0.31725955	-0.34940913	0.11239299
0.023484718	0.16446343	-0.33560908	-0.32764462	-0.6163036	-0.22564426	-0.030492416	-0.48530006	0.22417943	-0.4008183	-0.47451586	0.10005071	0.15845391	-0.25601897	0.38915688	-0.1531052	-0.23524185	0.5208033	0.49932018	0.69124836	-0.28921977	0.11446635	-0.3652674	-0.054597713	-0.15615992	-0.20040691	0.43195012	-0.2828455	-0.3448987	0.097074054
0.012047602	0.18639381	-0.32842642	-0.33557415	-0.648777	-0.22417296	-0.053221874	-0.4952844	0.21321583	-0.4136999	-0.49700087	0.11064397	0.14731893	-0.23721832	0.3742214	-0.1556976	-0.241055	0.55985457	0.5039519	0.67871344	-0.27564746	0.11240034	-0.3773476	-0.07990516	-0.14324498	-0.20945574	0.47137463	-0.29048076	-0.34846604	0.104667425
0.01016052	0.17375259	-0.31890213	-0.34426564	-0.61587733	-0.22081292	-0.043269183	-0.46098027	0.20248035	-0.38556418	-0.48906314	0.118733644	0.15114725	-0.24215584	0.37179098	-0.14116687	-0.21989986	0.53289896	0.51412946	0.6672246	-0.28490436	0.110661626	-0.3635096	-0.07163948	-0.15043752	-0.21577068	0.44756496	-0.3049833	-0.3635338	0.107793964
0.027450738	0.16366999	-0.35039282	-0.35943636	-0.64640826	-0.23995134	-0.037712097	-0.5039488	0.20664997	-0.4137689	-0.50042486	0.10043539	0.14156924	-0.25583327	0.38382548	-0.13725132	-0.23264964	0.5496541	0.5197652	0.6883255	-0.28981438	0.10970096	-0.37741342	-0.085476205	-0.15685028	-0.20678349	0.4569306	-0.30436367	-0.34484345	0.098792195
0.0326441	0.19129622	-0.3437312	-0.35296732	-0.64393723	-0.24583095	-0.036921915	-0.51104033	0.22830586	-0.41584978	-0.49802163	0.09504747	0.15999335	-0.24430314	0.40765998	-0.1442562	-0.22811049	0.56128496	0.52995664	0.7113381	-0.30177224	0.11467704	-0.37231237	-0.07586839	-0.17719233	-0.21593495	0.46950117	-0.32463753	-0.35994235	0.11343673
0.009520607	0.16478777	-0.32907766	-0.3595976	-0.6243699	-0.24147584	-0.04340953	-0.49936756	0.22377151	-0.3830122	-0.5019744	0.09922876	0.16197851	-0.24101174	0.3789835	-0.14582045	-0.22481148	0.53590655	0.5313809	0.6854468	-0.2735207	0.10084575	-0.38903105	-0.08401466	-0.14553602	-0.19656226	0.4522756	-0.31649113	-0.35766447	0.10100248
0.013452862	0.1915886	-0.34330168	-0.36481243	-0.64079523	-0.2447296	-0.04272746	-0.47761676	0.22335038	-0.3973918	-0.47727725	0.09088153	0.16646852	-0.2456321	0.36565173	-0.13356942	-0.24123712	0.52919346	0.5114173	0.6965746	-0.28857633	0.10428258	-0.36883768	-0.0667903	-0.1737629	-0.21439366	0.4627505	-0.31089583	-0.34402508	0.11717643
0.015003261	0.17852454	-0.34178877	-0.36388692	-0.642337	-0.22665441	-0.027599512	-0.47825786	0.20611742	-0.3962382	-0.49021357	0.09841892	0.16476531	-0.23278579	0.3619949	-0.13696827	-0.23842333	0.5246501	0.51938426	0.6983039	-0.29733515	0.11822269	-0.36722264	-0.07305469	-0.17158245	-0.18890706	0.43498307	-0.300166	-0.35784453	0.094658464
0.0340967	0.18257575	-0.34770516	-0.33740702	-0.62603277	-0.21998096	-0.05005028	-0.49629745	0.20096909	-0.39749005	-0.50339067	0.09085776	0.14380524	-0.24189301	0.3845082	-0.15154172	-0.2250786	0.5525115	0.5319462	0.6960556	-0.27516484	0.13196437	-0.35772052	-0.05290695	-0.16526549	-0.19668771	0.46813044	-0.29199913	-0.36298326	0.11127541
0.014029335	0.1895262	-0.32496673	-0.34435734	-0.62919605	-0.23314878	-0.037493307	-0.48365554	0.2125022	-0.39113733	-0.47467595	0.09855434	0.15463986	-0.23099083	0.39260492	-0.13462694	-0.23391923	0.5431386	0.51840156	0.686553	-0.2980079	0.107764736	-0.3656834	-0.051059857	-0.14680426	-0.19237977	0.45434922	-0.3048796	-0.35920474	0.09801626
0.016577339	0.16455927	-0.315576	-0.3244668	-0.6328821	-0.24172324	-0.044748724	-0.45602605	0.22396289	-0.3932164	-0.48802805	0.10670946	0.14955638	-0.25544515	0.37682196	-0.12895714	-0.23497131	0.527701	0.4947634	0.65476453	-0.2911714	0.10538687	-0.36153677	-0.063031316	-0.16400707	-0.19526699	0.45747334	-0.30691653	-0.35941282	0.107598975
0.022091273	0.17627847	-0.33768958	-0.34880736	-0.6318272	-0.24324565	-0.048026085	-0.46944815	0.20344087	-0.37274003	-0.47278246	0.09048862	0.16685553	-0.24160445	0.37179556	-0.13784161	-0.22102398	0.5496388	0.51768774	0.67857444	-0.28814223	0.12472287	-0.35559413	-0.08181377	-0.14648719	-0.20100915	0.45675495	-0.29076025	-0.3629855	0.12053979
0.03127216	0.15911165	-0.32535002	-0.33754873	-0.5798711	-0.22615318	-0.021240402	-0.45355847	0.21744907	-0.3723438	-0.4554949	0.09737983	0.14929488	-0.23722364	0.36580503	-0.14699407	-0.20980251	0.5097297	0.47175518	0.65538317	-0.27432683	0.09319198	-0.34394	-0.07914683	-0.14842017	-0.17879249	0.43523037	-0.29910704	-0.33906803	0.119433254
0.030933226	0.18679729	-0.31021312	-0.33652458	-0.6195296	-0.22689474	-0.033103168	-0.45303756	0.22270969	-0.38941684	-0.49127018	0.1111778	0.15772398	-0.22640657	0.36330897	-0.12262896	-0.23008125	0.52548945	0.49233428	0.66053736	-0.29333115	0.109439924	-0.34707242	-0.070670396	-0.16027774	-0.20077294	0.43980947	-0.29845473	-0.3622838	0.11494727
0.034731433	0.18854305	-0.324066	-0.32465595	-0.61719376	-0.24211276	-0.028552776	-0.47984928	0.19501354	-0.38547775	-0.4659894	0.097497135	0.16041028	-0.23502831	0.3761896	-0.119910985	-0.20943645	0.5374987	0.49864268	0.6759447	-0.28691036	0.12439204	-0.356101	-0.080548465	-0.16079184	-0.21052393	0.4571739	-0.3090233	-0.33137628	0.112446316
0.006534943	0.15703756	-0.3121434	-0.33494055	-0.6115637	-0.2375563	-0.033562925	-0.46192786	0.22627898	-0.38116074	-0.49479586	0.09369723	0.1480582	-0.25747	0.37925574	-0.13049732	-0.21655034	0.53243273	0.48114976	0.6775659	-0.29425365	0.11365449	-0.35005686	-0.051355243	-0.14156596	-0.19776054	0.42741066	-0.28500986	-0.3351249	0.119226284
0.013467461	0.16208526	-0.30596593	-0.35003608	-0.6060864	-0.22328947	-0.047325846	-0.45917866	0.21107635	-0.3651938	-0.48524502	0.10611748	0.14877231	-0.2216603	0.35429513	-0.1398716	-0.227905	0.528943	0.47658166	0.64723057	-0.26985696	0.09705961	-0.3652224	-0.07121334	-0.15318242	-0.20780092	0.44109756	-0.2864408	-0.3300302	0.09562799
0.005588761	0.18661568	-0.34323034	-0.3524158	-0.60805637	-0.2213896	-0.030881992	-0.46308357	0.22049338	-0.38419425	-0.48565248	0.09661603	0.15992977	-0.25041568	0.37702125	-0.12477066	-0.21211144	0.54363984	0.48497593	0.68528694	-0.28401926	0.10515896	-0.36758125	-0.051770244	-0.14722116	-0.191948	0.4593232	-0.30579343	-0.36180907	0.11376649
0.0008574187	0.18947019	-0.32439053	-0.33817157	-0.6348402	-0.21700831	-0.04965437	-0.48639417	0.22689067	-0.37969455	-0.500131	0.10655283	0.15036216	-0.26222178	0.37178957	-0.129442	-0.21487121	0.52448034	0.5184538	0.6769557	-0.28424674	0.10968598	-0.38115576	-0.07985375	-0.16896345	-0.21056518	0.46168593	-0.3045708	-0.3470687	0.11743968
0.025396584	0.17189085	-0.3271593	-0.34189847	-0.616912	-0.23572633	-0.021922119	-0.47718403	0.2277167	-0.3792371	-0.503581	0.10716244	0.15912086	-0.23626457	0.37372944	-0.13488002	-0.2286345	0.53952926	0.4937536	0.70081216	-0.2885056	0.114443265	-0.38038108	-0.083288416	-0.16103251	-0.21791126	0.44888958	-0.30014595	-0.35786867	0.095825665
0.01730848	0.1860127	-0.3175824	-0.35088694	-0.59980077	-0.23958994	-0.053829875	-0.46732783	0.20584534	-0.3935585	-0.49364	0.09457834	0.14583258	-0.24857575	0.3817675	-0.12198909	-0.21529408	0.5337381	0.49125835	0.66682947	-0.29440168	0.12633282	-0.37298414	-0.07560808	-0.14735188	-0.19984187	0.45231375	-0.28962964	-0.34821317	0.0967308
0.024753405	0.18309894	-0.35054985	-0.33589503	-0.6495138	-0.24664323	-0.025031183	-0.47438422	0.21857706	-0.3956834	-0.48625776	0.09799162	0.17107992	-0.2625196	0.3957035	-0.1458516	-0.24234477	0.5303207	0.507401	0.6996865	-0.28422812	0.12472093	-0.3626128	-0.07844553	-0.15990216	-0.21521719	0.46928468	-0.29964638	-0.35143742	0.12176457
0.005120115	0.17683353	-0.33762872	-0.3473928	-0.63921064	-0.24769786	-0.02231673	-0.4883934	0.20379692	-0.38852555	-0.49980187	0.12041452	0.15651493	-0.24737331	0.3640565	-0.1420387	-0.22057083	0.5260975	0.5030547	0.69684607	-0.27966318	0.102939345	-0.3695604	-0.068910405	-0.15493663	-0.20129189	0.4661576	-0.29637775	-0.35445514	0.1088672
0.029024545	0.17735761	-0.3288965	-0.34105003	-0.6064119	-0.2315692	-0.02892085	-0.4899448	0.22419807	-0.39248982	-0.50169736	0.11813721	0.14287937	-0.2398354	0.3819162	-0.13087906	-0.23258284	0.54820144	0.50942785	0.66332984	-0.28172266	0.123730056	-0.37768686	-0.07770377	-0.16694607	-0.18743967	0.46608663	-0.289264	-0.3400105	0.10978409
0.017441716	0.17387295	-0.3346945	-0.33974358	-0.59833676	-0.22731711	-0.031056864	-0.47885922	0.20586242	-0.3921307	-0.49427706	0.11192361	0.15709011	-0.24640852	0.37364733	-0.13513725	-0.20904672	0.508731	0.50267524	0.65319675	-0.2901461	0.12816566	-0.36851168	-0.0797565	-0.16680916	-0.18636134	0.45030832	-0.3094253	-0.3352524	0.09330269
0.002134665	0.17924486	-0.3174177	-0.35519907	-0.6380382	-0.21528183	-0.053504616	-0.4949608	0.22445019	-0.403557	-0.49027252	0.11269415	0.1365376	-0.24746424	0.3822173	-0.14842282	-0.21413474	0.52390987	0.52039695	0.6725654	-0.26906314	0.113969356	-0.3682024	-0.0800178	-0.150528	-0.18953274	0.434929	-0.30718607	-0.34459874	0.12015559
0.030294621	0.19460773	-0.3425411	-0.36021864	-0.6283205	-0.23793429	-0.020619327	-0.47783163	0.22324598	-0.38473803	-0.49220988	0.10210985	0.148405	-0.2562117	0.39239427	-0.12163833	-0.22002137	0.5206727	0.5079112	0.6706924	-0.26371786	0.11949753	-0.3629802	-0.054280072	-0.14982523	-0.19555065	0.465179	-0.28308636	-0.3596418	0.12691703
0.018063948	0.18578915	-0.33840922	-0.35632515	-0.6261128	-0.23519143	-0.049572855	-0.47172868	0.20167369	-0.39501867	-0.47710404	0.09287603	0.15534283	-0.2446133	0.36990643	-0.14245023	-0.22351356	0.516527	0.5024987	0.66176766	-0.2802792	0.10482195	-0.36803323	-0.07677752	-0.15453306	-0.19319713	0.45461038	-0.30843842	-0.35824817	0.115876526
0.019708661	0.16554008	-0.3330817	-0.35100725	-0.646304	-0.24419773	-0.032224685	-0.49313304	0.20619315	-0.3903883	-0.5232798	0.117088445	0.1501783	-0.26505563	0.37606385	-0.13239947	-0.24460852	0.5553553	0.5245995	0.71246696	-0.3017615	0.111682445	-0.38119587	-0.0770267	-0.16210048	-0.22489505	0.46310422	-0.31864882	-0.34988692	0.12571585
0.0011587003	0.17528829	-0.333836	-0.35210806	-0.62537336	-0.22139235	-0.05439278	-0.4874665	0.20433196	-0.40713662	-0.50118065	0.10752607	0.15918413	-0.26140782	0.39094898	-0.15097037	-0.23250175	0.55746114	0.50659907	0.67712283	-0.28768063	0.1285177	-0.3825407	-0.06626187	-0.15956508	-0.20037456	0.4477038	-0.32032767	-0.3597548	0.09945813
0.015560585	0.17252013	-0.35677716	-0.34999883	-0.6362151	-0.22804329	-0.026011134	-0.50136864	0.2238349	-0.40587637	-0.5017963	0.11132262	0.15053631	-0.26994538	0.39182204	-0.13985379	-0.24223003	0.5592858	0.532497	0.7059437	-0.28597784	0.1275027	-0.38976198	-0.087833785	-0.14671205	-0.22475888	0.47707987	-0.3165708	-0.38070455	0.10700503
0.03438237	0.18121716	-0.34119102	-0.35092103	-0.60550404	-0.23452546	-0.04522808	-0.46736446	0.21811077	-0.39486036	-0.5029149	0.11970665	0.16340515	-0.2532294	0.3908821	-0.14726125	-0.22875437	0.530202	0.516717	0.67595255	-0.2741321	0.10317387	-0.35605898	-0.06636227	-0.15216534	-0.18259767	0.46306938	-0.28206792	-0.35500583	0.09646107
0.03421245	0.16193207	-0.34665012	-0.33401608	-0.61509246	-0.24255662	-0.028935358	-0.5031346	0.2088973	-0.38878298	-0.48399454	0.111930445	0.15117541	-0.24157898	0.3876486	-0.121473625	-0.21963021	0.55259824	0.52029014	0.6894504	-0.29128236	0.10476244	-0.35906896	-0.06139291	-0.15062177	-0.18848467	0.44138262	-0.31926697	-0.3617333	0.10600653
0.01649209	0.16067319	-0.32745558	-0.35656247	-0.6274071	-0.21581014	-0.047832128	-0.48854277	0.21455443	-0.39213234	-0.49305332	0.1066661	0.1503772	-0.22999525	0.38481244	-0.11984055	-0.20724948	0.521317	0.51424605	0.6752159	-0.28792796	0.10080657	-0.37130624	-0.067154415	-0.13880268	-0.18975753	0.44452098	-0.3025907	-0.3420601	0.11936523
0.0012602251	0.17586333	-0.33201808	-0.35404193	-0.62573504	-0.23769325	-0.029936133	-0.47552145	0.22554109	-0.39781737	-0.4766406	0.09828834	0.14792906	-0.2543803	0.38252866	-0.12785885	-0.22081627	0.5200626	0.5016103	0.68826336	-0.2708591	0.11533851	-0.37329996	-0.08006655	-0.15189148	-0.18798774	0.45909888	-0.29812056	-0.3570785	0.10868111
0.014099773	0.1545885	-0.3373429	-0.33086884	-0.61279505	-0.207383	-0.042283706	-0.45911166	0.21682379	-0.38146913	-0.48397055	0.106375344	0.13321391	-0.25225753	0.3549142	-0.1397596	-0.21146725	0.5094889	0.49202618	0.644764	-0.26977476	0.101895645	-0.34590602	-0.07652613	-0.16395299	-0.19892864	0.43647954	-0.28682438	-0.35208905	0.09355935
-0.00026637627	0.1829648	-0.3048977	-0.32316703	-0.59954506	-0.21945219	-0.03201093	-0.4625284	0.19251958	-0.36514792	-0.48492968	0.116341606	0.14147367	-0.22654574	0.35179952	-0.14757559	-0.2051173	0.5131419	0.46941814	0.64130414	-0.27739927	0.12568219	-0.34790623	-0.053713262	-0.14494102	-0.20820013	0.44558358	-0.28975642	-0.34629583	0.08995803
0.032253124	0.18907441	-0.36031032	-0.368694	-0.63593835	-0.23999985	-0.02355478	-0.5141015	0.22951005	-0.41369674	-0.5013737	0.10695651	0.17848468	-0.26652926	0.3892964	-0.1588241	-0.22887336	0.56474036	0.5117266	0.7167955	-0.30604562	0.13158236	-0.3848123	-0.061874337	-0.14928885	-0.21270932	0.46185175	-0.32021275	-0.36420158	0.11864094
0.031046154	0.18977459	-0.31762737	-0.36387536	-0.639943	-0.22550583	-0.037559245	-0.48167256	0.20136033	-0.40376887	-0.4812877	0.11449781	0.16258678	-0.2524797	0.37363517	-0.13403784	-0.21537176	0.53026295	0.52292633	0.70439774	-0.28707644	0.10197716	-0.38141945	-0.05362877	-0.14206327	-0.20376801	0.46186972	-0.29873517	-0.37268057	0.12142043
0.021299742	0.17573409	-0.34112024	-0.35473114	-0.6464051	-0.24428204	-0.030662352	-0.48901045	0.22774561	-0.3917508	-0.5040574	0.093181886	0.16152537	-0.2646677	0.37462214	-0.14471509	-0.23801494	0.55751336	0.531135	0.7062781	-0.2864737	0.12497119	-0.39586964	-0.055060633	-0.15728047	-0.20159708	0.4729562	-0.32524067	-0.382683	0.11031317
0.010390233	0.17814016	-0.33160862	-0.3533324	-0.61748594	-0.21814659	-0.043121617	-0.48994043	0.21365029	-0.3811528	-0.4920893	0.11301569	0.14882638	-0.23343901	0.38228676	-0.12184711	-0.23749566	0.55279344	0.5177777	0.69890875	-0.27121237	0.12934212	-0.36902446	-0.0567329	-0.15107155	-0.1929137	0.43953568	-0.3183684	-0.36490896	0.10065579
0.0022452862	0.18012787	-0.3312393	-0.33150426	-0.60900086	-0.24006763	-0.04936636	-0.4932744	0.19660881	-0.400977	-0.5004784	0.089650944	0.14743537	-0.25740317	0.362098	-0.14102772	-0.22921821	0.532385	0.5149797	0.68271774	-0.27959165	0.10535209	-0.3640943	-0.077665105	-0.16238865	-0.19746162	0.45166668	-0.29195693	-0.33763197	0.11180884
0.016752906	0.17367426	-0.33547798	-0.35566232	-0.6238142	-0.23622812	-0.049932852	-0.48654276	0.22376682	-0.39959335	-0.47066233	0.08862304	0.14193693	-0.2563605	0.37067255	-0.13123508	-0.20682901	0.5352834	0.50783443	0.67758065	-0.2769661	0.110465445	-0.3616654	-0.06633655	-0.13905098	-0.20375507	0.461235	-0.28581715	-0.33762148	0.1234834
0.004416639	0.18038416	-0.3249279	-0.31664318	-0.6035061	-0.22475219	-0.052313425	-0.45786172	0.1960903	-0.38297838	-0.47696966	0.10491026	0.16022085	-0.25176913	0.3505744	-0.12126891	-0.20149906	0.5340567	0.49234286	0.66374713	-0.2903889	0.09647082	-0.35994276	-0.06075352	-0.16596866	-0.2003001	0.4200489	-0.28457558	-0.32403618	0.12008135
0.03262613	0.17443201	-0.33459625	-0.34702408	-0.62528646	-0.21475068	-0.05583508	-0.46997747	0.22356363	-0.38825428	-0.5077837	0.09909676	0.16796435	-0.23045012	0.3678036	-0.14625654	-0.24013028	0.5474621	0.51921004	0.6976368	-0.28027526	0.120823555	-0.36021066	-0.08118968	-0.14599125	-0.20789091	0.4421479	-0.30798963	-0.34613088	0.097785614
0.036831826	0.20102398	-0.3503757	-0.35092768	-0.6559008	-0.25591803	-0.035049368	-0.49553835	0.22989817	-0.39714798	-0.5053734	0.097172394	0.16846243	-0.2509481	0.40307888	-0.12896761	-0.22265522	0.5404496	0.5320574	0.7226066	-0.30220428	0.121104	-0.38537288	-0.07126685	-0.15217909	-0.22332071	0.47122264	-0.30298775	-0.3813472	0.1145338
0.0017922613	0.18834826	-0.32372355	-0.35961172	-0.62182254	-0.22490342	-0.026681313	-0.49174324	0.23337775	-0.38507828	-0.51103294	0.12043796	0.15314402	-0.24763057	0.3988294	-0.13121784	-0.2423902	0.5526753	0.51892304	0.6970961	-0.29807138	0.10677587	-0.37105465	-0.073661566	-0.15296556	-0.21323322	0.47093615	-0.3223448	-0.37153354	0.12233097
0.015659038	0.19057207	-0.3299493	-0.36323985	-0.6476151	-0.23277828	-0.05376402	-0.47342864	0.21494576	-0.39775985	-0.48443842	0.11981603	0.1616229	-0.24987969	0.38262913	-0.13212134	-0.22351438	0.54940915	0.51680213	0.69171125	-0.2729811	0.10989742	-0.36889932	-0.081086844	-0.15402654	-0.20531276	0.44614342	-0.31825432	-0.34963167	0.11839195
0.0027084586	0.16630882	-0.3320497	-0.3678639	-0.6590104	-0.24532473	-0.021112809	-0.49630255	0.23091282	-0.4054138	-0.49672258	0.11503829	0.15666258	-0.24240588	0.37496182	-0.13492323	-0.23690408	0.55773705	0.52008474	0.69224817	-0.29995304	0.11193187	-0.3842639	-0.068602785	-0.1407706	-0.19291902	0.455023	-0.31414968	-0.3621802	0.10964271
0.01092721	0.19467062	-0.34020907	-0.33430582	-0.6465362	-0.23619162	-0.029240217	-0.48654792	0.22467294	-0.4086139	-0.48601744	0.12522799	0.16231395	-0.2520116	0.3748282	-0.14660665	-0.22788244	0.53856885	0.49758554	0.671048	-0.27094412	0.10926823	-0.37192893	-0.085984685	-0.14751157	-0.20113361	0.46370548	-0.3154148	-0.34148616	0.109723955
0.029142348	0.17348413	-0.34161454	-0.3500827	-0.64409626	-0.2458992	-0.03627828	-0.4923558	0.21336377	-0.38994226	-0.5120394	0.101830974	0.16585562	-0.25718793	0.4027298	-0.14616174	-0.2171694	0.5433733	0.50211877	0.7014705	-0.29704356	0.13403544	-0.3857391	-0.078731254	-0.16062863	-0.20764555	0.45152667	-0.32372817	-0.3575533	0.10657719
0.013444564	0.18742038	-0.3207532	-0.32203832	-0.6155077	-0.2328059	-0.038153138	-0.46550474	0.2121837	-0.3623634	-0.47316578	0.10201838	0.13669717	-0.23283002	0.36019176	-0.12900935	-0.23537427	0.51715505	0.4841335	0.6710001	-0.27660906	0.105905294	-0.35862452	-0.051062107	-0.15397064	-0.17779188	0.43900347	-0.28492156	-0.3375783	0.09381524
0.0078987535	0.18511403	-0.3425964	-0.34213248	-0.6529702	-0.25309354	-0.025327463	-0.48132184	0.22877263	-0.41753128	-0.49966377	0.12732655	0.16546384	-0.23913603	0.41717395	-0.13473687	-0.24485391	0.5524193	0.5344631	0.71912426	-0.29247943	0.13738209	-0.38662058	-0.05924269	-0.15561496	-0.21967071	0.46838683	-0.32751954	-0.37651187	0.13073337
0.007152086	0.1867031	-0.3368502	-0.32856873	-0.6126594	-0.21868466	-0.050899122	-0.46153584	0.21667324	-0.3749146	-0.50249743	0.12456219	0.16297385	-0.24646711	0.39421368	-0.1330925	-0.20970003	0.5175163	0.49916482	0.67587227	-0.2668616	0.1274995	-0.35410702	-0.0785987	-0.15974577	-0.21411271	0.43358642	-0.31059834	-0.3609537	0.10961711
0.03081967	0.19421728	-0.3509648	-0.3689433	-0.6404275	-0.25145036	-0.0566811	-0.5013856	0.20364305	-0.3819127	-0.5159738	0.12347171	0.15153788	-0.23688643	0.39564288	-0.14832786	-0.24330176	0.5446044	0.51288414	0.6991521	-0.28780127	0.12953177	-0.38392398	-0.068144076	-0.16868186	-0.20764591	0.4461181	-0.30820277	-0.36516827	0.1281075
0.0023364804	0.17607293	-0.33737126	-0.35860485	-0.61673564	-0.22439428	-0.056555547	-0.48669955	0.19820973	-0.3739391	-0.49454337	0.09035523	0.16403605	-0.24015847	0.36435863	-0.1362111	-0.22871007	0.53500986	0.50843763	0.6889285	-0.26286197	0.09799447	-0.34274787	-0.06813966	-0.13922417	-0.18401182	0.45472497	-0.312305	-0.34369257	0.09142018
0.032278813	0.15693979	-0.34222698	-0.35665375	-0.63115495	-0.23052233	-0.028354382	-0.4980548	0.20476802	-0.4078361	-0.50758	0.09941882	0.16484514	-0.25941074	0.38651538	-0.14485916	-0.23804395	0.52732205	0.5094487	0.6938308	-0.27110663	0.12587035	-0.3764479	-0.086015165	-0.15672384	-0.1925397	0.46164486	-0.31432486	-0.35042375	0.09584962
0.028320765	0.15962711	-0.33916712	-0.32024404	-0.6137528	-0.22778259	-0.041845236	-0.4665678	0.21852832	-0.39218545	-0.4719871	0.090337075	0.15858713	-0.24498354	0.38578033	-0.15045637	-0.21064958	0.52969843	0.4874099	0.6753716	-0.28903955	0.107119605	-0.36003265	-0.06650721	-0.16735426	-0.19455197	0.453538	-0.27786618	-0.33685467	0.10185828
0.0063378382	0.17611493	-0.3213077	-0.33363867	-0.6101826	-0.2381999	-0.022573475	-0.46794444	0.19610934	-0.37160873	-0.48104292	0.11528282	0.13236411	-0.24696468	0.37712166	-0.12831216	-0.22633646	0.51842767	0.47779715	0.6753355	-0.28438586	0.10921784	-0.34465092	-0.07837258	-0.15907566	-0.20461443	0.4449586	-0.30360174	-0.33862188	0.096542016
0.008802039	0.16135176	-0.33419955	-0.3385722	-0.60797286	-0.23803328	-0.04047791	-0.4596638	0.19836858	-0.3626019	-0.46078044	0.0938496	0.15215273	-0.22083679	0.36653605	-0.13150534	-0.21808793	0.5088042	0.4997869	0.64452547	-0.2835845	0.10660464	-0.34010345	-0.061489552	-0.15098321	-0.19273165	0.43459696	-0.2942872	-0.34617046	0.122025594
0.028709125	0.16537258	-0.32995948	-0.34625804	-0.59922004	-0.21516055	-0.04965	-0.457323	0.20263386	-0.39504677	-0.4638081	0.1139925	0.16312051	-0.25537983	0.38177016	-0.14845441	-0.23332334	0.5086255	0.48744994	0.68331796	-0.26305473	0.09862013	-0.34630632	-0.06344941	-0.15176834	-0.1941222	0.44796464	-0.31191543	-0.3461085	0.09803766
0.010239418	0.17629637	-0.31069934	-0.34978956	-0.60244983	-0.24346024	-0.0519123	-0.47703698	0.20570153	-0.40132943	-0.47806668	0.10431091	0.13406609	-0.23298082	0.36459333	-0.12958568	-0.2284763	0.51678574	0.4975204	0.64725125	-0.29052338	0.11929769	-0.35853365	-0.07198995	-0.1690814	-0.19095638	0.45518988	-0.3007516	-0.34710655	0.10022841
0.01257678	0.18807565	-0.31328598	-0.35552433	-0.6235569	-0.21534269	-0.038439013	-0.46415824	0.22488447	-0.38660255	-0.48312545	0.094775505	0.13686949	-0.22751893	0.35606363	-0.14522634	-0.2279614	0.52437377	0.5073967	0.6591489	-0.26411447	0.116705194	-0.36686283	-0.06558168	-0.14909521	-0.2094907	0.4568212	-0.29895806	-0.3568786	0.10839567
0.00933823	0.16062509	-0.3251204	-0.31881133	-0.60982347	-0.21929985	-0.03593736	-0.46028897	0.19793506	-0.36504227	-0.4677852	0.10674419	0.16218308	-0.22578175	0.37344	-0.13613482	-0.22022018	0.51262015	0.49345997	0.6621471	-0.28958037	0.110682145	-0.3365426	-0.052078277	-0.1687845	-0.18536256	0.4421599	-0.295875	-0.3359506	0.107340924
0.0096451	0.17821419	-0.30580762	-0.3321792	-0.6232917	-0.21837907	-0.053349555	-0.4659038	0.21251555	-0.38032776	-0.4884418	0.09785896	0.16029286	-0.25285435	0.3754386	-0.14006004	-0.20507073	0.53545684	0.48037544	0.6671724	-0.2871212	0.124550685	-0.3582055	-0.05811948	-0.16622244	-0.20024924	0.44676948	-0.29587978	-0.35084608	0.09779482
0.029402647	0.18617177	-0.31740174	-0.35939348	-0.6163982	-0.21242343	-0.025892155	-0.4901172	0.22069934	-0.37245092	-0.5005973	0.11069679	0.13446903	-0.24913844	0.38245323	-0.13061109	-0.209009	0.5239622	0.48790944	0.6807752	-0.28735763	0.1276933	-0.35928842	-0.05534534	-0.14143448	-0.20781144	0.45692664	-0.3092002	-0.3430306	0.10001112
0.013384802	0.16019778	-0.31664243	-0.3347776	-0.6392301	-0.24257995	-0.024486817	-0.47606188	0.22883116	-0.39972067	-0.48834285	0.10553551	0.15877391	-0.26276103	0.3792982	-0.14367217	-0.21374185	0.5471394	0.52242893	0.67546165	-0.289594	0.13199787	-0.3740539	-0.06978357	-0.17507856	-0.19969694	0.44458553	-0.30925348	-0.33761588	0.09667633
0.01558169	0.17712615	-0.34933236	-0.3334838	-0.6196434	-0.22976561	-0.054100838	-0.4744011	0.22063445	-0.40218875	-0.4870413	0.12416664	0.14939587	-0.24698783	0.39048517	-0.13253526	-0.23916483	0.54540795	0.49888295	0.68653756	-0.281291	0.11241507	-0.37287858	-0.050378103	-0.1567772	-0.21357276	0.4702507	-0.29244784	-0.35507196	0.12173594
0.026734926	0.1865162	-0.34245396	-0.34730226	-0.65668446	-0.24955375	-0.048931	-0.48281273	0.21264552	-0.3978246	-0.48528665	0.10874153	0.14175613	-0.2507476	0.39606982	-0.12732238	-0.22143994	0.53317964	0.5040562	0.68855286	-0.28940582	0.13481891	-0.39061204	-0.06089728	-0.15036927	-0.19739659	0.4677283	-0.3091415	-0.34768853	0.10538234
0.025993945	0.1676782	-0.327579	-0.31415546	-0.6008123	-0.22595498	-0.043090336	-0.46919492	0.19850232	-0.3827735	-0.47144896	0.102973476	0.13414767	-0.23540215	0.34898865	-0.14327195	-0.2112884	0.5252971	0.4836537	0.65613526	-0.27648103	0.112746604	-0.34876785	-0.058885828	-0.14459404	-0.19626482	0.42229962	-0.29336303	-0.34705204	0.09274506
0.013733984	0.16899545	-0.34056687	-0.34579545	-0.63080955	-0.22952846	-0.0497192	-0.47347406	0.21165131	-0.38044646	-0.49743646	0.102473855	0.16208778	-0.2589754	0.3742459	-0.1495417	-0.20805341	0.5352945	0.5215435	0.6865549	-0.286184	0.12587823	-0.3708223	-0.06803382	-0.14448562	-0.18801416	0.4625253	-0.3050996	-0.35977697	0.12064529
0.02649089	0.16379371	-0.3215287	-0.3551776	-0.6267414	-0.22931518	-0.04031833	-0.47810268	0.20159297	-0.36995816	-0.47928008	0.0934737	0.16732882	-0.22813953	0.36207834	-0.14728792	-0.21652183	0.5213311	0.4912392	0.67195034	-0.2913971	0.109344415	-0.3526288	-0.08371321	-0.1365024	-0.2009712	0.4369574	-0.2885406	-0.33894074	0.11086678
0.0013084147	0.18567611	-0.3377706	-0.3512923	-0.63270456	-0.21697341	-0.030729681	-0.47012222	0.20457794	-0.40571308	-0.49057883	0.09829876	0.15728833	-0.2616529	0.36539927	-0.15321633	-0.23745921	0.5395426	0.4899368	0.68104106	-0.27907252	0.11820697	-0.37379876	-0.05364803	-0.15206513	-0.2146349	0.44424862	-0.29528025	-0.37032747	0.11845855
0.0026011057	0.18200482	-0.31687635	-0.33272493	-0.61004806	-0.21452048	-0.030119155	-0.47759476	0.20131819	-0.36745587	-0.4756724	0.10657181	0.16328341	-0.23479433	0.35064033	-0.14209726	-0.23367798	0.5357021	0.4757481	0.6464443	-0.28729796	0.111199394	-0.36131445	-0.06930638	-0.14563899	-0.1968456	0.4313564	-0.3015476	-0.3409398	0.120083705
0.015182135	0.17033674	-0.35121956	-0.3562531	-0.6490175	-0.25063992	-0.054810986	-0.4890652	0.2186696	-0.41121864	-0.48964962	0.113965064	0.15696946	-0.26823005	0.38213614	-0.13628592	-0.23331329	0.54047483	0.5324039	0.689447	-0.28209564	0.13743894	-0.37459832	-0.0763638	-0.17072101	-0.19567207	0.46369198	-0.2971726	-0.3701626	0.099262424
0.025663787	0.17044768	-0.31950578	-0.31128863	-0.5668565	-0.21578342	-0.051435493	-0.45297188	0.19919743	-0.37395638	-0.44909704	0.10642529	0.15192272	-0.22717465	0.3540531	-0.1393153	-0.20117784	0.4944808	0.47883442	0.6353437	-0.26494324	0.09908793	-0.3480205	-0.068486765	-0.13219787	-0.17931055	0.40252596	-0.29240438	-0.32544512	0.102379635
0.0042116703	0.16128011	-0.30415192	-0.34247905	-0.5867773	-0.21932355	-0.0390824	-0.4454853	0.19356345	-0.37419283	-0.47077057	0.10607993	0.14811842	-0.21563177	0.34544718	-0.12961169	-0.20404553	0.51274836	0.46484253	0.6386593	-0.2589218	0.09782211	-0.33112377	-0.059648428	-0.14172052	-0.18232653	0.42866623	-0.26706326	-0.32588702	0.114948764
0.014116793	0.18369892	-0.32607165	-0.35189167	-0.6428276	-0.22686844	-0.03850953	-0.48023847	0.22492127	-0.3927276	-0.51385283	0.109641954	0.16483341	-0.26290315	0.3965999	-0.14433435	-0.22818714	0.5499245	0.4963306	0.68486756	-0.28887463	0.13007963	-0.35008568	-0.086886674	-0.14928423	-0.1956978	0.4689732	-0.3005977	-0.3522224	0.1158881
0.033369012	0.16012268	-0.3359016	-0.33090284	-0.6296842	-0.23320664	-0.024620175	-0.47782975	0.21051303	-0.37669683	-0.49413124	0.10311821	0.14451174	-0.25693187	0.38236958	-0.14606339	-0.2172842	0.5394312	0.5173873	0.68594486	-0.2744251	0.1113982	-0.37689793	-0.06920467	-0.16393852	-0.18238822	0.4512618	-0.29399312	-0.3399111	0.120449856
0.014800211	0.15017438	-0.30514655	-0.3305735	-0.6042089	-0.22402924	-0.034627616	-0.4586527	0.19552603	-0.36740267	-0.46845263	0.09863838	0.16111925	-0.22462076	0.3559351	-0.13906208	-0.20103067	0.5004415	0.4928674	0.6594701	-0.25224784	0.11165803	-0.33292568	-0.05097644	-0.1442749	-0.2066497	0.42688954	-0.28223917	-0.32453355	0.09465021
0.011752804	0.17701691	-0.32646182	-0.34155992	-0.6299936	-0.21406072	-0.037515208	-0.49520048	0.22868875	-0.4025835	-0.49080202	0.09261178	0.16973309	-0.23906219	0.36259127	-0.13995093	-0.21868294	0.5265003	0.49000946	0.6885953	-0.285145	0.12278743	-0.3574357	-0.051294424	-0.15941796	-0.21099205	0.46787173	-0.28731194	-0.35001475	0.100347094
0.0015319791	0.16697472	-0.3230018	-0.36687523	-0.65357137	-0.23712468	-0.02425698	-0.50598127	0.2339288	-0.40443328	-0.49961007	0.124896295	0.15769643	-0.2444747	0.3711633	-0.13496698	-0.23904252	0.5544725	0.49861965	0.69898826	-0.28062874	0.10775198	-0.38428313	-0.06046916	-0.1686627	-0.1998066	0.4393739	-0.29353222	-0.36390567	0.12394529
0.020686002	0.18551785	-0.31918207	-0.31918278	-0.59495836	-0.22665244	-0.032729458	-0.45288157	0.20217209	-0.38282096	-0.45947015	0.10163367	0.16530746	-0.25645027	0.3515241	-0.12716784	-0.22434781	0.5093134	0.4764348	0.6632943	-0.26746732	0.120542996	-0.35642466	-0.07997261	-0.16572303	-0.17963648	0.44185182	-0.28592902	-0.35476077	0.096419424
0.019428989	0.17357525	-0.34931594	-0.35240546	-0.62550765	-0.22903985	-0.037140712	-0.4633051	0.2011868	-0.38695452	-0.49687824	0.10099892	0.14010027	-0.23574233	0.39276224	-0.1339149	-0.23657253	0.5433435	0.50126964	0.6643355	-0.2810007	0.09823055	-0.36183584	-0.08335471	-0.15736344	-0.19374423	0.46253145	-0.3184761	-0.33540183	0.09342342
0.0029250423	0.17247564	-0.34199384	-0.35982776	-0.6304222	-0.23770516	-0.024380941	-0.48010242	0.20032635	-0.38635886	-0.5024406	0.096257515	0.16840164	-0.25781634	0.3657049	-0.14430007	-0.2186391	0.54169106	0.5200262	0.6756897	-0.29728952	0.11896351	-0.35672244	-0.066687666	-0.17041257	-0.19637826	0.431511	-0.2992817	-0.3674984	0.098141044
0.0219523	0.17191908	-0.3179079	-0.3384672	-0.61847436	-0.22857507	-0.052996185	-0.4872099	0.20394914	-0.38495323	-0.4782001	0.11771157	0.16997634	-0.25134024	0.3854322	-0.15361395	-0.23684414	0.52638733	0.5100354	0.68103135	-0.26900214	0.10299019	-0.36413035	-0.06409114	-0.16888402	-0.21377411	0.4592138	-0.29348877	-0.37095428	0.11942148
0.03185734	0.18293099	-0.31405243	-0.30959803	-0.5877463	-0.19977002	-0.03827509	-0.47016877	0.20246589	-0.3831986	-0.47428906	0.081403375	0.14942011	-0.2424821	0.36567757	-0.13908951	-0.1981355	0.49199575	0.46712092	0.6361872	-0.25498727	0.12818791	-0.3578783	-0.0805977	-0.13508351	-0.18113412	0.42147613	-0.27165887	-0.32722318	0.10880611
0.015402234	0.17141837	-0.32619053	-0.3467106	-0.6025568	-0.21888202	-0.027463615	-0.45973924	0.21451358	-0.3845818	-0.48420826	0.103663564	0.15645847	-0.22618653	0.3760351	-0.149124	-0.2181686	0.5244128	0.488258	0.64509076	-0.28649896	0.11274554	-0.34953627	-0.052224513	-0.15202272	-0.20377879	0.43109784	-0.28189275	-0.34821606	0.11011214
0.005226295	0.17129429	-0.3253953	-0.3605792	-0.6432019	-0.22465408	-0.036810644	-0.49022317	0.20147657	-0.40737164	-0.5112056	0.114493854	0.16313168	-0.26605657	0.40259343	-0.141128	-0.22615986	0.5448747	0.524016	0.6967234	-0.26985872	0.13576664	-0.3633948	-0.05843639	-0.1572127	-0.19381274	0.4750687	-0.304742	-0.3706575	0.12570007
0.010779607	0.19815801	-0.33115494	-0.33154735	-0.6203996	-0.24805166	-0.037255015	-0.4778962	0.20056249	-0.40219417	-0.5002836	0.10633368	0.15008315	-0.24387802	0.38417885	-0.14902693	-0.22663398	0.5281279	0.5118817	0.6836317	-0.27142242	0.11561001	-0.36004382	-0.05347946	-0.16834056	-0.19193263	0.4473615	-0.29203415	-0.34498006	0.10531254
0.026746577	0.164432	-0.30408424	-0.31776118	-0.5759154	-0.21001737	-0.052645728	-0.4574029	0.2060205	-0.38252968	-0.46181533	0.11138501	0.13867956	-0.2511163	0.35275713	-0.11850179	-0.19641756	0.5212096	0.49393266	0.64253247	-0.28326854	0.121833816	-0.34667766	-0.061983693	-0.13469395	-0.20254222	0.4126868	-0.27252236	-0.34414366	0.11903289
0.010946078	0.17853245	-0.33447757	-0.3446056	-0.62237257	-0.24270013	-0.03275988	-0.48619455	0.20199424	-0.38353315	-0.49437416	0.11990574	0.15868767	-0.24583022	0.3612345	-0.14589672	-0.21795553	0.52249855	0.51470405	0.6752794	-0.28257465	0.13073668	-0.37045327	-0.05946774	-0.16121775	-0.19718648	0.44456154	-0.30796525	-0.36218253	0.11278961
0.0344729	0.1736898	-0.36111033	-0.36622187	-0.65751517	-0.24825764	-0.05248528	-0.5007905	0.21112888	-0.42285135	-0.52038306	0.13231872	0.17340681	-0.2741218	0.3982891	-0.16169335	-0.24169768	0.5553984	0.54662657	0.70606685	-0.27989498	0.10917682	-0.3823511	-0.068179145	-0.1732689	-0.20236507	0.49319628	-0.314399	-0.36882746	0.1371227
0.021991163	0.16314805	-0.32282856	-0.34173006	-0.59620744	-0.22840686	-0.034361485	-0.4524585	0.21867219	-0.36067683	-0.4704892	0.09302252	0.1518054	-0.22180593	0.36903182	-0.13742216	-0.21944961	0.50407875	0.45889947	0.6541388	-0.26238036	0.09504059	-0.3576376	-0.054922227	-0.15530638	-0.18346839	0.42775923	-0.27938056	-0.3217236	0.09454736
0.019841354	0.18778144	-0.31503093	-0.33963287	-0.6295692	-0.2306961	-0.022156142	-0.47207418	0.19842602	-0.40168646	-0.48447976	0.09358443	0.1634847	-0.23285481	0.38044235	-0.12904154	-0.21389094	0.53686213	0.5167369	0.6649966	-0.29279193	0.10687158	-0.35136592	-0.082274325	-0.1602122	-0.204017	0.45119876	-0.2854479	-0.36373293	0.108902104
0.020385804	0.16423471	-0.31525686	-0.36071226	-0.6174316	-0.21325128	-0.035599038	-0.4757425	0.22296014	-0.3850202	-0.48922274	0.12458504	0.1562709	-0.25054756	0.3869288	-0.13797139	-0.22291225	0.5197997	0.5069595	0.6695101	-0.28657055	0.10345166	-0.35769704	-0.070633955	-0.16901062	-0.20623922	0.4403596	-0.30646276	-0.3403677	0.12586147
-0.00088747975	0.16807623	-0.31997174	-0.33147657	-0.63100445	-0.21329415	-0.027633578	-0.48065853	0.22937998	-0.40473193	-0.4692037	0.09039052	0.15764989	-0.24077536	0.37688047	-0.15171716	-0.21431561	0.52811605	0.5118226	0.66866773	-0.2908759	0.10118435	-0.37273335	-0.050275683	-0.16544747	-0.21309876	0.4493342	-0.29426005	-0.3543229	0.10928074
0.019612268	0.1573952	-0.307145	-0.32858348	-0.60251653	-0.21365911	-0.05072298	-0.4608688	0.20860396	-0.377999	-0.47951823	0.08506768	0.13176134	-0.22856973	0.3723053	-0.1128635	-0.19952698	0.50474834	0.48552132	0.65940017	-0.27900928	0.10302556	-0.3458886	-0.07196462	-0.16419473	-0.20857039	0.41261855	-0.27446488	-0.32943693	0.092688434
0.0017033071	0.16664271	-0.32887915	-0.33805037	-0.61944854	-0.22496755	-0.023671582	-0.48169965	0.21872039	-0.38558584	-0.48439252	0.09876158	0.15082303	-0.23349652	0.3813177	-0.15583456	-0.20578358	0.5329499	0.48785704	0.67182446	-0.26076028	0.11845867	-0.35300842	-0.06167732	-0.17211007	-0.20378558	0.46000394	-0.30399692	-0.34212744	0.12793477
0.01424356	0.15588431	-0.32277182	-0.32651553	-0.6091529	-0.21530849	-0.020292507	-0.45718017	0.20287472	-0.39186546	-0.4731601	0.10981985	0.13232712	-0.22288601	0.34907708	-0.14701654	-0.19830844	0.5186937	0.48766044	0.6560898	-0.27970144	0.12423308	-0.36185837	-0.074374385	-0.14222804	-0.19814058	0.43162113	-0.27637604	-0.33078477	0.08985762
0.015619074	0.17060226	-0.34174746	-0.33056915	-0.6364223	-0.2306302	-0.035032693	-0.49646655	0.19583568	-0.38294032	-0.48097295	0.11023934	0.16614473	-0.25077158	0.38933605	-0.13912547	-0.22629829	0.5368462	0.507154	0.68758875	-0.28509077	0.13190636	-0.35283357	-0.07463201	-0.15663761	-0.2141371	0.4308454	-0.30310124	-0.36137214	0.12131409
0.016832288	0.18140787	-0.33250967	-0.353865	-0.64038986	-0.23313221	-0.036764447	-0.4770732	0.20416963	-0.38617858	-0.48908103	0.12265902	0.17226388	-0.24850646	0.38556278	-0.15215263	-0.22289999	0.55179644	0.523424	0.69669217	-0.28277573	0.103874676	-0.3672027	-0.08287627	-0.1690599	-0.21175009	0.43988103	-0.29848132	-0.34685636	0.11791171
0.014598918	0.16323648	-0.32237798	-0.35272858	-0.6324911	-0.2264967	-0.04988203	-0.4887954	0.20845218	-0.3930716	-0.46808586	0.11850985	0.16092047	-0.23643658	0.37444922	-0.12833194	-0.2114392	0.51490855	0.5047993	0.6564676	-0.27927274	0.09686706	-0.34166247	-0.083189294	-0.14629878	-0.18339814	0.43223843	-0.29049894	-0.33345228	0.0972644
0.03309847	0.17510718	-0.3150794	-0.31614253	-0.6097842	-0.22212476	-0.021564605	-0.46483314	0.19307826	-0.38636383	-0.47519347	0.08726753	0.13236693	-0.22290964	0.3790982	-0.12567925	-0.22728428	0.5166319	0.47521028	0.6655174	-0.27453136	0.12328564	-0.36976877	-0.04901929	-0.14866287	-0.1961928	0.42436162	-0.2871985	-0.36026472	0.11078298
0.018768162	0.17707263	-0.3256805	-0.33360747	-0.6137753	-0.23403443	-0.0429367	-0.457205	0.2022979	-0.40417162	-0.4820482	0.10336105	0.14123973	-0.23125933	0.38893056	-0.13756762	-0.21683557	0.5176372	0.48332673	0.66334856	-0.2895766	0.110366374	-0.37736413	-0.061933864	-0.14715233	-0.2109097	0.44969693	-0.2919152	-0.3502071	0.1242582
0.010516656	0.18237121	-0.31517684	-0.3132428	-0.5972293	-0.2245534	-0.016902994	-0.44889322	0.21972704	-0.3829963	-0.45007756	0.09888146	0.14461695	-0.21703906	0.34782606	-0.1415768	-0.19658929	0.5178521	0.46698782	0.64382315	-0.25169158	0.098380744	-0.3502829	-0.073175296	-0.16453414	-0.20203128	0.4430865	-0.27594173	-0.35451692	0.120423
0.029489907	0.1906568	-0.3401293	-0.35188162	-0.6287121	-0.2251599	-0.032232765	-0.48153383	0.23310134	-0.40212846	-0.5073679	0.110976234	0.17196871	-0.24015519	0.396071	-0.15027533	-0.21986948	0.52706367	0.51030976	0.68218505	-0.27682143	0.12489862	-0.37937877	-0.0630481	-0.15585777	-0.21137679	0.46544853	-0.317348	-0.3479676	0.10468334
0.014880016	0.18029402	-0.31781316	-0.36218747	-0.6396902	-0.24298073	-0.04876475	-0.46339896	0.21785967	-0.4021977	-0.48827156	0.10288884	0.14325882	-0.23445587	0.37292284	-0.12036012	-0.2148387	0.53939533	0.48891327	0.67072994	-0.26626313	0.10443792	-0.3774299	-0.06967891	-0.14915763	-0.19970602	0.46574134	-0.30255675	-0.34480175	0.12707202
0.014387672	0.17758554	-0.33989942	-0.37236834	-0.6465677	-0.24036504	-0.025914976	-0.52363133	0.22295114	-0.40569764	-0.504842	0.11901367	0.15887517	-0.24492005	0.39372912	-0.1379782	-0.22908235	0.56263727	0.547085	0.7281493	-0.28333053	0.10741858	-0.3835964	-0.05712184	-0.15397032	-0.19536261	0.49331835	-0.32181925	-0.37368864	0.1359036
0.02532742	0.16279307	-0.33852825	-0.3427134	-0.6307737	-0.2369016	-0.027202275	-0.48045212	0.1965157	-0.38862455	-0.4668813	0.10333473	0.14213121	-0.25206086	0.37259933	-0.15287063	-0.21277402	0.5170924	0.5134612	0.66941214	-0.2843542	0.112577274	-0.3552609	-0.06637278	-0.15878165	-0.19772486	0.45887882	-0.30743623	-0.33188668	0.10242199
0.013846236	0.17113183	-0.33408284	-0.35824051	-0.6388918	-0.22973655	-0.02877576	-0.4851206	0.20508139	-0.39608312	-0.4874837	0.109668575	0.17077531	-0.23302582	0.38030037	-0.12494685	-0.2101932	0.55367273	0.4933409	0.6840039	-0.29824343	0.12934239	-0.3775863	-0.07796776	-0.15063365	-0.18988897	0.45950952	-0.29513597	-0.34737563	0.11755458
0.026715165	0.17682473	-0.33078992	-0.35055456	-0.6234298	-0.22864784	-0.024787182	-0.4897843	0.22653462	-0.3896624	-0.49771956	0.11037246	0.14268047	-0.24200922	0.35575587	-0.14669219	-0.22741613	0.54567295	0.49289778	0.68757325	-0.28296944	0.12056204	-0.36978766	-0.060094334	-0.15103075	-0.20723896	0.44920585	-0.29209396	-0.36291933	0.09307695
0.016346304	0.15817799	-0.31211627	-0.33133304	-0.60248244	-0.21731171	-0.045672633	-0.47763667	0.19482894	-0.36753923	-0.45824662	0.10637497	0.14382745	-0.24662837	0.37362415	-0.14265676	-0.23383749	0.52164376	0.4907088	0.65923774	-0.2909296	0.10928948	-0.3586597	-0.061706048	-0.16717409	-0.19061458	0.4380792	-0.2751093	-0.33031353	0.107637346
0.03021336	0.18438148	-0.32301882	-0.32188705	-0.6068455	-0.21582413	-0.04357713	-0.46088532	0.21108368	-0.3706677	-0.47048673	0.11158112	0.14208359	-0.25435016	0.3593261	-0.13452974	-0.20909196	0.49707833	0.47413766	0.6532146	-0.25833482	0.09406335	-0.3510986	-0.055044223	-0.16333747	-0.18297593	0.4208249	-0.27435228	-0.35191497	0.11018466
0.015149689	0.1857414	-0.34219024	-0.36870816	-0.6308834	-0.21844977	-0.03020505	-0.4913564	0.22669578	-0.3822908	-0.47922653	0.10401711	0.15541379	-0.257119	0.38411576	-0.1495322	-0.20976858	0.5472515	0.50342023	0.67844963	-0.2997709	0.12821592	-0.3602312	-0.07313159	-0.1432438	-0.21493323	0.47256362	-0.32323185	-0.36681965	0.1130328
0.02346229	0.18523023	-0.33284098	-0.3527993	-0.6169425	-0.24032609	-0.020973114	-0.4602944	0.20567352	-0.39028734	-0.47284856	0.0907524	0.16715237	-0.256061	0.38267994	-0.124157935	-0.23172791	0.52114636	0.5120277	0.65080136	-0.2647948	0.11830429	-0.35005125	-0.07407112	-0.14519513	-0.19709939	0.436571	-0.28230387	-0.3572178	0.10640687
0.015048312	0.16465726	-0.3375594	-0.34923866	-0.6611877	-0.24284415	-0.021501664	-0.51268977	0.22449589	-0.4221571	-0.49527022	0.10848789	0.17069876	-0.2727063	0.37953916	-0.13405882	-0.21660525	0.56179136	0.5295291	0.7026556	-0.29184282	0.13689366	-0.37284982	-0.08145637	-0.16659445	-0.22673167	0.45448068	-0.29950768	-0.35651433	0.12643947
0.024619253	0.16851987	-0.31609392	-0.32464617	-0.5672073	-0.20258251	-0.025540195	-0.4334923	0.17920537	-0.33998188	-0.4499182	0.10463377	0.15065873	-0.21400179	0.3519529	-0.10827753	-0.1877956	0.49217665	0.4581527	0.62926054	-0.26165643	0.09697867	-0.32557273	-0.07226551	-0.1406886	-0.16950333	0.41699198	-0.25973183	-0.3057255	0.10677437
0.01664145	0.1639656	-0.29390153	-0.31583172	-0.5758366	-0.21559343	-0.046816256	-0.45569718	0.1972812	-0.36275837	-0.4465095	0.09310387	0.1263254	-0.24482058	0.34991562	-0.126534	-0.21167028	0.5038356	0.46190715	0.6471655	-0.26666307	0.120605975	-0.32869336	-0.058038976	-0.15555972	-0.18151963	0.41717723	-0.27477187	-0.32530954	0.105767176
0.033488814	0.17020954	-0.32860357	-0.33445564	-0.6127878	-0.21821122	-0.053593397	-0.4956402	0.21389097	-0.39877206	-0.47872663	0.12627156	0.13971604	-0.24423489	0.4012358	-0.14875224	-0.22010353	0.52715254	0.50888824	0.69258684	-0.27210492	0.12959704	-0.35276058	-0.06629172	-0.15011336	-0.22088571	0.45052624	-0.31625205	-0.36228713	0.1204602
0.0115818735	0.16007175	-0.34634525	-0.33188665	-0.6089896	-0.23217964	-0.04223689	-0.49690378	0.22272898	-0.39968517	-0.47355425	0.11408531	0.14533707	-0.23310351	0.3657279	-0.1457033	-0.22683221	0.54155546	0.5000908	0.6741599	-0.27210218	0.102361076	-0.3532689	-0.05443865	-0.16231461	-0.19295454	0.45402798	-0.31619656	-0.33908442	0.09786047
0.026758112	0.1693458	-0.3130971	-0.35143676	-0.6122951	-0.24487518	-0.048544228	-0.47601777	0.22638586	-0.3833676	-0.47547105	0.11778326	0.16210282	-0.26083094	0.38660213	-0.12366086	-0.21520144	0.513284	0.49125507	0.68489194	-0.28281033	0.099171266	-0.3520271	-0.07178276	-0.16961697	-0.20381019	0.440329	-0.28037792	-0.3341901	0.10109001
0.022810504	0.16809127	-0.32470125	-0.33061922	-0.63639504	-0.23230904	-0.029851662	-0.46586084	0.2033157	-0.399282	-0.47220233	0.08999597	0.14249562	-0.24443918	0.38360918	-0.12807955	-0.22752802	0.5456234	0.5012415	0.6718932	-0.2778311	0.10769874	-0.36983097	-0.061479714	-0.14451145	-0.21674097	0.45769915	-0.29591462	-0.35681406	0.11694571
0.011427315	0.19274342	-0.3454513	-0.35927674	-0.6404514	-0.23135042	-0.038611937	-0.500597	0.19937271	-0.40351862	-0.49390033	0.12332246	0.16362101	-0.24463473	0.3875587	-0.14460889	-0.23798943	0.54858226	0.5003969	0.6677382	-0.29957196	0.13332832	-0.3770032	-0.06704272	-0.15282927	-0.21225356	0.45723662	-0.29143152	-0.36171663	0.097849876
0.020435762	0.1504169	-0.32226864	-0.331151	-0.5923421	-0.22045752	-0.032401312	-0.4640107	0.20172513	-0.35336632	-0.44585702	0.113541596	0.15008824	-0.2321251	0.36213773	-0.13220604	-0.21090007	0.50476265	0.47897762	0.6492887	-0.28193384	0.11367681	-0.34218645	-0.07746708	-0.1624067	-0.17623717	0.4124844	-0.2667723	-0.31576917	0.09027406
0.01929758	0.16952218	-0.35083255	-0.33857432	-0.63493305	-0.22826736	-0.052245583	-0.47355926	0.20150693	-0.39999282	-0.5020607	0.10287058	0.15394142	-0.25536484	0.3635098	-0.1377493	-0.22581837	0.54663	0.4966894	0.6717845	-0.2975299	0.114954464	-0.3594498	-0.072232604	-0.15094364	-0.1939968	0.4561692	-0.2867539	-0.3735282	0.111270994
0.015757788	0.18604131	-0.31738794	-0.36124617	-0.63277227	-0.22200993	-0.05499363	-0.49391058	0.21395248	-0.38978902	-0.47613552	0.10884598	0.15452565	-0.22942314	0.3811795	-0.14816315	-0.20800836	0.5335338	0.516115	0.65598786	-0.26523128	0.10488062	-0.37366846	-0.084187165	-0.17126757	-0.18966682	0.4381206	-0.28156373	-0.3646033	0.100666024
0.0077119046	0.19891289	-0.33390793	-0.37694737	-0.6560553	-0.2431977	-0.025136128	-0.50718826	0.24725534	-0.4357981	-0.5197949	0.120334044	0.14415692	-0.26134527	0.41827536	-0.15071817	-0.24664664	0.5872275	0.5339822	0.72362113	-0.2949278	0.14604388	-0.38513348	-0.04812284	-0.18867911	-0.22095811	0.50796366	-0.32555982	-0.39040363	0.14527698
0.028205102	0.17914352	-0.3554391	-0.3526433	-0.654464	-0.23536234	-0.055498343	-0.50857747	0.23658057	-0.41720083	-0.5095393	0.124788135	0.17066814	-0.26423827	0.40702295	-0.13690242	-0.23034675	0.56822366	0.50126547	0.6990011	-0.30716443	0.105694115	-0.36799732	-0.07369952	-0.1622651	-0.21579212	0.46137434	-0.30227563	-0.35906157	0.120679386
0.0035465134	0.1773841	-0.3146106	-0.35180527	-0.60721606	-0.22916692	-0.023132104	-0.46820515	0.20897463	-0.39828143	-0.46992564	0.0894832	0.14941777	-0.23131157	0.3757863	-0.12996836	-0.23498592	0.51579756	0.50698566	0.64828515	-0.27697685	0.107436165	-0.36505675	-0.084957264	-0.16580856	-0.17923805	0.42630294	-0.28145236	-0.33565655	0.096091665
0.01889136	0.1789567	-0.34629434	-0.34923357	-0.6102447	-0.22199169	-0.05304801	-0.49043268	0.19684319	-0.38163292	-0.49679622	0.08768743	0.14947833	-0.24761821	0.37784666	-0.12831438	-0.21690018	0.5334336	0.49007136	0.67501575	-0.29492295	0.096974544	-0.3461879	-0.051057063	-0.1735138	-0.18368807	0.4363049	-0.3079802	-0.3315099	0.1030945
0.032011524	0.16269991	-0.34322894	-0.34391582	-0.6129107	-0.21944791	-0.01995687	-0.4717644	0.20080806	-0.37910143	-0.49386972	0.11370304	0.16206367	-0.23130807	0.36699283	-0.13546059	-0.23081434	0.5248166	0.50484425	0.68805283	-0.29536596	0.10790538	-0.37636185	-0.060803622	-0.15866907	-0.19226721	0.4440622	-0.2859523	-0.3408465	0.10250265
0.012803799	0.17868048	-0.32983577	-0.35558125	-0.6164677	-0.23436263	-0.053621266	-0.48982823	0.21669558	-0.40978873	-0.5090393	0.10174777	0.1597916	-0.24960609	0.38751635	-0.13863906	-0.23083326	0.52177703	0.5131754	0.69391996	-0.28971678	0.10001853	-0.3860795	-0.053746443	-0.15799484	-0.21153617	0.45528182	-0.32715502	-0.351938	0.10221916
0.028491912	0.18632819	-0.31208995	-0.33296144	-0.61979645	-0.23200582	-0.030103138	-0.48213336	0.19669203	-0.37565666	-0.4851283	0.091547415	0.16802098	-0.23304935	0.38623577	-0.13732865	-0.23810571	0.5357466	0.51355547	0.6721239	-0.26418662	0.12960833	-0.3706003	-0.07079545	-0.13894998	-0.19054106	0.45310855	-0.29887697	-0.34304583	0.11313299
0.010957003	0.17330158	-0.3336654	-0.36007664	-0.63520736	-0.23383036	-0.025964195	-0.48551914	0.21361075	-0.37510848	-0.5021732	0.116906755	0.1563442	-0.26295787	0.37227455	-0.1420386	-0.22938645	0.5422031	0.48730403	0.6612542	-0.29569784	0.096903026	-0.35197487	-0.07792139	-0.15933836	-0.20414995	0.45497003	-0.3009549	-0.34602833	0.1008207
0.033032056	0.18572916	-0.32537153	-0.32765904	-0.5925995	-0.2161287	-0.053473055	-0.47118098	0.20110482	-0.37815937	-0.46437976	0.1156393	0.15564023	-0.25171703	0.3836012	-0.1203604	-0.21428148	0.51391613	0.50074035	0.65394413	-0.27169275	0.12142317	-0.3496712	-0.064781174	-0.15717198	-0.18967554	0.44087228	-0.2953368	-0.35616362	0.10333568
0.029469801	0.19081317	-0.32937777	-0.352252	-0.6234371	-0.24510437	-0.05079495	-0.48401055	0.23275499	-0.38988227	-0.4997559	0.10230742	0.15758172	-0.24802159	0.38173628	-0.15122926	-0.21089028	0.5353532	0.5200274	0.6956343	-0.28947031	0.105972625	-0.35797673	-0.073455945	-0.16868913	-0.21320547	0.43443492	-0.30667195	-0.3620076	0.1268838
0.0120284455	0.14975783	-0.3085452	-0.31004515	-0.60305476	-0.21506624	-0.029366583	-0.46921453	0.19295476	-0.35480693	-0.46475092	0.11305099	0.14202526	-0.24348275	0.35250896	-0.11289934	-0.20777905	0.49860388	0.49720505	0.6640754	-0.25944597	0.11032583	-0.35333127	-0.0677796	-0.1264783	-0.19910067	0.4326928	-0.2925166	-0.34365594	0.09725618
0.03539322	0.18475181	-0.3308553	-0.3576127	-0.6342582	-0.22272158	-0.041205905	-0.48514047	0.23130034	-0.4065261	-0.50159794	0.12284297	0.14162052	-0.26647747	0.40146828	-0.124621	-0.2430519	0.5368392	0.5203596	0.70018697	-0.30513635	0.12709577	-0.38447392	-0.06029642	-0.1754961	-0.19979668	0.46493208	-0.31119198	-0.37984052	0.11319595
0.028530912	0.18485202	-0.33261105	-0.35315305	-0.6411946	-0.23323923	-0.047406696	-0.4781059	0.23843054	-0.3870554	-0.506533	0.11584923	0.14059918	-0.2507797	0.4019823	-0.14326736	-0.21696429	0.5578114	0.506447	0.70278573	-0.2993283	0.12695478	-0.37538117	-0.05386676	-0.1755075	-0.19941938	0.46326098	-0.28966928	-0.34844565	0.13105656
0.005865266	0.1717775	-0.3241352	-0.3253744	-0.6297239	-0.21511114	-0.0488702	-0.4874143	0.20400244	-0.39742857	-0.49714744	0.096639656	0.1517462	-0.2576013	0.3685855	-0.14024703	-0.21073568	0.5333693	0.49221495	0.65780747	-0.29347447	0.098313205	-0.3606152	-0.062185083	-0.15357432	-0.18325837	0.44506526	-0.31548834	-0.33641744	0.09727508
0.012007063	0.17783293	-0.33597502	-0.3530934	-0.6256897	-0.22277208	-0.056722194	-0.48348683	0.22233213	-0.38200843	-0.50075376	0.11995022	0.154741	-0.24142686	0.40449595	-0.15170309	-0.23388174	0.54263544	0.51478016	0.6880519	-0.28498474	0.11373932	-0.38742146	-0.07946561	-0.16019498	-0.22200124	0.4509182	-0.2950309	-0.36808527	0.13073473
