0.2440164	0.33418867	-0.07649567	-0.4335368	0.6607302	-0.22595586	-0.28333676	-0.20041169	0.19655086	-0.5562136	0.014733825	0.37312114	-0.111349985	-0.2471961	0.14778891	0.10533498	0.03215054	0.2569697	-0.026778353	-0.3249777	-0.7899243	0.022243107	0.05190543	-0.11246696	-0.5125242	0.21417716	-0.09882824	-0.05472272	0.087293625	-0.21752612
0.2298228	0.2889496	-0.12233111	-0.4577815	0.5698042	-0.3248237	-0.3006505	-0.20374744	0.2777752	-0.5810454	-0.017609764	0.5397469	-0.11788067	-0.17834765	0.2645073	0.23318774	0.13238941	0.2684479	-0.04841733	-0.3824349	-0.9558657	0.124499366	0.071679726	-0.09880517	-0.71436816	0.2314084	-0.13654578	-0.13756524	0.09079432	-0.32966375
0.28289297	0.28382385	-0.12585519	-0.5302608	0.5328745	-0.33349258	-0.3550917	-0.23368932	0.3145654	-0.5672452	-0.022611013	0.62727296	-0.08328489	-0.11668564	0.3420508	0.32090423	0.20322214	0.3214562	-0.081358805	-0.41998598	-1.0925398	0.15503421	0.09085588	-0.07442845	-0.78927046	0.22964723	-0.1273104	-0.19373074	0.10185132	-0.3665381
0.2713752	0.27573845	-0.15495531	-0.49218926	0.5396764	-0.3640329	-0.31405124	-0.20560658	0.31237713	-0.5985994	-0.023843797	0.61874837	-0.046015326	-0.122290604	0.34262213	0.30543908	0.1568906	0.27246457	-0.07323924	-0.3974874	-1.0246191	0.1664625	0.0786604	-0.09610081	-0.76318353	0.23344822	-0.14466456	-0.17927219	0.08703841	-0.36861777
0.2584457	0.28513423	-0.14166756	-0.542587	0.46706983	-0.42815748	-0.30115616	-0.2469166	0.37441015	-0.65215707	-0.028768504	0.72516704	-0.022142258	-0.1104674	0.39943653	0.3858643	0.1931296	0.27103522	-0.062079057	-0.44815212	-1.1117055	0.18658757	0.10792573	-0.057043176	-0.8367179	0.24147062	-0.15128349	-0.2231481	0.08151314	-0.39898938
0.35248455	0.28300172	-0.09841177	-0.5026463	0.503076	-0.31912193	-0.3735058	-0.25688323	0.37031138	-0.5215799	-0.053157352	0.6754613	-0.094795555	-0.093099475	0.30824742	0.36494422	0.24190131	0.27316526	-0.06838513	-0.48628306	-1.1938448	0.22470964	0.14962855	-0.007771214	-0.832129	0.21020547	-0.07953332	-0.22267696	0.06909458	-0.4299364
0.32399297	0.3015954	-0.109999605	-0.5537899	0.4823787	-0.3469216	-0.34666026	-0.25636065	0.38581774	-0.5725411	-0.064681165	0.70440394	-0.05328989	-0.09485532	0.37005693	0.3808578	0.200619	0.25005588	-0.104411036	-0.4942055	-1.1807953	0.23790506	0.13771762	-0.021428207	-0.8511512	0.2236789	-0.0729591	-0.24207981	0.07504443	-0.414331
0.26660115	0.28876868	-0.15017466	-0.5470024	0.49164486	-0.4005114	-0.28243008	-0.21038218	0.368556	-0.6231099	-0.035790563	0.70147616	-0.04901795	-0.08873246	0.39055282	0.3697951	0.21283902	0.25964364	-0.049190268	-0.42691043	-1.1105326	0.24058822	0.09545663	-0.089700565	-0.84166	0.23591751	-0.10274782	-0.24577104	0.0660917	-0.41052
0.32305345	0.30507493	-0.08211576	-0.5214869	0.502707	-0.31915104	-0.31602612	-0.29069692	0.3987793	-0.56793815	-0.047462825	0.6922967	-0.07968791	-0.10701835	0.30978012	0.38815567	0.1934868	0.26249322	-0.071784526	-0.48261854	-1.1404618	0.21794277	0.14793673	-0.027011022	-0.8340826	0.21180706	-0.07641975	-0.25014332	0.08500807	-0.4247562
0.32503822	0.27356604	-0.103665225	-0.5489757	0.50126237	-0.36553514	-0.34174493	-0.28123054	0.3477841	-0.5632168	-0.074609876	0.7151242	-0.09182352	-0.07635043	0.3588063	0.39533558	0.22626352	0.29327562	-0.114759885	-0.5197975	-1.2240863	0.24309348	0.1437881	-0.008898411	-0.8728169	0.19806458	-0.06850915	-0.24017513	0.101386674	-0.42732632
0.30913758	0.30766726	-0.1221061	-0.55050355	0.5076496	-0.34239572	-0.31514686	-0.27109462	0.36789927	-0.5911936	-0.05690504	0.7225202	-0.042860013	-0.101523206	0.34579995	0.37214598	0.17861399	0.24255984	-0.10034315	-0.44652778	-1.1509438	0.21167071	0.12968358	-0.042476416	-0.7979781	0.21623167	-0.097199924	-0.25689584	0.100626975	-0.429702
0.42581105	0.1739532	-0.073348835	-0.4566199	0.38591293	-0.37005958	-0.52408427	-0.3102555	0.3214035	-0.3721839	-0.12332323	0.67838657	-0.24108188	0.08631503	0.37053913	0.4342458	0.35809818	0.42017028	-0.0574354	-0.5311643	-1.4366674	0.29938784	0.13715094	0.10372482	-1.0235897	0.15903664	-0.060868774	-0.09204536	0.12221993	-0.5084453
0.48643228	0.18623328	0.008342114	-0.51187587	0.39377767	-0.37127334	-0.54555273	-0.3596818	0.3592415	-0.33561343	-0.1617198	0.7080032	-0.27514076	0.13982618	0.36856788	0.4546973	0.40104187	0.43947408	-0.09048298	-0.5883868	-1.5077015	0.30938587	0.13292329	0.18564324	-1.0417147	0.12278412	-0.04128586	-0.075954065	0.13731992	-0.54050684
0.44444907	0.14693205	-0.05754929	-0.48886988	0.3784085	-0.38386896	-0.5137194	-0.32721433	0.32915264	-0.3522229	-0.14994922	0.672216	-0.25754362	0.11820738	0.3462324	0.4579833	0.40002882	0.4461202	-0.09773829	-0.54151875	-1.447814	0.28234228	0.12918027	0.12067514	-1.0291737	0.15400277	-0.06914739	-0.042686284	0.09559969	-0.54471135
0.4637362	0.1547486	-0.022381239	-0.49628684	0.37155336	-0.37927714	-0.53516495	-0.37056932	0.37736782	-0.3774568	-0.16722435	0.7123586	-0.25186473	0.123971485	0.33848795	0.4981622	0.3631692	0.43167514	-0.062007632	-0.5362915	-1.4907802	0.32685062	0.13496377	0.14247291	-1.0517641	0.128212	-0.058031864	-0.0741657	0.104419366	-0.5595525
0.44543046	0.16719033	-0.06583439	-0.4819775	0.37628806	-0.38921964	-0.5352645	-0.35909626	0.35451785	-0.3742546	-0.15399303	0.7218534	-0.2505161	0.096125215	0.3483117	0.4683879	0.39926252	0.43173158	-0.06828333	-0.539186	-1.4891903	0.29932183	0.11345823	0.1526179	-1.0486965	0.16035496	-0.051711433	-0.06435769	0.09446662	-0.5592629
0.4648895	0.14423831	-0.03403474	-0.45828238	0.37416762	-0.35320503	-0.5637923	-0.35448015	0.3561058	-0.3582178	-0.17640445	0.7117821	-0.27997184	0.12682399	0.34725714	0.46485075	0.43102688	0.44836882	-0.1031294	-0.57175976	-1.4889796	0.31464878	0.108020164	0.17678647	-1.060523	0.11010606	-0.040282786	-0.04731075	0.13423005	-0.55213326
0.47218716	0.17958573	-0.00027250408	-0.48824015	0.39127398	-0.37715793	-0.49733463	-0.36760426	0.35348216	-0.34261665	-0.15054736	0.7064829	-0.27929717	0.10191735	0.33443913	0.48148447	0.4108009	0.44602707	-0.075148486	-0.5826559	-1.4973538	0.31732172	0.12535386	0.16168383	-1.0506638	0.13016342	-0.0527346	-0.105145134	0.10066391	-0.56114393
0.3937787	0.38586578	0.049226735	-0.39523587	0.7057303	-0.035319842	-0.37319124	-0.29446134	0.20057397	-0.40224326	-0.037559338	0.18153593	-0.19475535	-0.27246934	-0.06759689	0.08172122	0.054881405	0.30295578	-0.07354842	-0.32755935	-0.8681264	-0.022989077	0.1015269	0.05916302	-0.49140957	0.12118258	0.006808889	-0.008747873	0.12400981	-0.18175507
0.5108296	0.15233628	0.0001798875	-0.47374094	0.35210362	-0.31189647	-0.56739265	-0.35423702	0.32207882	-0.2977427	-0.16025041	0.62001073	-0.30118656	0.1188766	0.32263234	0.4559639	0.4312318	0.4645131	-0.094817795	-0.563443	-1.513195	0.32354775	0.12671666	0.22281642	-1.0244579	0.104702026	0.002894231	-0.05283853	0.10691942	-0.5463117
0.47842827	0.17174678	-0.045260828	-0.51181644	0.35388732	-0.384557	-0.55236495	-0.34131587	0.3836229	-0.35169473	-0.17442253	0.7341448	-0.29574695	0.14304522	0.39165717	0.50381035	0.44780985	0.44855675	-0.07059769	-0.61137664	-1.5742592	0.3264551	0.14506133	0.19143277	-1.1053231	0.1516716	-0.041921422	-0.08369602	0.13275048	-0.61559945
0.5240968	0.22232714	0.13235463	-0.3958577	0.4718674	-0.13493961	-0.5567399	-0.40614673	0.27726212	-0.1351898	-0.1756538	0.43027967	-0.34928894	0.11467578	0.08358767	0.36309248	0.34416145	0.4749623	-0.12299237	-0.5538313	-1.387678	0.221191	0.1806589	0.27062175	-0.8552206	0.067908935	0.07118893	0.003849811	0.16889085	-0.4316501
0.5030696	0.19870104	0.06676207	-0.49119532	0.41093084	-0.21538453	-0.5855377	-0.39572573	0.33065537	-0.1974122	-0.19077478	0.5902855	-0.2966258	0.16687201	0.25195795	0.46054453	0.41729084	0.48763373	-0.106469944	-0.60858643	-1.5270932	0.30024022	0.17747466	0.25019473	-0.97859144	0.07926079	0.047948588	-0.033471778	0.14578232	-0.54762673
0.5477726	0.19145194	0.11935778	-0.4757258	0.38070312	-0.19063966	-0.5727036	-0.3946622	0.33047858	-0.12279214	-0.24168235	0.5561065	-0.36197138	0.17662132	0.21082732	0.47851303	0.42430672	0.4792139	-0.11514862	-0.6263762	-1.5615113	0.33068788	0.15931293	0.26670063	-1.033681	0.06273417	0.052216157	-0.051481802	0.16966984	-0.5430654
0.5356988	0.1724663	0.10293953	-0.47250903	0.37312743	-0.18779719	-0.60679686	-0.41489562	0.3360393	-0.13977747	-0.20498596	0.5933559	-0.35719818	0.2135456	0.21497011	0.46958047	0.44168645	0.4952697	-0.14853169	-0.61763155	-1.5746956	0.3137402	0.17927852	0.2698868	-1.032879	0.066711016	0.06357217	-0.045670524	0.12560864	-0.5682212
0.5363102	0.20154725	0.120663166	-0.4843546	0.4168016	-0.20092192	-0.5874642	-0.39493477	0.3509426	-0.1571746	-0.22453663	0.55892587	-0.32312974	0.18544497	0.23130766	0.4387321	0.40730396	0.5055673	-0.14002427	-0.598419	-1.5559429	0.30903277	0.16166121	0.27551624	-1.0001704	0.081203945	0.047188133	-0.059743386	0.13333555	-0.52752733
0.5624523	0.17574184	0.112098455	-0.4881441	0.42495903	-0.1898542	-0.5746535	-0.3855189	0.31781042	-0.18930769	-0.23814435	0.5724095	-0.3271722	0.18381324	0.18242107	0.4551921	0.4262099	0.51854634	-0.11084713	-0.63254076	-1.5540274	0.2860936	0.18457887	0.2617791	-0.9883563	0.086529166	0.07138748	-0.0065085776	0.16396949	-0.52412844
0.5474189	0.21179494	0.093955	-0.47812453	0.43724954	-0.14871411	-0.58249885	-0.39403343	0.2862697	-0.14405905	-0.22655067	0.52179754	-0.34934026	0.13353033	0.18851879	0.41433966	0.40136853	0.4793287	-0.13808894	-0.5908368	-1.4856863	0.26032573	0.15847887	0.2623731	-0.96769595	0.068494625	0.060699217	-0.005612875	0.17050585	-0.4817992
0.06882132	0.5334867	-0.24065867	-0.5555577	0.8791615	-0.20597722	-0.052815773	-0.0768937	0.23761864	-0.9021043	0.1628228	0.4033055	0.12451509	-0.57613385	0.1804847	-0.0032513435	-0.21091284	0.08702403	-0.037250042	-0.24002135	-0.40444827	-0.11625759	0.024369502	-0.3764234	-0.29659978	0.37230223	-0.22016473	-0.2784981	0.0505886	-0.052751422
0.023113504	0.6706825	-0.2775057	-0.5675076	1.0382714	-0.16673766	0.06685704	-0.064473785	0.23974855	-1.0372133	0.245421	0.36063156	0.21240354	-0.7316109	0.09702702	-0.099298105	-0.33083642	0.00018957227	-0.037866034	-0.18105824	-0.24250254	-0.21811576	0.057296693	-0.46420503	-0.1590238	0.4024732	-0.20836797	-0.36207038	0.066469476	0.04792299
-0.00045726972	0.65155405	-0.2935682	-0.6246805	1.06388	-0.18567514	0.05143282	-0.08475069	0.2625839	-1.0806007	0.22061086	0.36415848	0.27752292	-0.76025724	0.15013443	-0.10027049	-0.37545046	-0.051000934	-0.041413248	-0.1922887	-0.221783	-0.21301842	0.05936515	-0.5213658	-0.17365848	0.43863082	-0.22677362	-0.42162207	0.07376775	0.0672734
0.02970767	0.7215644	-0.26254803	-0.6161846	1.1142337	-0.20377685	0.08810647	-0.0754612	0.2615785	-1.1498998	0.25678036	0.3945862	0.28486568	-0.7802103	0.1133555	-0.11751298	-0.3604577	-0.01786857	-0.05995463	-0.16248757	-0.21540739	-0.2170399	0.057320245	-0.5457547	-0.15502138	0.46364224	-0.20980889	-0.4270124	0.060117815	0.087086394
-0.0028715516	0.6840347	-0.25810647	-0.6232024	1.0675138	-0.19374545	0.07633559	-0.08969758	0.23068714	-1.0702935	0.25175545	0.38349813	0.27670172	-0.7521787	0.1096376	-0.11288379	-0.38037932	-0.040289555	-0.036090877	-0.18309599	-0.24414696	-0.2042979	0.07939867	-0.47205624	-0.20146482	0.42116794	-0.24173374	-0.39802864	0.05241113	0.07108735
-0.0045018834	0.72510207	-0.29451832	-0.6212426	1.106764	-0.20209724	0.12134961	-0.04536461	0.26919436	-1.1601161	0.25006855	0.36990425	0.2906438	-0.8083568	0.13646597	-0.11423756	-0.40590605	-0.07251409	-0.04620757	-0.16482444	-0.21157737	-0.21706073	0.079191856	-0.5555145	-0.19243418	0.45185438	-0.25241646	-0.43891552	0.050571654	0.05185489
0.035527933	0.7025016	-0.26635364	-0.62419164	1.0733157	-0.16728632	0.07151174	-0.07608385	0.23788774	-1.110346	0.24653484	0.3810778	0.2723775	-0.7893593	0.08995827	-0.10312466	-0.39104703	-0.047639966	-0.022263706	-0.19395919	-0.23232897	-0.21625331	0.050442234	-0.5241808	-0.16122279	0.43953356	-0.20206958	-0.41204906	0.05735297	0.048584163
0.25710058	0.5086334	-0.031822618	-0.42364594	0.89191514	-0.036448225	-0.19918549	-0.18579553	0.15790023	-0.59676254	0.07438339	0.1458867	-0.049229518	-0.4901027	-0.07994808	-0.05792334	-0.16678983	0.21026006	-0.028853273	-0.25161463	-0.5280138	-0.13169318	0.054101758	-0.14650002	-0.28755456	0.25319746	-0.11578496	-0.10260239	0.100932926	-0.020042296
0.4028455	0.3805015	0.02880659	-0.36257222	0.688139	-0.05872097	-0.37637845	-0.32822126	0.17074895	-0.37152618	-0.013448109	0.1758029	-0.25473553	-0.27714497	-0.04519495	0.050695498	0.062061235	0.3350244	-0.043860387	-0.29786286	-0.84783524	-0.007983097	0.098911725	0.049690176	-0.5139716	0.118926525	-0.016088588	0.0021709949	0.13731435	-0.16135348
0.3774079	0.4604772	0.002737193	-0.35379413	0.8241265	-0.0034356494	-0.25679484	-0.29033428	0.15152897	-0.49571976	0.008502926	0.083328195	-0.1587879	-0.39542603	-0.14898987	-0.013873416	-0.08633371	0.24993634	-0.05097776	-0.2408352	-0.6699067	-0.082790546	0.13348988	-0.037260476	-0.36364052	0.14636485	-0.009872604	-0.06563937	0.10978298	-0.04889182
0.4187799	0.35499856	0.061506234	-0.3726318	0.65548444	-0.044808675	-0.38012093	-0.2793738	0.156416	-0.28306752	-0.06421104	0.17360555	-0.2394043	-0.2068185	-0.08214652	0.09395711	0.08519781	0.33936206	-0.060255118	-0.34381714	-0.85208637	-0.0029447172	0.10955202	0.09801655	-0.48629832	0.09418152	-0.019174239	0.023873998	0.14413808	-0.18781549
0.27614	0.34020382	-0.016093194	-0.45900255	0.6761475	-0.14024197	-0.31523553	-0.24387136	0.22981414	-0.45414108	0.0076932944	0.37144074	-0.17703454	-0.20598587	0.13365442	0.107786514	0.11008692	0.30612996	-0.058171675	-0.3708305	-0.8836684	0.059149336	0.088093996	-0.06462277	-0.58913666	0.1955507	-0.06581847	-0.077689424	0.13951288	-0.2256002
0.29753134	0.41705045	0.056817416	-0.39504367	0.78708583	-0.061161138	-0.3217823	-0.25328988	0.11177397	-0.42014626	0.054282583	0.17043564	-0.24555422	-0.27613235	0.0029005464	-0.023164408	0.07561371	0.35717145	-0.0045889495	-0.3270724	-0.73635256	-0.0752167	0.02571441	-0.059993487	-0.47215703	0.16016299	-0.058029618	8.987967e-05	0.1624279	-0.10285213
0.53934824	0.3882971	0.13301462	-0.31961653	0.67700195	0.010250343	-0.4439103	-0.4163387	0.19372053	-0.2864869	-0.08607412	0.086432904	-0.32116735	-0.20145783	-0.19328168	0.10151703	0.09678001	0.3540925	-0.058335643	-0.32977486	-1.0126998	0.016171698	0.19515233	0.21493258	-0.5519934	0.05172242	0.055038244	0.042237576	0.14634515	-0.17336628
0.5558874	0.33293024	0.11242144	-0.3294606	0.5892936	-0.059365314	-0.45000908	-0.41268522	0.23727256	-0.32341495	-0.1219489	0.19853584	-0.29488966	-0.17570893	-0.06533402	0.17771128	0.13184339	0.34528083	-0.061585795	-0.3859914	-1.0665439	0.05903379	0.20068012	0.2196355	-0.6488476	0.036128215	0.039967563	-0.015569612	0.14631458	-0.24945238
0.5611031	0.32328382	0.07654209	-0.34069985	0.6010002	-0.022656504	-0.46543348	-0.4151522	0.20686215	-0.3095075	-0.13266084	0.20399345	-0.29008743	-0.21595997	-0.10188119	0.1860359	0.10399684	0.31570005	-0.08357077	-0.38034993	-1.0774548	0.05137068	0.2089156	0.22099455	-0.604915	0.03962886	0.057214923	-0.01988813	0.14997806	-0.2606122
0.2926438	0.26959375	-0.046902712	-0.3958366	0.53011173	-0.22424509	-0.3490369	-0.23209298	0.20650065	-0.41632846	-0.0137414485	0.38052884	-0.1673113	-0.11010518	0.14519204	0.19547483	0.14718121	0.3254007	-0.02715879	-0.3687693	-0.9013822	0.07820264	0.060635667	-0.004059028	-0.618165	0.16339797	-0.09780045	-0.024771739	0.08615802	-0.27947474
0.27968058	0.4198813	0.013982356	-0.4369963	0.7900445	-0.07852014	-0.30068582	-0.2392195	0.16386938	-0.44836304	0.03805926	0.20301156	-0.20250213	-0.30755755	0.03706652	-0.006099959	0.02500399	0.34226313	-0.005104449	-0.32143265	-0.72266686	-0.046431933	0.024158718	-0.05812067	-0.48030338	0.20139332	-0.0781502	-0.02001318	0.12976539	-0.14763026
0.341033	0.4707175	-0.009856868	-0.37993795	0.79415864	0.0045696767	-0.25850728	-0.3000006	0.20379518	-0.50628406	0.0031648166	0.12521265	-0.12232328	-0.42395008	-0.12431908	0.02127094	-0.08840466	0.21664849	-0.06618745	-0.26223516	-0.70656955	-0.0966117	0.154514	-0.025881644	-0.37526435	0.14971738	-0.04019773	-0.10576117	0.10648594	-0.09181843
0.3732123	0.27697617	-0.018280912	-0.34939182	0.5135737	-0.21514356	-0.38839447	-0.27841318	0.18419938	-0.40383825	-0.02656054	0.3316473	-0.2295886	-0.14538439	0.10879919	0.17298476	0.13169883	0.34918547	-0.029009292	-0.3139721	-0.9298813	0.068927824	0.07650688	0.040388767	-0.6315273	0.12091103	-0.080829225	0.011854945	0.09140817	-0.27796265
0.5344977	0.3924013	0.12039368	-0.31565472	0.702388	0.0015635578	-0.46177283	-0.4090268	0.14828885	-0.2927754	-0.11078424	0.09190776	-0.293312	-0.23464458	-0.16051301	0.11326376	0.07775361	0.34389436	-0.045031864	-0.33751035	-0.98492867	0.015403929	0.16721389	0.20298485	-0.5353717	0.035932977	0.05851452	0.052293736	0.15972334	-0.17965874
0.3529193	0.6811885	0.17260657	-0.3263461	1.3779893	0.23789573	-0.44047004	-0.26274592	-0.12461998	-0.44853976	0.16349715	-0.45032468	-0.38807473	-0.7097086	-0.49653134	-0.4876077	-0.23020348	0.5509086	0.022790488	-0.17900465	-0.35795686	-0.4683685	-0.07223335	-0.12302604	-0.051792927	0.19232805	-0.13642828	0.37324092	0.23150417	0.2337403
0.25011352	0.40428123	0.016002802	-0.39294794	0.77020764	-0.06408359	-0.27277428	-0.24580114	0.11945368	-0.45779428	0.030869493	0.21629421	-0.19224219	-0.3057771	-0.006942178	-0.03785918	0.047493935	0.35552886	-0.042886335	-0.320522	-0.6913358	-0.03939571	0.028824827	-0.070393525	-0.45331356	0.1676582	-0.07891948	-0.015068453	0.1460885	-0.08835978
0.2997913	0.34748375	-0.009991056	-0.37203768	0.68002284	-0.11396061	-0.33389968	-0.22883892	0.14970642	-0.3955584	0.015316485	0.24430199	-0.18239714	-0.23911357	0.047683198	0.053249694	0.054989632	0.31361932	-0.041777212	-0.33000445	-0.773446	-0.025191953	0.03876077	-0.020604772	-0.4762543	0.16229083	-0.06361559	0.0057772044	0.10807453	-0.18691619
0.24826138	0.40126938	0.03210813	-0.3884389	0.7775239	-0.10385629	-0.28910288	-0.26145512	0.13691825	-0.45052016	0.051379953	0.22623327	-0.16536695	-0.29690042	0.053230096	-0.0076448326	0.07591138	0.36708713	-0.033922624	-0.31598118	-0.713846	-0.03738429	0.056445178	-0.044643622	-0.45846954	0.20361982	-0.07638564	-0.017048884	0.11079394	-0.15888578
0.29923424	0.2958903	-0.039139736	-0.43003607	0.60161704	-0.14726636	-0.35584015	-0.22139765	0.2335364	-0.39549428	-0.019858671	0.37306082	-0.1545731	-0.135364	0.13312238	0.16778278	0.14200512	0.3240144	-0.056120515	-0.39813116	-0.9239822	0.071107395	0.068744905	0.00037979858	-0.5861279	0.18737946	-0.054604646	-0.051333036	0.11442951	-0.26696405
0.32065457	0.6919238	0.11652476	-0.29758003	1.4859124	0.20008674	-0.42564294	-0.2630619	-0.13728625	-0.5602745	0.17655893	-0.46603635	-0.4089646	-0.69898635	-0.5207072	-0.4882172	-0.21945766	0.5462435	-0.005661051	-0.19065107	-0.43455514	-0.42129272	-0.07664713	-0.13909951	-0.0980463	0.23965684	-0.10922951	0.34418342	0.1916495	0.19970343
0.275615	0.4178706	0.05371069	-0.43825004	0.85231483	-0.04979433	-0.28967413	-0.2498176	0.13794854	-0.49633595	0.045324504	0.16266729	-0.19842015	-0.36445805	-0.0043701893	0.0009329566	0.020226685	0.3747621	-0.022570789	-0.29300588	-0.7010018	-0.08631623	0.057429556	-0.091855824	-0.41764614	0.17070341	-0.081877686	0.00010920275	0.15630868	-0.12631643
0.3273411	0.7415318	0.15369394	-0.3009156	1.5611545	0.259456	-0.4439691	-0.25190148	-0.20712055	-0.5366907	0.20613073	-0.5825541	-0.4411859	-0.8278993	-0.5954057	-0.57576346	-0.290843	0.5658452	0.041812263	-0.13205393	-0.3177727	-0.5439705	-0.07748857	-0.17911643	0.03349849	0.23712142	-0.13034518	0.42042932	0.18657053	0.29474175
0.46116474	0.65050936	0.07028559	-0.32764354	1.2838578	0.1670535	-0.37872916	-0.36588556	-0.07257337	-0.47203362	0.07895116	-0.3487331	-0.34355447	-0.639878	-0.41962767	-0.31416062	-0.22665252	0.44876763	0.021009803	-0.16047138	-0.5195808	-0.33874393	0.0025748995	-0.048280943	-0.15204121	0.21266665	-0.08044933	0.18455277	0.18568777	0.12361494
0.44915512	0.3650872	0.09380556	-0.35574874	0.6547182	-0.03654355	-0.40961027	-0.3474157	0.17932102	-0.3177845	-0.078899026	0.13996577	-0.2630075	-0.25077593	-0.1145062	0.09534657	0.08823438	0.34356683	-0.07949531	-0.33567294	-0.944665	0.00731037	0.15808518	0.14371921	-0.55683786	0.07153721	0.031037282	0.034024958	0.1386354	-0.19634038
0.30996668	0.74681985	0.1458343	-0.34045517	1.5542964	0.2587254	-0.4268919	-0.25213477	-0.16018558	-0.55374205	0.2007076	-0.5226122	-0.40111724	-0.8144523	-0.536153	-0.564185	-0.3042676	0.55878294	0.034885626	-0.16756488	-0.3103954	-0.5217958	-0.069533214	-0.21071501	0.010308149	0.2533313	-0.14872983	0.3567155	0.22313058	0.29582605
0.39307332	0.70628875	0.12271362	-0.3671776	1.4319024	0.18062614	-0.41200346	-0.29306087	-0.07743745	-0.56922835	0.13648646	-0.36955598	-0.37569135	-0.7390646	-0.45393744	-0.42797324	-0.19909336	0.534442	0.0033096417	-0.23296024	-0.47729823	-0.40553537	-0.02279537	-0.12082115	-0.15312493	0.22759643	-0.11882536	0.30365023	0.17636296	0.1769894
0.35490513	0.6716931	0.12232703	-0.30526787	1.3652538	0.20942342	-0.3867679	-0.30943465	-0.08580601	-0.4853087	0.13161759	-0.39869937	-0.35823092	-0.647394	-0.46752357	-0.42249477	-0.20352477	0.4888746	0.021238433	-0.1736068	-0.44233316	-0.38385355	-0.045654222	-0.10207564	-0.1403902	0.23635246	-0.11612881	0.26759762	0.19367214	0.1769478
0.22527644	0.43485728	-0.049416687	-0.42641005	0.7923592	-0.08565108	-0.20134044	-0.18744725	0.1754077	-0.5595679	0.05561781	0.19911821	-0.06673558	-0.398381	0.0023675603	-0.0061500515	-0.05454287	0.24106169	-0.06258917	-0.2611956	-0.5826725	-0.07790091	0.051867392	-0.14868465	-0.3562326	0.21257412	-0.104020186	-0.10774831	0.09175438	-0.060666375
0.36306718	0.5597078	0.107452	-0.31572354	1.1276999	0.09077024	-0.34773278	-0.2857921	-0.023347974	-0.4639856	0.077578105	-0.22857247	-0.33228734	-0.5346206	-0.32156557	-0.26623553	-0.15123399	0.42246702	0.0022754637	-0.20340818	-0.48316854	-0.30663645	-0.022902237	-0.105347976	-0.17661841	0.1817424	-0.100566275	0.21027103	0.14945112	0.10289312
0.27752367	0.46413442	0.0081643425	-0.433264	0.88615483	-0.030063475	-0.36135796	-0.28503054	0.12610538	-0.46765167	0.054339822	0.13257453	-0.26083547	-0.3454519	-0.04158073	-0.039454352	-0.0052034333	0.40849838	-0.036134038	-0.31432268	-0.71706903	-0.10766549	0.056418836	-0.07468462	-0.45840278	0.16610345	-0.07071987	0.05618979	0.14780873	-0.10140723
0.2826392	0.48563206	0.05094313	-0.3547609	0.89354545	-0.018487709	-0.3158567	-0.2388664	0.060360674	-0.51500684	0.074189566	0.04084264	-0.22555746	-0.44977307	-0.11952712	-0.09874706	-0.05642693	0.3598422	-0.024154391	-0.22711973	-0.5862715	-0.18397702	0.020207167	-0.092872865	-0.3034834	0.19409786	-0.07627062	0.05464782	0.12639305	-0.04239837
0.34677386	0.54447764	0.099585116	-0.31023738	1.116406	0.08082477	-0.4009372	-0.2572645	-0.042310186	-0.44003987	0.067176305	-0.1846401	-0.31152734	-0.49085617	-0.31157663	-0.23428917	-0.10160082	0.487739	-0.028678045	-0.24700326	-0.55275375	-0.28258538	-0.014999304	-0.07931682	-0.22417839	0.17206897	-0.085293055	0.2036196	0.17410505	0.048149377
0.37650627	0.67621726	0.10787887	-0.33550957	1.2798996	0.15106459	-0.38033965	-0.3053033	-0.057921577	-0.49058345	0.11887572	-0.29462105	-0.3533889	-0.6130205	-0.38883126	-0.3731097	-0.20895298	0.5094085	0.033767678	-0.21202871	-0.47253245	-0.34360462	-0.05621283	-0.09202511	-0.14495817	0.23528016	-0.102103986	0.26091334	0.21277158	0.15346074
0.3226004	0.534193	0.09768831	-0.3704927	1.0889167	0.11586727	-0.40556556	-0.29493582	0.021612052	-0.4195652	0.07664935	-0.13780028	-0.32407498	-0.46273917	-0.2580511	-0.2604072	-0.06189465	0.47446954	-0.023901794	-0.24310294	-0.553539	-0.22785756	-0.012464773	-0.05558393	-0.30061066	0.17490344	-0.06687171	0.18246463	0.2154545	0.07785
0.3054269	0.59257543	0.070878156	-0.33398077	1.1882677	0.08091079	-0.3713895	-0.24498522	-0.046602502	-0.5200877	0.09725037	-0.19691853	-0.31231472	-0.57787776	-0.31446347	-0.30458838	-0.13064441	0.45429537	-0.0007581074	-0.20168632	-0.4987802	-0.31075123	-0.0044968547	-0.117721975	-0.197001	0.22267583	-0.11964138	0.1771619	0.14989652	0.10943513
0.32215142	0.61110157	0.07381612	-0.31478912	1.3089125	0.12962553	-0.36966443	-0.25527468	-0.09354651	-0.55324763	0.12481656	-0.30157304	-0.3338941	-0.63874936	-0.39750716	-0.3729513	-0.19578671	0.49274626	0.0076891165	-0.19612305	-0.46315783	-0.35802725	-0.033006877	-0.17498478	-0.12534697	0.20902784	-0.14346987	0.26401433	0.16502741	0.1350629
0.3333192	0.62821776	0.09738037	-0.33489046	1.2558141	0.11254903	-0.38281158	-0.28871426	-0.042788006	-0.50251263	0.120444395	-0.28788784	-0.35412157	-0.57237613	-0.35545042	-0.34597617	-0.1560363	0.47284982	-0.0011204561	-0.2023958	-0.48094362	-0.3222709	-0.0025434587	-0.13586378	-0.20246266	0.20041928	-0.12903288	0.23830153	0.15222795	0.117343746
0.21490553	0.42319974	-0.044900194	-0.3956996	0.745544	-0.18671955	-0.26281667	-0.1824202	0.15602018	-0.56819373	0.06735579	0.28861284	-0.09688929	-0.32688826	0.09341558	0.01444315	0.029757706	0.26025274	-0.016260447	-0.31434998	-0.7126753	-0.04773826	0.047234558	-0.1440338	-0.44924974	0.20205614	-0.14067659	-0.060340725	0.11720423	-0.12337543
0.37266263	0.7976491	0.15510984	-0.39301187	1.5954233	0.24678592	-0.45469028	-0.26571938	-0.160057	-0.5813046	0.21945298	-0.47525215	-0.39930034	-0.83059716	-0.5160312	-0.53424114	-0.2761663	0.60211134	0.006136414	-0.19642122	-0.40338865	-0.49955595	-0.1140108	-0.19702151	-0.042067703	0.28837067	-0.18215619	0.41195172	0.24012718	0.25498044
0.31343797	0.4870538	0.016335761	-0.37825266	0.9235702	-0.002058859	-0.32828444	-0.2417748	0.07079898	-0.47742695	0.07450086	0.01267961	-0.23558044	-0.41028735	-0.14183627	-0.11062099	-0.06515549	0.36990687	-0.037410043	-0.2571368	-0.626301	-0.1590528	0.026846616	-0.09898832	-0.35158053	0.20127165	-0.09466434	0.062369592	0.14485843	-0.03671057
0.36969692	0.6371439	0.088465765	-0.3406014	1.29976	0.17938535	-0.4147657	-0.27228653	-0.07759049	-0.51285106	0.14451034	-0.28557852	-0.3494563	-0.671289	-0.4059525	-0.36090195	-0.17885585	0.47403115	0.027683962	-0.18847084	-0.48877504	-0.363235	-0.032215394	-0.11304385	-0.16470261	0.19401154	-0.08360471	0.25617275	0.18631297	0.13841625
0.28102535	0.56019354	0.036820944	-0.43507248	0.9862363	-0.0063983826	-0.2871829	-0.27685168	0.07658107	-0.5490571	0.07697326	0.07693232	-0.20845923	-0.4861438	-0.0937049	-0.12102726	-0.06580486	0.37283516	-0.000997383	-0.28063434	-0.665083	-0.14362052	0.03037087	-0.10495237	-0.3667528	0.20240583	-0.06912429	0.03254668	0.15490091	-0.015463736
0.23084809	0.58945155	-0.09275657	-0.417619	0.99213064	-0.045762196	-0.1761005	-0.21278153	0.12862462	-0.7097333	0.11749199	0.11736621	-0.06431564	-0.5791354	-0.11057063	-0.112433836	-0.19538783	0.20872375	-0.004865375	-0.21315366	-0.5030046	-0.17076543	0.050925322	-0.2193951	-0.26138952	0.277735	-0.14807492	-0.09842215	0.13314742	-0.0061479
0.27745986	0.50011325	0.019617157	-0.35922846	0.9777498	0.023201209	-0.31811503	-0.20856848	0.03198502	-0.5342016	0.09706679	-0.02930193	-0.22959338	-0.46128947	-0.17131786	-0.17374553	-0.113847256	0.3595361	0.008333693	-0.24298045	-0.5191322	-0.21655715	-0.002056393	-0.14321686	-0.26673827	0.21614054	-0.09270743	0.08460152	0.13936657	-0.004955896
0.39633867	0.7197289	0.086298995	-0.38774905	1.4323819	0.21757123	-0.4429962	-0.27665338	-0.092643045	-0.5385201	0.15518886	-0.39341837	-0.3801104	-0.7526825	-0.49043953	-0.44837144	-0.22751637	0.5090304	0.015603207	-0.20463546	-0.46633103	-0.4213065	-0.058130257	-0.15451334	-0.10030292	0.23109342	-0.12877996	0.32335088	0.19587944	0.19267824
0.34717637	0.7245406	0.07722224	-0.3405655	1.4368389	0.16509478	-0.4193279	-0.29148373	-0.10702219	-0.6016555	0.13949779	-0.36390314	-0.37130734	-0.68789184	-0.4722154	-0.42036325	-0.1729349	0.55409366	0.019883435	-0.20911959	-0.52518094	-0.40655276	-0.06897955	-0.16501828	-0.18330963	0.25577366	-0.12965167	0.29516056	0.16144748	0.16888812
0.32183793	0.48986644	0.08059802	-0.37167403	0.9478368	0.017936014	-0.3603555	-0.2841876	0.06928396	-0.39985484	0.06850349	0.0044281716	-0.28962058	-0.38102528	-0.13408181	-0.14914936	0.03446687	0.44848529	-0.015176782	-0.29976252	-0.6947433	-0.1317169	0.046178333	-0.058301225	-0.40069082	0.14618303	-0.046121996	0.10997513	0.19120675	-0.02726971
0.34464818	0.55291086	0.051329747	-0.3773885	1.1640233	0.07456881	-0.4024205	-0.24038766	0.0021300944	-0.518349	0.09557127	-0.15862413	-0.3188793	-0.56838214	-0.27515796	-0.24394095	-0.12284996	0.45482123	-0.013631344	-0.2284282	-0.5698561	-0.28341517	-0.023016106	-0.108961694	-0.2640208	0.22902158	-0.13108991	0.1638004	0.15836805	0.06774242
0.32933316	0.64062506	0.09580702	-0.29035804	1.2783375	0.12352536	-0.40396753	-0.254814	-0.08386826	-0.5445503	0.14039923	-0.34287986	-0.36200514	-0.639093	-0.42412502	-0.39954534	-0.1497973	0.48792017	-0.01400655	-0.15461636	-0.4450807	-0.3664625	-0.059825275	-0.13432369	-0.16214785	0.24241892	-0.11018781	0.2780052	0.13279282	0.15355071
0.3494316	0.44215602	0.09103066	-0.32048476	0.89764553	0.03022452	-0.3327121	-0.23918141	0.033098064	-0.37698823	0.035877474	-0.0430143	-0.27119386	-0.37326613	-0.19906072	-0.13710135	-0.043979693	0.39043725	-0.02453097	-0.22888334	-0.5875731	-0.17017981	0.023365743	-0.018411359	-0.31667733	0.15550274	-0.048830625	0.14446896	0.11406688	-0.040621996
0.3058688	0.3504632	-0.0048347693	-0.3932319	0.6575106	-0.110767536	-0.3139428	-0.21219052	0.16237885	-0.41473836	-0.003996584	0.26458573	-0.16092812	-0.2189707	0.036428243	0.0853391	0.073399685	0.3104986	-0.06093328	-0.3283359	-0.77334946	0.01945114	0.05976149	-0.04302042	-0.49609646	0.16561384	-0.08163982	-0.011322392	0.10650504	-0.19168024
0.23582157	0.37320364	-0.04334597	-0.40796423	0.7485269	-0.17563957	-0.25929102	-0.2310849	0.17476313	-0.5425218	0.02875948	0.27566752	-0.11429229	-0.30638534	0.09909153	0.022714157	0.012010395	0.29483065	-0.021024153	-0.29311576	-0.69907695	-0.04430951	0.039012726	-0.09532186	-0.47111487	0.21376781	-0.13447852	-0.031782635	0.09276987	-0.12916562
0.26988637	0.36513656	0.004952641	-0.3132395	0.7240769	0.003983412	-0.27150476	-0.18613301	0.0665384	-0.39214268	0.032397922	0.023708016	-0.18966722	-0.3002066	-0.110738926	-0.08027401	-0.009385795	0.28519925	-0.023222957	-0.23381598	-0.53284925	-0.09754915	0.02024956	-0.047336277	-0.29141456	0.16681741	-0.07238277	0.06752243	0.11621975	-0.059151374
0.2975869	0.39906418	0.0007116775	-0.34347796	0.8199993	-0.046646483	-0.32592627	-0.24676608	0.09272114	-0.43230698	0.021914916	0.058404528	-0.22817217	-0.34943128	-0.082240984	-0.045129497	0.0030634669	0.35668856	-0.034030028	-0.2609512	-0.6760411	-0.09964918	0.038386833	-0.06959523	-0.3731219	0.18728893	-0.1006666	0.08097302	0.106129974	-0.077530235
0.29213423	0.50221765	0.023115959	-0.4439078	0.8886886	-0.00093561795	-0.3645853	-0.30306986	0.11280528	-0.44715095	0.05901167	0.11488642	-0.25359243	-0.35021803	-0.0430792	-0.08003439	0.012940282	0.41198292	-0.036046177	-0.32563096	-0.73684746	-0.11496874	0.046341166	-0.06935322	-0.43131018	0.15992785	-0.08872015	0.058248352	0.18599987	-0.07779638
0.32465994	0.61974096	0.09579359	-0.32828996	1.3393016	0.17041683	-0.4108897	-0.29477602	-0.060129333	-0.53668946	0.12577581	-0.33508787	-0.37177533	-0.62779725	-0.39846155	-0.3905618	-0.15529975	0.52766377	0.016073305	-0.20982383	-0.53730357	-0.3427613	-0.011127186	-0.13556947	-0.18349098	0.2002707	-0.10250191	0.2547672	0.20993698	0.15753862
0.3194659	0.36486024	0.011224192	-0.39237183	0.6440087	-0.08962186	-0.385614	-0.29961282	0.16396165	-0.35808778	-0.043642063	0.23627451	-0.24885537	-0.18230212	0.058143973	0.12691183	0.12917024	0.3836688	-0.026616797	-0.3864084	-0.931105	0.042836543	0.06364821	0.02273564	-0.58463323	0.12540263	-0.050084542	0.007933168	0.13652316	-0.21988097
0.3856379	0.6984512	0.13961959	-0.365137	1.3835546	0.22358598	-0.41261622	-0.2941725	-0.058474723	-0.5252806	0.14974256	-0.37414202	-0.36588535	-0.7089216	-0.47967196	-0.45877776	-0.1884159	0.49290824	-0.011565265	-0.18218586	-0.41937205	-0.42383808	0.0076772855	-0.115433276	-0.12430988	0.20134594	-0.09866365	0.2620373	0.21321589	0.18865076
0.31480226	0.5946826	0.06789314	-0.35351935	1.1871434	0.096599355	-0.38167238	-0.2569575	-0.03569414	-0.5311546	0.094242014	-0.18446037	-0.3371258	-0.5421159	-0.2858074	-0.2635306	-0.11280597	0.45586354	-0.018930655	-0.24138138	-0.5808138	-0.284711	-0.01400068	-0.122273624	-0.2450024	0.21687105	-0.12185101	0.20824412	0.16189203	0.060099795
0.3940275	0.6348873	0.13740209	-0.38487262	1.2153687	0.16370733	-0.4546655	-0.23907587	-0.065933846	-0.44298166	0.14941427	-0.216871	-0.33496523	-0.5378081	-0.33306894	-0.30738467	-0.1615486	0.5518393	0.010140006	-0.25437206	-0.52856195	-0.31585085	-0.07243232	-0.08138241	-0.19839199	0.23391508	-0.12578568	0.3006506	0.2128552	0.09900243
0.26015797	0.42043182	0.023943655	-0.3767312	0.766146	-0.06706778	-0.2707292	-0.23073326	0.11667359	-0.4800254	0.05760523	0.17693545	-0.16053021	-0.3324377	-0.020930272	-0.020406254	0.0030327765	0.3092334	-0.015627814	-0.29498646	-0.6310528	-0.08638765	0.03158912	-0.09358066	-0.4031216	0.17806381	-0.055000197	-0.006194503	0.124436356	-0.079495
0.3441938	0.7023163	0.1081149	-0.3167053	1.4606998	0.15208463	-0.41703588	-0.26452693	-0.11721303	-0.57025844	0.1632575	-0.39785844	-0.37489563	-0.68282944	-0.4840449	-0.46939445	-0.18155384	0.5556693	0.019262455	-0.17638892	-0.46915728	-0.42054346	-0.061388116	-0.16143353	-0.16536532	0.22826532	-0.11886449	0.29230526	0.1850634	0.18283875
0.31165463	0.6973374	0.08310049	-0.38250363	1.425908	0.1834534	-0.40561897	-0.29119313	-0.08360598	-0.56007135	0.14730379	-0.34982616	-0.38355517	-0.72467965	-0.4160714	-0.43710494	-0.2008909	0.52747715	-0.0022610049	-0.22068703	-0.48481008	-0.38024026	-0.02325708	-0.15551431	-0.1681324	0.24290457	-0.10780715	0.2796546	0.22290215	0.1851998
0.3637583	0.69316816	0.09957636	-0.35926712	1.4138216	0.194069	-0.4106727	-0.29191107	-0.073182896	-0.54874694	0.12927683	-0.36771137	-0.3818893	-0.672	-0.4070488	-0.42668554	-0.17808542	0.5307293	0.01241353	-0.24151404	-0.5205311	-0.39505383	0.0031897973	-0.1506962	-0.15183042	0.2302335	-0.12400939	0.27710965	0.19984558	0.18424861
0.44362006	0.9285386	0.18941171	-0.41523358	1.7577914	0.29238522	-0.48079938	-0.30525935	-0.1150811	-0.6060859	0.25108132	-0.47976646	-0.4118857	-0.86574364	-0.5789678	-0.54368806	-0.33215764	0.6571694	0.062188942	-0.21446934	-0.4430793	-0.5563219	-0.08234976	-0.16317318	-0.038082797	0.30371234	-0.21595806	0.38464838	0.28293547	0.28073084
0.30632296	0.4004792	0.014182796	-0.33872664	0.77496165	-0.050679374	-0.33714163	-0.24976829	0.09445898	-0.39869827	0.01681404	0.09453743	-0.21095869	-0.31829906	-0.07677025	-0.02815401	0.017583827	0.3345354	-0.03623173	-0.27330524	-0.6691681	-0.067238845	0.029228238	-0.018803768	-0.38328657	0.14957896	-0.058400307	0.046359073	0.101623386	-0.10643317
0.4628145	0.44168296	0.057720177	-0.34010205	0.77683353	-0.0155822	-0.40715247	-0.348657	0.15032387	-0.41437918	-0.007600843	0.0828795	-0.26190564	-0.35003605	-0.16297005	0.023437072	0.024086142	0.34265622	-0.047763757	-0.29801506	-0.8352798	-0.046370793	0.13416204	0.093321875	-0.44551224	0.093789406	-0.003638642	0.020794474	0.13201815	-0.12809902
0.39557788	0.63365126	0.10465859	-0.2934987	1.2545408	0.16859362	-0.41256478	-0.34019622	-0.07056692	-0.4747821	0.08315397	-0.33880082	-0.3905091	-0.6079479	-0.41216135	-0.31274748	-0.14802566	0.4740067	0.0044597657	-0.1681824	-0.5446174	-0.31281906	0.012496125	-0.061361413	-0.17346153	0.18661845	-0.09206586	0.21996337	0.14305843	0.11067624
0.33167076	0.54465306	0.043787017	-0.37826377	1.0949566	0.041118488	-0.36545148	-0.2544912	0.019136386	-0.5151947	0.110365696	-0.1039542	-0.28409323	-0.5033016	-0.24050109	-0.20146075	-0.10021981	0.43549365	-0.015898379	-0.23972276	-0.5722372	-0.22189641	-0.008581638	-0.1034537	-0.2500884	0.2205417	-0.103636	0.1468304	0.1585989	0.04330498
0.37077036	0.7033197	0.10058175	-0.36913052	1.5292194	0.21598326	-0.40788716	-0.24245453	-0.15448612	-0.5533279	0.19242994	-0.40940398	-0.39051747	-0.79810727	-0.5089557	-0.52165484	-0.2926561	0.5538624	0.04861964	-0.18510984	-0.3975716	-0.49665082	-0.08391667	-0.1901502	-0.048771683	0.22367586	-0.1442301	0.32879376	0.23976381	0.22901389
0.3749931	0.64419323	0.08495013	-0.33422816	1.3360771	0.15777162	-0.44076264	-0.31884122	-0.040876582	-0.54138917	0.112080865	-0.31450516	-0.38474238	-0.64664346	-0.42882034	-0.38177344	-0.15062368	0.4600389	0.020604592	-0.21807069	-0.53803277	-0.34503654	-0.0048682527	-0.104075566	-0.17673627	0.2345662	-0.120426334	0.21899502	0.17133413	0.09673915
0.39181542	0.7043746	0.12278371	-0.37304598	1.4155133	0.18668075	-0.4483148	-0.23114054	-0.113388486	-0.54368484	0.17440364	-0.3390631	-0.35286796	-0.7192823	-0.46356013	-0.46528688	-0.25927365	0.54764646	0.028873598	-0.20598494	-0.39464492	-0.46390626	-0.06514234	-0.17251158	-0.10509931	0.24715212	-0.16584876	0.3419203	0.22934785	0.18992919
0.34162784	0.6746714	0.11417884	-0.3907566	1.3357052	0.11743635	-0.41581404	-0.2948682	-0.024584942	-0.5481692	0.13132912	-0.26297843	-0.374866	-0.63148564	-0.37493172	-0.36377323	-0.1324386	0.50460386	0.016892612	-0.24263826	-0.55590874	-0.3259616	0.012204847	-0.11529982	-0.24079248	0.2345858	-0.12131519	0.21883334	0.19451298	0.12759292
0.41861615	0.6092117	0.072331466	-0.34992948	1.2179655	0.10313802	-0.37963554	-0.30494058	-0.011925348	-0.5217134	0.09165717	-0.18347798	-0.32573923	-0.6066757	-0.33235413	-0.26995265	-0.16722322	0.47240368	0.0048195184	-0.23762126	-0.6040427	-0.25695854	0.016304025	-0.07945726	-0.24084581	0.2249553	-0.10720908	0.1524065	0.16472611	0.06531608
0.4531016	0.631798	0.07357028	-0.3094621	1.2697827	0.14371471	-0.38198447	-0.35210305	-0.04574384	-0.48873982	0.07034827	-0.32032353	-0.36035907	-0.60338026	-0.39392424	-0.31208178	-0.1964696	0.45396987	-0.0036166338	-0.15786749	-0.5686162	-0.3271198	-0.009412822	-0.077846706	-0.19929367	0.20756298	-0.07197667	0.1841968	0.15056837	0.10237044
0.40156808	0.66021913	0.07563889	-0.34679526	1.3733647	0.19762649	-0.40806818	-0.2689144	-0.07830795	-0.537013	0.11957462	-0.3620933	-0.36911756	-0.7227423	-0.45244488	-0.40082267	-0.24247377	0.47785994	0.023604522	-0.20453651	-0.48243466	-0.41364163	-0.060100086	-0.1108021	-0.12054917	0.24739975	-0.10636885	0.29074478	0.17705268	0.16019018
0.37706944	0.71949285	0.1222329	-0.36443326	1.3551486	0.148664	-0.40181923	-0.29889116	-0.02736626	-0.540206	0.17082223	-0.2786874	-0.33281285	-0.68027234	-0.42392638	-0.38716996	-0.2123388	0.4995849	0.003643999	-0.19765036	-0.4650687	-0.3594829	-0.0093619125	-0.0955183	-0.1295139	0.2553063	-0.14970377	0.23989783	0.21205021	0.13383117
0.42236006	0.44184577	0.06732733	-0.3457374	0.8298057	0.0075877006	-0.38038963	-0.3130907	0.11704504	-0.4106338	-0.01804244	0.022856703	-0.25294116	-0.37909985	-0.19032846	-0.01903218	-0.018157022	0.3690823	-0.06424068	-0.28218222	-0.76670074	-0.07516307	0.116358735	0.066267096	-0.39540768	0.1441267	-0.03438665	0.061323863	0.13227637	-0.09867924
0.30879363	0.6071315	0.09865633	-0.35564145	1.235393	0.10042815	-0.35484913	-0.24211547	-0.00848006	-0.5671646	0.11626384	-0.20664836	-0.32691944	-0.60088485	-0.3109142	-0.29767457	-0.16479559	0.44136766	-0.0016200673	-0.22135615	-0.50242484	-0.2894557	-0.024389459	-0.13718992	-0.21090578	0.2134194	-0.13318779	0.20483975	0.13773137	0.10141246
0.32702515	0.57298696	0.08178923	-0.36260858	1.1496183	0.07453668	-0.36651605	-0.2408136	-0.027722184	-0.48594427	0.12007119	-0.16777973	-0.31111997	-0.5353074	-0.26286933	-0.28209546	-0.11383195	0.4402207	-0.01122392	-0.23593467	-0.51013047	-0.28554824	-0.0054324497	-0.13688925	-0.23412375	0.21485658	-0.12018748	0.20613797	0.17628926	0.08318109
0.34187874	0.4915753	0.06314368	-0.29531306	0.9808243	0.06838807	-0.3791135	-0.25438663	0.0052198977	-0.42120007	0.03511139	-0.14305514	-0.3128458	-0.41429412	-0.2369635	-0.18174694	-0.06716586	0.4092941	-0.0011410695	-0.21680188	-0.59910226	-0.22241598	0.009977865	-0.06385702	-0.28297353	0.16404617	-0.06238746	0.14320454	0.121685095	0.004808883
0.31177527	0.47394255	0.05940802	-0.3811224	0.8831327	-0.0034483958	-0.3748757	-0.24407569	0.08632201	-0.4492744	0.034572415	0.0073381886	-0.27012396	-0.39093995	-0.1484881	-0.07302116	0.005287042	0.37739444	-0.04454091	-0.2994378	-0.674055	-0.11332463	0.028474517	-0.058421984	-0.38040912	0.17874126	-0.080795966	0.09064783	0.14494212	-0.043093666
0.38542458	0.69285595	0.122992955	-0.3692283	1.3953749	0.15277207	-0.41251272	-0.30130795	-0.059837326	-0.53122485	0.15880866	-0.31161717	-0.3708398	-0.676162	-0.40541366	-0.38112023	-0.21765782	0.51675725	0.017907187	-0.19072694	-0.48311186	-0.35986754	-0.042614598	-0.14276578	-0.15133478	0.2362707	-0.11324791	0.24852338	0.19948405	0.13756351
0.35444686	0.5033119	0.10288576	-0.32958272	1.0534414	0.08733052	-0.381264	-0.3030361	-0.012056572	-0.4037897	0.04422083	-0.1422806	-0.32780296	-0.47589496	-0.29528755	-0.19786426	-0.096956946	0.42189944	0.0053328536	-0.23153232	-0.58045405	-0.22044262	0.018041756	-0.037968032	-0.2806403	0.17287876	-0.0660125	0.17903452	0.14075166	0.0069295825
0.30934283	0.63748956	0.09329069	-0.3215701	1.3092809	0.17882599	-0.4041645	-0.27382362	-0.07891543	-0.5121303	0.12690373	-0.36248899	-0.36890903	-0.65643936	-0.39182553	-0.3871097	-0.16364422	0.48207483	-0.0021601287	-0.19074552	-0.48330137	-0.37746838	-0.018111102	-0.13822423	-0.14233571	0.22367136	-0.11202608	0.27613464	0.19480236	0.17764273
0.4162198	0.6980413	0.13878569	-0.39946157	1.3911915	0.17435722	-0.4214275	-0.27792174	-0.10041664	-0.49738878	0.17216629	-0.3184402	-0.34020388	-0.6389415	-0.41954625	-0.39988455	-0.22604793	0.5571597	-0.0031458018	-0.21595463	-0.4677178	-0.4004468	-0.082232505	-0.13020563	-0.13412894	0.23888625	-0.13683446	0.3217222	0.24451503	0.14781488
0.40352562	0.8537365	0.16069962	-0.42481503	1.6567117	0.26744124	-0.49077687	-0.23472576	-0.17099002	-0.62166774	0.26296082	-0.41867724	-0.37005958	-0.824067	-0.5284426	-0.55276304	-0.3370487	0.655261	0.014779371	-0.22327667	-0.37253913	-0.5460524	-0.14185205	-0.18032943	-0.04897954	0.30438575	-0.1868407	0.41505343	0.28696355	0.28138798
0.44006747	0.8433562	0.1434115	-0.44878137	1.7347399	0.25832585	-0.5130525	-0.23783645	-0.17902729	-0.618325	0.24520427	-0.47735205	-0.4296812	-0.9122105	-0.5829585	-0.58415216	-0.36176562	0.6556037	0.04760308	-0.20229097	-0.3807779	-0.58883655	-0.121771365	-0.22535127	-0.02567011	0.3047733	-0.20509142	0.418806	0.26670778	0.312035
0.4174956	0.7451491	0.11600882	-0.40206444	1.5188885	0.20620649	-0.45741302	-0.28941527	-0.06884314	-0.58707553	0.17082319	-0.34378788	-0.3697938	-0.7549753	-0.48496816	-0.42036805	-0.2553614	0.5493547	0.031996176	-0.22926997	-0.5423149	-0.42318085	-0.047498662	-0.16446257	-0.13916636	0.26967514	-0.18264258	0.2897708	0.23075375	0.18494077
0.31509325	0.6201151	0.122496575	-0.3369497	1.2889329	0.16370244	-0.38041866	-0.28335905	-0.06404134	-0.49317485	0.119127385	-0.31005546	-0.35708603	-0.60310227	-0.40943444	-0.38905326	-0.14669392	0.49612036	-0.00035125206	-0.22967127	-0.49270678	-0.32801697	-0.013328297	-0.13855074	-0.20355792	0.18974054	-0.08790597	0.26190028	0.18763609	0.15295185
0.382673	0.53369254	0.05872868	-0.31553116	1.0726296	0.070502296	-0.38336655	-0.28525314	-0.018472875	-0.46268445	0.07407803	-0.17812088	-0.32723033	-0.50150704	-0.29690823	-0.20885582	-0.09567845	0.44795045	0.01470199	-0.2125283	-0.6118703	-0.22019657	0.0034926552	-0.035325598	-0.26882154	0.19592227	-0.06357172	0.14828765	0.16424574	0.03549844
0.30163583	0.44515154	0.018365286	-0.36512658	0.85094196	-0.056006845	-0.33453247	-0.26004857	0.08452354	-0.44201127	0.03506336	0.09181706	-0.23258883	-0.38118374	-0.08852614	-0.04083671	-0.011433118	0.34893438	-0.03026539	-0.2699569	-0.6734843	-0.105523765	0.03351672	-0.04950908	-0.40173608	0.18925063	-0.0753217	0.04183384	0.14880005	-0.06954796
0.4349304	0.737092	0.1351419	-0.43226838	1.5334774	0.2308065	-0.48581263	-0.32507774	-0.088487476	-0.5880765	0.19179152	-0.3899291	-0.41017935	-0.78619903	-0.50107944	-0.47434208	-0.27092054	0.5641563	0.011705933	-0.24823305	-0.5259813	-0.47779235	-0.037610695	-0.13930453	-0.11486143	0.22844674	-0.11810616	0.3235294	0.2693316	0.1867798
0.49966472	0.7338594	0.08267554	-0.37435997	1.4685953	0.15017089	-0.4464373	-0.39591977	-0.07775511	-0.57286996	0.103117794	-0.3528253	-0.4271026	-0.7171832	-0.46321404	-0.37191373	-0.220958	0.523021	0.022357315	-0.21272956	-0.64612734	-0.37349066	0.011435553	-0.0901839	-0.22550441	0.2353696	-0.11806379	0.21169569	0.21226414	0.09837462
0.44641426	0.6866875	0.0727564	-0.3710388	1.3512628	0.15716222	-0.3985759	-0.3697728	-0.06510972	-0.5583807	0.118417054	-0.2962124	-0.36233023	-0.673073	-0.42175582	-0.3604168	-0.19391662	0.48063096	0.041542143	-0.19032413	-0.58465165	-0.3265716	-0.007695945	-0.109173566	-0.1997369	0.20824829	-0.08237738	0.19022779	0.20538723	0.10577287
0.3897862	0.52976036	0.06114991	-0.3771197	1.034603	0.024676787	-0.37582135	-0.3028563	0.040402386	-0.4910093	0.056978915	-0.031798497	-0.28084496	-0.49444458	-0.20879689	-0.15145086	-0.09081618	0.42410636	0.008624826	-0.27544948	-0.6985553	-0.1872329	0.017298322	-0.03788501	-0.3324629	0.17404763	-0.06858858	0.08628155	0.14804798	-0.034798708
0.37397292	0.66942185	0.091416895	-0.33208892	1.3525931	0.12968789	-0.39822567	-0.29380518	-0.07896389	-0.5466014	0.1207713	-0.29766938	-0.38202643	-0.66292435	-0.40105662	-0.37474653	-0.18864726	0.4916221	0.02167909	-0.20815475	-0.53298306	-0.3473041	-0.0431308	-0.12349418	-0.1860505	0.21943913	-0.113626555	0.24285805	0.15499711	0.13006257
0.4617591	0.77549195	0.10151415	-0.36320692	1.5480266	0.22030313	-0.4186283	-0.38275686	-0.10763223	-0.5484393	0.15618601	-0.43100077	-0.4206218	-0.79787266	-0.5078479	-0.46254173	-0.28972468	0.52133393	0.026533274	-0.16305771	-0.51114255	-0.4338122	-0.037184175	-0.098970756	-0.104984716	0.26110065	-0.0927343	0.27075872	0.21282375	0.16477747
0.36621782	0.6985982	0.092217304	-0.34492794	1.4156889	0.18482777	-0.44039625	-0.31854177	-0.06429405	-0.56015795	0.12249629	-0.38643113	-0.41183108	-0.706045	-0.4675256	-0.4370106	-0.20496942	0.5067988	0.04351285	-0.16671161	-0.47866794	-0.38980284	-0.024642993	-0.107382536	-0.15304427	0.2482622	-0.12506449	0.2774846	0.18791811	0.13847025
0.31594205	0.39362988	0.05872225	-0.35189143	0.7878685	-0.039707206	-0.34139532	-0.27655822	0.10597385	-0.40466982	0.01927177	0.15088993	-0.22266012	-0.3165263	-0.035091955	-0.009022712	0.018521186	0.37531278	-0.043674175	-0.31471604	-0.7304447	-0.062398266	0.04572603	-0.049413174	-0.43442637	0.16444674	-0.049589895	0.03215468	0.14751184	-0.11677718
0.3525443	0.60214883	0.12965088	-0.35068914	1.1849687	0.09160115	-0.3699811	-0.31162038	0.013432779	-0.5228515	0.07871107	-0.1790145	-0.34781107	-0.5443105	-0.3115604	-0.2792193	-0.08499361	0.4708292	-0.012705174	-0.2266067	-0.5540544	-0.29758215	0.010027127	-0.12215734	-0.24795334	0.2001267	-0.10195524	0.21617788	0.14024547	0.06386889
0.3361636	0.52103686	0.08293997	-0.3663906	1.078832	0.047252506	-0.37353635	-0.29144642	0.047684494	-0.4854101	0.058614604	-0.037822086	-0.29062763	-0.46084973	-0.21438202	-0.1733871	-0.06321747	0.43694112	-0.005123678	-0.28260505	-0.67556196	-0.18310098	0.019387977	-0.070504054	-0.35334575	0.20411246	-0.101568185	0.12065804	0.16355279	-0.020733042
0.29876933	0.44870788	0.035896447	-0.3532275	0.8675364	-0.018633734	-0.32547322	-0.25568578	0.08907933	-0.44836125	0.039500326	0.008054874	-0.24321583	-0.36592832	-0.12500574	-0.09870364	-0.02744063	0.36661622	-0.038224757	-0.26526982	-0.61216056	-0.13461389	0.010215496	-0.08141297	-0.3375858	0.17123915	-0.08702144	0.08515573	0.114250846	-0.039640874
0.43095005	0.82123566	0.15093388	-0.42984307	1.7412632	0.30108735	-0.4886542	-0.28967047	-0.15449011	-0.62048835	0.2368859	-0.4769747	-0.4379267	-0.93130773	-0.62407887	-0.6048138	-0.33150023	0.5997518	0.06199846	-0.21326503	-0.40361083	-0.57449424	-0.083214365	-0.20405383	0.007679413	0.2512491	-0.17723121	0.41675377	0.28948018	0.28572682
0.3830498	0.80505884	0.15751714	-0.41609558	1.553234	0.23255624	-0.44924194	-0.27977857	-0.121556066	-0.5810345	0.19872485	-0.40268636	-0.3858874	-0.7738574	-0.5024781	-0.50331044	-0.28348732	0.6148757	0.018632526	-0.20443974	-0.47406375	-0.4824526	-0.103294544	-0.17604868	-0.1246066	0.2961697	-0.18098624	0.34765893	0.21601157	0.23281638
0.40954643	0.75191015	0.122619346	-0.37733737	1.4469451	0.190967	-0.44330347	-0.29575384	-0.07499373	-0.54953724	0.13466036	-0.35176754	-0.3998168	-0.73030895	-0.46447635	-0.39296803	-0.24455062	0.5394707	0.03519008	-0.25393158	-0.5548926	-0.4186061	-0.04452653	-0.102001175	-0.14885782	0.25609773	-0.13171269	0.284388	0.21416627	0.17448731
0.36564067	0.64791113	0.13674518	-0.34010285	1.2841305	0.1323194	-0.40796146	-0.30189523	-0.019253567	-0.5087511	0.12909046	-0.28891394	-0.3597799	-0.60056627	-0.38713598	-0.36777157	-0.16410796	0.47568166	0.012331851	-0.1960477	-0.49231523	-0.31674528	0.004922383	-0.09677508	-0.1760281	0.22477633	-0.10387995	0.23354012	0.19548698	0.13914225
0.40674013	0.7021295	0.117710285	-0.38028345	1.3966161	0.20064503	-0.42795268	-0.24525718	-0.12415241	-0.5016164	0.2042223	-0.3048285	-0.3372012	-0.6676948	-0.42167336	-0.4268902	-0.21840477	0.569149	0.005696836	-0.20083763	-0.43026084	-0.44214314	-0.09911386	-0.1232808	-0.12475831	0.25646973	-0.1666479	0.34331074	0.22258362	0.15270504
0.31311235	0.40974632	0.030045599	-0.35088784	0.842334	-0.012679682	-0.35588843	-0.271317	0.07800558	-0.39484793	0.00046312658	0.0916815	-0.25515231	-0.30482268	-0.101034224	-0.03526462	-0.003510496	0.37546036	-0.04412126	-0.29301268	-0.72501135	-0.08345141	0.02587234	-0.013540825	-0.4177482	0.14684163	-0.07577705	0.06461761	0.13061728	-0.07461153
0.4239978	0.92454314	0.14341597	-0.4310773	1.8007438	0.29851884	-0.48817107	-0.29799968	-0.1664356	-0.65222675	0.2723705	-0.4866182	-0.45022094	-0.9375452	-0.6084352	-0.61750513	-0.36658785	0.630584	0.053112604	-0.23044863	-0.39310625	-0.5722382	-0.088068366	-0.22320749	0.016188905	0.28741738	-0.22069222	0.4036455	0.30265856	0.3289851
0.3068433	0.4410413	0.020351354	-0.31986827	0.8940054	0.03368199	-0.34147912	-0.23332724	0.020602055	-0.4300132	0.05300672	-0.0655758	-0.23985498	-0.39632416	-0.16830476	-0.14285636	-0.047718707	0.36423045	-0.016781185	-0.24851795	-0.57141113	-0.1860828	-0.0065219435	-0.07301599	-0.29747403	0.2005214	-0.100062594	0.15536568	0.14555353	-0.007889972
