0.09324714	0.13395791	-0.4571874	-0.17975925	-0.71756744	0.22347844	0.1368018	0.15497753	-0.12544405	-0.17926955	0.02359257	-0.11805048	-0.04005335	0.29496098	-0.32876056	-0.44240862	-0.2475931	0.47308898	-0.31682718	0.04103813	0.4330141	-0.20698188	-0.07365452	-0.006216075	0.21181105	-0.037989076	-0.046607208	0.7065384	-0.4956515	0.19384955
0.11415471	0.14065033	-0.47321185	-0.18213059	-0.7275536	0.20001571	0.11419234	0.1606518	-0.16626671	-0.20962805	0.030084614	-0.13725562	-0.051128704	0.31760398	-0.33613634	-0.43550745	-0.25415078	0.4638371	-0.3150205	0.05558972	0.418649	-0.17924145	-0.08056851	-0.0038972413	0.23401903	-0.051268663	-0.01669991	0.6933326	-0.50350016	0.19598095
0.08857423	0.1549829	-0.47177118	-0.18229787	-0.71279776	0.20379055	0.131004	0.1535273	-0.14484	-0.18087018	0.024064794	-0.12073055	-0.037856262	0.31517497	-0.33403134	-0.45785752	-0.28235993	0.44692302	-0.326883	0.06396192	0.45793733	-0.21344455	-0.06526901	-0.019405656	0.1897018	-0.04498598	-0.055749424	0.6901985	-0.4828198	0.19035634
0.107121624	0.13946056	-0.4531287	-0.16757965	-0.7243244	0.24093033	0.1473527	0.1715005	-0.14371926	-0.2048536	0.033341315	-0.117148794	-0.03749587	0.3096325	-0.32542813	-0.4469212	-0.2630837	0.45679793	-0.31547144	0.070111506	0.458155	-0.22460127	-0.08502083	-0.01716419	0.19897132	-0.06335256	-0.06275631	0.71291286	-0.48135197	0.18562582
0.11378696	0.15717733	-0.47909084	-0.16828872	-0.7171236	0.23269847	0.138885	0.1639528	-0.136702	-0.17204179	0.027274992	-0.124665216	-0.048047107	0.30524218	-0.34091625	-0.43673608	-0.25176027	0.45159107	-0.3402958	0.039354037	0.4499064	-0.20990072	-0.063394465	-0.01757224	0.20169501	-0.049001973	-0.039347913	0.70527637	-0.4753988	0.21745463
0.09205574	0.1509207	-0.4579614	-0.1931266	-0.7164412	0.2051659	0.13772951	0.16900027	-0.15199444	-0.18772161	0.041188642	-0.11608362	-0.035197295	0.29414764	-0.31925216	-0.44999427	-0.25156486	0.47159228	-0.3290592	0.06084482	0.4452864	-0.20326102	-0.05484514	-0.024335952	0.21714756	-0.035073034	-0.03237127	0.72569984	-0.47836822	0.22049321
0.11213328	0.15220176	-0.47312793	-0.1833615	-0.73703176	0.23838715	0.14735697	0.16459723	-0.14009956	-0.17847504	0.029660646	-0.1156358	-0.04770577	0.30408704	-0.33839262	-0.46276397	-0.28865483	0.47320104	-0.33030906	0.07161176	0.44651538	-0.19388951	-0.082553655	-0.0016593679	0.20547238	-0.035153348	-0.044935852	0.7085765	-0.50708294	0.19657284
0.11295593	0.14007755	-0.47727257	-0.18402462	-0.7374741	0.22594272	0.15407398	0.16299461	-0.16115582	-0.18605307	0.052627005	-0.113927186	-0.032462735	0.32826185	-0.32034394	-0.45178533	-0.265848	0.45708463	-0.31624138	0.04903658	0.4480321	-0.207863	-0.07761619	0.013378673	0.20878464	-0.05905184	-0.030241994	0.71343625	-0.5087695	0.2192498
0.09251319	0.159045	-0.4682632	-0.1978668	-0.70295316	0.20141008	0.14097044	0.15102154	-0.13099371	-0.18288416	0.055763233	-0.101173475	-0.04738846	0.30922434	-0.31895712	-0.45506185	-0.2793248	0.47742596	-0.31989938	0.0614645	0.441446	-0.20115091	-0.055648267	0.008777473	0.21868235	-0.049397036	-0.03535817	0.7107538	-0.47776854	0.21487604
0.12652871	0.15931597	-0.45451674	-0.19392139	-0.7131482	0.2195094	0.13951737	0.15556748	-0.15752986	-0.20888929	0.047906768	-0.12534516	-0.021138197	0.3289987	-0.30873778	-0.4313118	-0.25266916	0.46657276	-0.33002493	0.06582228	0.45292875	-0.209375	-0.057484612	-0.024734804	0.19553277	-0.039709024	-0.06192948	0.70994264	-0.5012757	0.21293798
0.09922436	0.1588517	-0.4541539	-0.17448665	-0.7195923	0.22746336	0.15050589	0.15479462	-0.16597836	-0.17904885	0.04989919	-0.10464735	-0.025092568	0.31360933	-0.33016744	-0.46362576	-0.2868072	0.48245898	-0.33671933	0.042368416	0.44258946	-0.20850989	-0.07320374	-0.017197972	0.21376583	-0.06014522	-0.02553006	0.7317135	-0.5097036	0.2090262
0.116594106	0.1610588	-0.46471465	-0.19319537	-0.715839	0.21750848	0.14521152	0.14373776	-0.15989535	-0.17775688	0.057624843	-0.114166126	-0.047881745	0.32633147	-0.33892944	-0.45670474	-0.27889472	0.45893076	-0.30852723	0.07273412	0.45772013	-0.19872244	-0.08361266	0.0037605877	0.21454234	-0.04383085	-0.05837631	0.7195139	-0.47593144	0.20258635
0.12206509	0.13783258	-0.48404545	-0.19009383	-0.7161538	0.21010518	0.13484834	0.1781617	-0.16617543	-0.18272889	0.043758288	-0.11654179	-0.018734818	0.3301458	-0.33217433	-0.45829177	-0.278294	0.48766273	-0.31749487	0.039919235	0.4546378	-0.18898362	-0.081393935	0.0012340103	0.20840536	-0.06158527	-0.037198078	0.7010445	-0.50956786	0.20261595
0.09735903	0.16378178	-0.48645064	-0.18431371	-0.7160022	0.20915277	0.14735928	0.15700583	-0.160254	-0.19968674	0.030563032	-0.12345969	-0.01567802	0.31303522	-0.34577787	-0.4307566	-0.29195756	0.48070145	-0.3135372	0.060144324	0.46625105	-0.18632753	-0.07708195	-2.9643461e-05	0.18972535	-0.05480332	-0.02341045	0.7302478	-0.4899942	0.21588355
0.119945556	0.14012533	-0.46734035	-0.18148406	-0.7170792	0.23382781	0.12856965	0.1516891	-0.15259196	-0.17627026	0.04045473	-0.098494135	-0.047664717	0.3274436	-0.33682045	-0.43160263	-0.27829227	0.47936678	-0.3252381	0.060186516	0.46234736	-0.21675281	-0.083613776	-0.006990298	0.20027164	-0.033614684	-0.029751725	0.7193804	-0.49217403	0.18636686
0.12596177	0.14009881	-0.45263636	-0.1759512	-0.7260449	0.21379755	0.11884485	0.18665549	-0.16563982	-0.19096008	0.05463813	-0.1370334	-0.03783478	0.31416678	-0.32604396	-0.44153818	-0.28371537	0.4590859	-0.32981017	0.07371122	0.42257187	-0.21110536	-0.056045275	0.0065274625	0.2311491	-0.057674535	-0.040592887	0.7311616	-0.49683732	0.2172806
0.12035299	0.14986724	-0.4602298	-0.18840955	-0.72120756	0.22280838	0.14408849	0.15424088	-0.14408499	-0.19745128	0.03834873	-0.1138759	-0.02382719	0.30388424	-0.3239312	-0.465491	-0.25808346	0.4707003	-0.32958484	0.055724774	0.4638983	-0.20247594	-0.07162553	0.00535184	0.20408991	-0.036935985	-0.052579533	0.6948334	-0.5006504	0.20686536
0.10052909	0.15099013	-0.45570582	-0.16808924	-0.7260727	0.23356965	0.15328617	0.17110147	-0.1378919	-0.18993089	0.05189993	-0.13856001	-0.04252914	0.30409738	-0.3178648	-0.46119034	-0.28673506	0.46812668	-0.30844033	0.04911751	0.47407728	-0.20260383	-0.08171734	0.008827306	0.2036533	-0.03957284	-0.056221347	0.72293425	-0.48718908	0.20249316
0.11440133	0.13287666	-0.47062895	-0.19671589	-0.7268846	0.23516771	0.1320728	0.14994964	-0.13841857	-0.19427767	0.04905201	-0.12537982	-0.045128938	0.2972697	-0.3122724	-0.44098085	-0.26278508	0.48103938	-0.30949742	0.0658185	0.46552455	-0.19037427	-0.059768643	-0.012095428	0.21359761	-0.05787586	-0.04925045	0.7062545	-0.49910355	0.22019708
0.11441575	0.15824886	-0.45221087	-0.19045852	-0.729091	0.20060016	0.14306447	0.18454728	-0.1680552	-0.20430179	0.042830326	-0.10437429	-0.03166469	0.31119055	-0.31321713	-0.44709066	-0.2559984	0.454655	-0.3248043	0.050832953	0.41907313	-0.19593123	-0.070306785	-0.006443055	0.21870059	-0.039012462	-0.044677235	0.71255976	-0.5041117	0.20710696
0.11360652	0.16313334	-0.46618125	-0.1962013	-0.7202129	0.23355962	0.12886539	0.17930451	-0.16798413	-0.19948326	0.05831392	-0.12922901	-0.01988114	0.33788854	-0.33180574	-0.457557	-0.280612	0.46709803	-0.33851156	0.07190515	0.4481142	-0.22223754	-0.054382525	0.008868315	0.21852104	-0.058853902	-0.05038081	0.7488601	-0.49697846	0.20773862
0.12580617	0.14230679	-0.4679236	-0.17461632	-0.731597	0.2293349	0.1263159	0.14396133	-0.1376059	-0.19234222	0.05401698	-0.12008928	-0.04561653	0.30975682	-0.34320024	-0.4460674	-0.27836788	0.46060205	-0.32008022	0.049304675	0.44981366	-0.19751625	-0.08737549	-0.0028623568	0.21984425	-0.057983514	-0.0551926	0.69896245	-0.49239495	0.20806909
0.11694241	0.15511306	-0.47367573	-0.17915793	-0.70383066	0.23036075	0.12045117	0.1875475	-0.14301987	-0.17731914	0.06609974	-0.12831736	-0.022321139	0.30177924	-0.33187425	-0.46388602	-0.2806213	0.46809122	-0.30251268	0.03422471	0.43798682	-0.21151695	-0.055951122	-0.018656367	0.19456251	-0.050060745	-0.022986656	0.73833483	-0.48170358	0.20085895
0.122142546	0.13929334	-0.46647906	-0.18444759	-0.7176185	0.22033267	0.13595048	0.15987468	-0.14159696	-0.19916606	0.05708575	-0.1212491	-0.05256073	0.32656989	-0.32611707	-0.46091267	-0.285766	0.47446486	-0.3074187	0.06829219	0.42957395	-0.18732071	-0.07985398	-0.02000954	0.20200868	-0.048036054	-0.04816562	0.72735816	-0.50217146	0.19661841
0.12710448	0.16323277	-0.47504312	-0.1884281	-0.7269582	0.22876932	0.14119025	0.17154302	-0.13348165	-0.2071584	0.06359202	-0.12789744	-0.023289017	0.31812963	-0.32481256	-0.45802423	-0.28863767	0.47860548	-0.3233114	0.04601934	0.4671006	-0.21403487	-0.08764511	-0.014443358	0.21472964	-0.030182403	-0.052221697	0.72793424	-0.5128827	0.22331205
0.12542543	0.1524072	-0.4546955	-0.17629974	-0.71060526	0.22189078	0.13818932	0.17847797	-0.14312555	-0.20986219	0.042529818	-0.12338599	-0.038502898	0.31970373	-0.3233684	-0.43722966	-0.28630158	0.46901724	-0.3388654	0.060983956	0.46531075	-0.211886	-0.088296786	-0.01872909	0.1914455	-0.032397304	-0.035138756	0.7176389	-0.48843798	0.20018768
0.114322565	0.14947666	-0.47625384	-0.17899661	-0.73547506	0.21065909	0.15229072	0.15311685	-0.14950694	-0.19984277	0.04313026	-0.10460953	-0.03577953	0.32407075	-0.32536152	-0.467614	-0.278132	0.4909077	-0.32451534	0.044116534	0.46274215	-0.21145089	-0.061134588	-0.0057691643	0.1983453	-0.04312847	-0.04331824	0.71218264	-0.50438607	0.21716101
0.11622183	0.16565183	-0.48757005	-0.1957318	-0.728947	0.22928074	0.12881884	0.16640498	-0.15491498	-0.21089233	0.05680084	-0.12438469	-0.03972679	0.32994202	-0.3324999	-0.43445265	-0.28777334	0.46537957	-0.3428145	0.069019146	0.46110845	-0.21351075	-0.09231624	-0.0029946351	0.19507882	-0.047202136	-0.054576993	0.719423	-0.49373168	0.21855457
0.10215682	0.16501744	-0.46330473	-0.19477037	-0.73411244	0.23034501	0.13611451	0.16367704	-0.14259882	-0.19158709	0.051576708	-0.123345464	-0.03057727	0.30787426	-0.34437236	-0.44062132	-0.28370926	0.47442585	-0.3185601	0.049268287	0.45844787	-0.18817574	-0.07168425	-0.022247158	0.20619716	-0.06248785	-0.04908756	0.71795905	-0.5105386	0.19747397
0.09705495	0.15293837	-0.45854434	-0.1995273	-0.7215747	0.22512983	0.12806424	0.15456264	-0.15763351	-0.20236807	0.032402832	-0.12416174	-0.034119174	0.33003172	-0.33313906	-0.45838165	-0.27023274	0.47704554	-0.32617316	0.070246525	0.44428903	-0.20417754	-0.076118	-0.00017945208	0.21522254	-0.03705358	-0.030240411	0.7183546	-0.5040599	0.18805152
0.09556781	0.130832	-0.47647503	-0.19685358	-0.7319773	0.21101323	0.14794914	0.1571933	-0.15143363	-0.18904611	0.059259187	-0.12826718	-0.031310454	0.299953	-0.3212429	-0.4382696	-0.28647515	0.47750247	-0.3360336	0.041606404	0.43541113	-0.21945907	-0.06556444	-0.021701291	0.192146	-0.057765786	-0.040307835	0.69686997	-0.51281905	0.22518253
0.11220262	0.13225272	-0.45248228	-0.1650828	-0.7252651	0.22513142	0.15071692	0.14951824	-0.16282536	-0.1752188	0.03524828	-0.12455671	-0.023138708	0.31977138	-0.33875924	-0.46022794	-0.2755996	0.48299402	-0.32901627	0.04807237	0.43477234	-0.18296675	-0.06429145	0.013412305	0.20876329	-0.03622866	-0.047723092	0.72264385	-0.4852595	0.21280603
0.11177125	0.14626725	-0.4863729	-0.18832031	-0.7347168	0.21981029	0.114323065	0.17929591	-0.13716158	-0.20515949	0.06258356	-0.1128575	-0.008951726	0.31547156	-0.30769545	-0.43383121	-0.264108	0.4750968	-0.3373237	0.056550227	0.45657352	-0.19077219	-0.06490217	0.009279577	0.22306702	-0.04581319	-0.03686733	0.7319803	-0.51608944	0.20897354
0.121449165	0.1679234	-0.4630337	-0.18792269	-0.7265	0.20640485	0.11830708	0.17374079	-0.15632999	-0.18881202	0.035296023	-0.13270879	-0.03120043	0.30536097	-0.3225138	-0.4340467	-0.2518355	0.46300828	-0.31589758	0.061601914	0.43555322	-0.18699884	-0.07290809	-0.012707714	0.22640073	-0.03408743	-0.034749076	0.6957636	-0.5023738	0.19874474
0.115777984	0.13914222	-0.47194114	-0.19762564	-0.72571236	0.22583094	0.1314942	0.16101678	-0.15660572	-0.18910944	0.04637776	-0.098056294	-0.04719798	0.2930795	-0.3080183	-0.45659038	-0.25668252	0.44538587	-0.3289915	0.055937834	0.4328087	-0.19160913	-0.05865197	-0.0048888023	0.22075498	-0.025841894	-0.046308815	0.7162425	-0.47355428	0.20991251
0.09036431	0.16346951	-0.4625642	-0.17694232	-0.72409666	0.21180366	0.12775563	0.1671988	-0.15832694	-0.18082754	0.04366202	-0.10548199	-0.034144685	0.33049074	-0.34165153	-0.43437335	-0.28371328	0.48645452	-0.3384802	0.05772112	0.45745134	-0.20803018	-0.059727814	-0.0062180907	0.20956297	-0.042874362	-0.028427556	0.7322699	-0.5044681	0.20393948
0.10891343	0.16738228	-0.47452864	-0.19974534	-0.7248337	0.21467008	0.13546158	0.1826168	-0.14508457	-0.18915185	0.029323308	-0.10571735	-0.031090103	0.33543956	-0.34437758	-0.44688866	-0.28007638	0.4895016	-0.32597506	0.067016125	0.44412866	-0.19633701	-0.07266025	-0.006935498	0.21524045	-0.06404826	-0.04168238	0.7296881	-0.50875014	0.1989853
0.11402746	0.15701014	-0.4467408	-0.19508323	-0.7040932	0.20948929	0.14824365	0.17420077	-0.15296343	-0.19785754	0.04782004	-0.12557578	-0.03319712	0.3232401	-0.32938883	-0.43610883	-0.27019978	0.47042218	-0.30978903	0.059829414	0.44980466	-0.18756354	-0.07742107	-0.0030492127	0.21402201	-0.05018155	-0.026196294	0.7120819	-0.48437726	0.21458492
0.10483679	0.15787765	-0.4799682	-0.17390087	-0.70767605	0.23167175	0.12497243	0.17798258	-0.16235808	-0.2020666	0.050567757	-0.13240379	-0.03341251	0.30507934	-0.3362032	-0.4345601	-0.28291455	0.46318766	-0.33850887	0.052758895	0.45036274	-0.21374875	-0.06642444	0.008295704	0.19016743	-0.045340784	-0.026034113	0.72631884	-0.5108238	0.21296676
0.124877125	0.1615789	-0.45624444	-0.20010325	-0.7328606	0.22736011	0.12196914	0.15934183	-0.13398363	-0.18183675	0.045654327	-0.12254636	-0.038290754	0.3258744	-0.3134068	-0.43578154	-0.27196676	0.47142753	-0.3291657	0.07041012	0.46096662	-0.21889019	-0.083687864	-0.019429913	0.21898486	-0.048513558	-0.048978478	0.7241234	-0.51361054	0.21126068
0.0986489	0.1659795	-0.43783498	-0.17450581	-0.7151924	0.21870905	0.12295025	0.17062327	-0.15996954	-0.17550997	0.06238868	-0.10765558	-0.058456663	0.30083147	-0.32828215	-0.44140974	-0.28228444	0.46360144	-0.3029291	0.04606257	0.44582918	-0.20230322	-0.09021339	-0.0106051555	0.22964288	-0.048605498	-0.026621886	0.70731	-0.5015395	0.20615576
0.08537061	0.13575162	-0.47370276	-0.17958552	-0.72048527	0.21998109	0.116909415	0.16629392	-0.14806178	-0.19040456	0.051289726	-0.10249352	-0.04363585	0.29524836	-0.32041323	-0.45201078	-0.26579309	0.47153223	-0.31882182	0.055239383	0.42815793	-0.20267898	-0.07939659	-0.0013783957	0.21209845	-0.031993534	-0.02848466	0.715531	-0.49140894	0.19887407
0.09890324	0.15593274	-0.47555006	-0.16552483	-0.71812093	0.24079983	0.13823934	0.16988115	-0.13969265	-0.20299488	0.054486036	-0.10366467	-0.05308869	0.32885173	-0.33210585	-0.44826147	-0.28247997	0.47752762	-0.3113741	0.04064875	0.44692287	-0.22511904	-0.060492348	-0.017474495	0.21350926	-0.031518813	-0.044800743	0.6979165	-0.48778212	0.2108466
0.093485214	0.15537998	-0.4574215	-0.20006928	-0.7402248	0.22118667	0.12736043	0.17690302	-0.16227433	-0.19908127	0.065304145	-0.11386381	-0.02814648	0.3312496	-0.34180725	-0.45204252	-0.27890405	0.48211378	-0.32430896	0.04197037	0.46832696	-0.22219588	-0.085570075	0.0019835467	0.21560796	-0.03340408	-0.039633304	0.7347502	-0.5185988	0.21965311
0.10891343	0.13567553	-0.46997494	-0.1797195	-0.7299963	0.21422602	0.13737866	0.15872721	-0.16382834	-0.1733137	0.036230933	-0.10024246	-0.042255364	0.29502288	-0.31700084	-0.4394473	-0.26372463	0.4713748	-0.33568674	0.068476	0.4577411	-0.20736119	-0.059645634	-0.01752905	0.22072396	-0.050380588	-0.047439348	0.72648895	-0.5122366	0.19086055
0.087991945	0.16003	-0.4607527	-0.19057654	-0.7009541	0.21249755	0.14367665	0.17020573	-0.15297592	-0.20237394	0.029754626	-0.11414008	-0.026334275	0.29855204	-0.3180667	-0.42929813	-0.26774463	0.45456102	-0.329625	0.0678388	0.45627576	-0.20715125	-0.05747178	0.0040789484	0.19435692	-0.041166384	-0.056778032	0.71920747	-0.47559598	0.19240133
0.11897023	0.13821259	-0.46076348	-0.19381046	-0.7285311	0.2324216	0.12044085	0.16578719	-0.15723751	-0.1898876	0.052727763	-0.123723574	-0.015185436	0.29959992	-0.3240715	-0.45794466	-0.2756437	0.45173335	-0.3045838	0.041433673	0.4500901	-0.20341398	-0.063958935	0.0074083675	0.20912163	-0.028488265	-0.025881022	0.72198236	-0.5029209	0.20354548
0.11915903	0.13549832	-0.47255886	-0.19798352	-0.7047799	0.23320915	0.1309288	0.17186773	-0.14253949	-0.18306783	0.031130785	-0.115568176	-0.019525394	0.30456468	-0.32720423	-0.4361222	-0.26032498	0.47357878	-0.32363036	0.06100937	0.43234032	-0.215762	-0.085740395	-0.010562063	0.21708293	-0.056562066	-0.056545228	0.7113682	-0.49306554	0.2027556
0.12352363	0.1580872	-0.47265992	-0.1866119	-0.73491174	0.2302523	0.13895144	0.18065576	-0.14446916	-0.20120858	0.02975636	-0.13447377	-0.024062647	0.3300961	-0.32514933	-0.45333293	-0.28720245	0.47910857	-0.310392	0.05826785	0.43475035	-0.20028445	-0.07411333	-0.006886499	0.19446963	-0.046660736	-0.033324458	0.7309818	-0.4859605	0.19190897
0.10499326	0.17112148	-0.48506162	-0.18266977	-0.74462366	0.24127458	0.13942139	0.16766824	-0.15209797	-0.17598616	0.04797844	-0.13317086	-0.034118406	0.32295498	-0.34193748	-0.4447358	-0.25614917	0.48358053	-0.32677054	0.07417669	0.4353302	-0.20186488	-0.08783124	-0.018713403	0.20819826	-0.0510396	-0.057167947	0.70117205	-0.5133518	0.2054736
0.10899476	0.16082807	-0.48163077	-0.19687179	-0.732536	0.236473	0.1354564	0.17625926	-0.14521588	-0.20162262	0.06295352	-0.101197235	-0.048707906	0.31572747	-0.34188098	-0.44664752	-0.25742188	0.46294478	-0.3381453	0.05325083	0.44064003	-0.1910924	-0.057596028	0.010480463	0.19348605	-0.030654779	-0.047739044	0.72521454	-0.50450563	0.19792143
0.10034323	0.1381555	-0.45448577	-0.19500025	-0.6938602	0.20281218	0.15006012	0.14221683	-0.15794732	-0.1821865	0.046147663	-0.10846766	-0.043313764	0.29901186	-0.32877272	-0.44985127	-0.2588043	0.4771133	-0.31927913	0.072096705	0.4549999	-0.19885501	-0.052976098	-0.01693986	0.20667444	-0.044450585	-0.048678283	0.7052505	-0.48233804	0.18939665
0.120841555	0.14424545	-0.48051983	-0.19505829	-0.7132346	0.22287518	0.14386077	0.1526828	-0.13252722	-0.206465	0.048763726	-0.12024064	-0.023349784	0.31898943	-0.3185278	-0.454634	-0.28433764	0.47977397	-0.32422382	0.06034054	0.43573013	-0.20227993	-0.057967916	0.011233168	0.20485437	-0.04236371	-0.047994513	0.7005021	-0.50685847	0.21012957
0.0947013	0.14538577	-0.44916686	-0.19889121	-0.7325818	0.23640919	0.14436968	0.17097917	-0.15094383	-0.20490833	0.048550487	-0.12509105	-0.04166569	0.32327208	-0.32013786	-0.4577854	-0.28438398	0.4667386	-0.32755056	0.060239438	0.4445257	-0.20003422	-0.05911252	0.0029476157	0.21252155	-0.037788097	-0.034635305	0.71226186	-0.51258516	0.18604276
0.10797797	0.15279771	-0.44705617	-0.17726101	-0.70004725	0.22157161	0.14260545	0.13735893	-0.16551642	-0.2031846	0.03450373	-0.103919566	-0.03409294	0.30292588	-0.33573163	-0.45175835	-0.280358	0.45659518	-0.2986915	0.054076914	0.45740142	-0.21599536	-0.080346085	-0.006228727	0.18812396	-0.047172304	-0.05590126	0.7161656	-0.5014061	0.20388857
0.1078853	0.14562696	-0.47405612	-0.18906975	-0.72371006	0.21317695	0.11908408	0.16172525	-0.15324867	-0.18886179	0.06128027	-0.10178548	-0.016690947	0.32098624	-0.3133505	-0.452313	-0.2517973	0.46084437	-0.31243804	0.0605091	0.42626694	-0.19148217	-0.087848075	-0.019938452	0.19462295	-0.047627218	-0.04927777	0.694494	-0.4983153	0.19296864
0.11069511	0.15559204	-0.46703124	-0.18212804	-0.7148983	0.21808374	0.12561868	0.15407711	-0.16713883	-0.20868875	0.04439694	-0.12673047	-0.035567667	0.33526886	-0.3314836	-0.4516892	-0.27780712	0.47097927	-0.32461736	0.042262517	0.47088474	-0.2015409	-0.0910585	-0.0023487771	0.20364319	-0.055931482	-0.048314977	0.7065735	-0.49510565	0.187338
0.11555364	0.13258326	-0.48761207	-0.19159739	-0.7055074	0.22761431	0.121082775	0.16448681	-0.14050464	-0.19014612	0.044714805	-0.09828859	-0.019322833	0.3310985	-0.33763096	-0.45788503	-0.2877975	0.46545473	-0.30831522	0.059080377	0.4314057	-0.1919552	-0.065239705	0.004596099	0.21192089	-0.026202912	-0.042674493	0.72307414	-0.4880701	0.21461217
0.087348476	0.13408999	-0.46162888	-0.1793632	-0.73116577	0.23335378	0.12342415	0.15056732	-0.14864448	-0.17344326	0.03757064	-0.101652026	-0.023316799	0.29308462	-0.3131669	-0.4578669	-0.25213555	0.4516537	-0.3303615	0.04429538	0.4578952	-0.2117915	-0.069558665	0.00608908	0.20686834	-0.04599694	-0.03721647	0.7020372	-0.4751809	0.19704941
0.09820088	0.15388124	-0.48248982	-0.2013784	-0.7516058	0.2373113	0.12308139	0.14707623	-0.14619464	-0.1990041	0.04572735	-0.11279832	-0.042477287	0.31197643	-0.32075953	-0.46729586	-0.28781018	0.48048228	-0.34492454	0.04276923	0.4469619	-0.20814764	-0.071025856	0.00083921367	0.21867898	-0.05783427	-0.05095684	0.7359846	-0.49382323	0.19264875
0.10235638	0.14815438	-0.45521444	-0.18340026	-0.7133939	0.21944901	0.12453714	0.17290112	-0.13261527	-0.1822305	0.05239603	-0.13260128	-0.023986354	0.2953711	-0.3333968	-0.45334995	-0.2582302	0.47927475	-0.33037472	0.038404666	0.45629257	-0.17966782	-0.07630725	-0.009510584	0.21223815	-0.060433436	-0.026408942	0.7083061	-0.47712696	0.21433996
0.111382134	0.13797571	-0.44619274	-0.16498853	-0.714296	0.2114292	0.12538819	0.15558775	-0.1295314	-0.17974538	0.045108393	-0.10905172	-0.04162559	0.29597896	-0.3245427	-0.42110264	-0.27393523	0.4750732	-0.331989	0.052908357	0.45281452	-0.18645565	-0.054522313	-0.008220461	0.20985751	-0.03196858	-0.055900972	0.70520353	-0.49955758	0.2032517
0.09627074	0.15167452	-0.46523625	-0.17727506	-0.72036934	0.23659992	0.11941657	0.15387079	-0.15925178	-0.17795478	0.053560216	-0.10268043	-0.056822482	0.29592243	-0.31369162	-0.46247134	-0.2714564	0.48654896	-0.3162174	0.06613007	0.4239201	-0.18383056	-0.070804864	-0.023699544	0.22003946	-0.058101118	-0.04262383	0.7134265	-0.5146074	0.20456333
0.11244765	0.13511124	-0.45983654	-0.17124858	-0.7139012	0.23632276	0.14776342	0.17758317	-0.14200345	-0.17755936	0.057869833	-0.12650442	-0.02033756	0.32421643	-0.31856716	-0.4678052	-0.28535882	0.48438397	-0.32743806	0.050204005	0.44413766	-0.19881466	-0.057226516	-0.02073092	0.21107125	-0.045922935	-0.029559148	0.7016135	-0.50723076	0.19594707
0.101601556	0.14134021	-0.48432145	-0.19225521	-0.71056443	0.22224316	0.15244286	0.15604945	-0.14227286	-0.17525807	0.05888615	-0.11009671	-0.016100388	0.30748412	-0.34437382	-0.44601953	-0.2580524	0.48285726	-0.31188706	0.056599643	0.43704516	-0.19119823	-0.083636545	-0.01554574	0.21455045	-0.041570824	-0.04742125	0.70131356	-0.49299762	0.21287367
0.097344406	0.14508858	-0.46784696	-0.17717487	-0.71647257	0.2233111	0.121385396	0.1594734	-0.14963374	-0.19643164	0.03814742	-0.10970558	-0.017834555	0.33174926	-0.32298052	-0.4574942	-0.27971298	0.4560956	-0.33652884	0.0673281	0.44411504	-0.21588045	-0.07743991	0.007452978	0.22039917	-0.059777793	-0.04557626	0.71012557	-0.48851696	0.20088957
0.096564375	0.16289884	-0.45471933	-0.1779165	-0.72375447	0.23534831	0.12825923	0.15353042	-0.14227903	-0.17895517	0.04147468	-0.111174926	-0.03290016	0.3290253	-0.32178286	-0.46816322	-0.28695163	0.4850669	-0.32161784	0.06563905	0.46275875	-0.20055589	-0.05419302	-0.009972667	0.20821257	-0.03686269	-0.04304016	0.7381406	-0.51801693	0.22053508
0.09946351	0.14561574	-0.46278048	-0.1867898	-0.7411701	0.22267118	0.14109573	0.16537729	-0.14568247	-0.20307149	0.049942672	-0.11184459	-0.018020479	0.32709295	-0.32556963	-0.44308794	-0.26851785	0.48321187	-0.32933882	0.050323498	0.45913765	-0.20216897	-0.068953164	-0.0071315644	0.20817746	-0.06599354	-0.037892617	0.73640305	-0.50467366	0.20064947
0.10627278	0.16503909	-0.49136037	-0.20315847	-0.74050736	0.21733017	0.15508388	0.15750366	-0.1391192	-0.21201034	0.032911565	-0.12149029	-0.027637789	0.32590044	-0.3313612	-0.44401297	-0.29948252	0.48339203	-0.3443869	0.06529044	0.45368943	-0.20784861	-0.09403088	-0.021120505	0.19676898	-0.034712672	-0.030643648	0.7384282	-0.4914854	0.1979569
0.10554018	0.15936144	-0.4620126	-0.17208977	-0.6925105	0.22687475	0.123006545	0.17075151	-0.14250523	-0.17953442	0.034765035	-0.120951094	-0.02190646	0.2950013	-0.3288119	-0.45207605	-0.27243996	0.45384163	-0.305063	0.049608678	0.4508486	-0.19320743	-0.0654917	0.009034122	0.19594525	-0.04828683	-0.05166004	0.70420843	-0.48556682	0.207589
0.09886726	0.15876678	-0.47138453	-0.17478941	-0.71742445	0.20726226	0.120233685	0.15425391	-0.16221155	-0.18159154	0.034410156	-0.10510161	-0.043100744	0.30949953	-0.32376724	-0.4595005	-0.26775488	0.4585407	-0.3395186	0.054671302	0.4609459	-0.22104007	-0.07588293	-0.0127316965	0.22176768	-0.03349053	-0.052442968	0.7006323	-0.5075393	0.20499747
0.094550215	0.14601204	-0.48224422	-0.18621829	-0.69978184	0.23465669	0.13082069	0.16095687	-0.16098204	-0.20265678	0.06372765	-0.118938476	-0.03615233	0.3250865	-0.31993413	-0.4340119	-0.27181253	0.46382806	-0.33604988	0.06298979	0.4504199	-0.184417	-0.06423906	-0.011660906	0.21798131	-0.059290137	-0.026926273	0.7270035	-0.5054331	0.20108354
0.117721766	0.15433088	-0.47871637	-0.17919499	-0.7301905	0.23005292	0.13543877	0.1433103	-0.13424858	-0.20690356	0.04159059	-0.10466541	-0.048659895	0.29665047	-0.31765103	-0.43405366	-0.27064925	0.4845001	-0.30782634	0.0641849	0.46569145	-0.21168149	-0.07470201	-0.010471461	0.21358186	-0.028263154	-0.051427566	0.71621513	-0.5025901	0.20648782
0.11119846	0.15936548	-0.47090116	-0.17984825	-0.7143959	0.22336602	0.13260455	0.15708794	-0.14339331	-0.17251272	0.04563318	-0.11481377	-0.04985582	0.29713014	-0.31352025	-0.42739606	-0.27697986	0.47516024	-0.32697967	0.04142569	0.45677033	-0.20031609	-0.062330984	0.010703497	0.19366916	-0.04947222	-0.022131406	0.69429886	-0.47493708	0.18675789
0.10387952	0.16430883	-0.45679724	-0.17186345	-0.700956	0.20716533	0.14426073	0.16819486	-0.15104806	-0.18603939	0.03316982	-0.11073959	-0.029165814	0.29633838	-0.32987764	-0.43654856	-0.2745689	0.45597136	-0.3072102	0.056713637	0.44800138	-0.18808009	-0.07010308	0.008296856	0.20930688	-0.037662443	-0.041609626	0.7226138	-0.4799613	0.19428678
0.10632356	0.16460508	-0.4842201	-0.17455906	-0.7594833	0.21064882	0.15600006	0.18064804	-0.15319034	-0.18610623	0.046621073	-0.11771554	-0.040547	0.34210142	-0.3372869	-0.46876588	-0.29474053	0.4726581	-0.33639833	0.041242346	0.45219392	-0.20907909	-0.07353893	-0.02006982	0.20261222	-0.04049109	-0.035967596	0.7240147	-0.51097035	0.21101727
0.09844545	0.15342961	-0.45255136	-0.1718025	-0.70797354	0.20619802	0.14912353	0.14547566	-0.14782873	-0.1751188	0.05343496	-0.09916002	-0.026033383	0.29892302	-0.32684663	-0.44634908	-0.27966958	0.44171095	-0.32207948	0.059339978	0.42536494	-0.18218575	-0.08553458	-0.0007050007	0.19455141	-0.04594426	-0.036060657	0.7053826	-0.48355404	0.20996305
0.111005135	0.15681808	-0.4687607	-0.17539978	-0.7462997	0.22146955	0.134288	0.16412957	-0.14936446	-0.19673397	0.05033302	-0.123847306	-0.043844394	0.32351658	-0.3298363	-0.44712287	-0.26651874	0.48318884	-0.31452036	0.06826454	0.4686189	-0.18862027	-0.08913074	-0.021479437	0.19665717	-0.05919225	-0.036160965	0.71731496	-0.4986904	0.19732256
0.12906218	0.13911216	-0.4733092	-0.20181853	-0.74055743	0.22682136	0.14285526	0.17117439	-0.14127788	-0.19781755	0.03995943	-0.10404897	-0.029199619	0.3395579	-0.3284655	-0.4614094	-0.27861825	0.48400503	-0.3491578	0.054329053	0.47014743	-0.20277485	-0.08991123	-0.00073982205	0.1977045	-0.062140323	-0.03329029	0.7277942	-0.52266204	0.195871
0.12145118	0.15715039	-0.46553534	-0.19932821	-0.70516133	0.2337659	0.11862838	0.17540947	-0.15378694	-0.18237957	0.034691386	-0.1185889	-0.017385662	0.32152614	-0.3331105	-0.45566648	-0.26260367	0.4707674	-0.3195183	0.048060883	0.4530864	-0.19924243	-0.0755748	-0.008997313	0.19377665	-0.065111816	-0.05304615	0.6996324	-0.49474382	0.20099787
0.120892055	0.15617238	-0.4946516	-0.18042786	-0.7176537	0.23183468	0.13416024	0.14550324	-0.13460808	-0.18722084	0.03048304	-0.12972556	-0.025768822	0.30115	-0.32171613	-0.4619101	-0.26411936	0.49204606	-0.31406614	0.058068644	0.45674998	-0.2157393	-0.05828727	0.0038208158	0.19487473	-0.058847506	-0.038863026	0.73855036	-0.504448	0.21638167
0.11573001	0.16616653	-0.4839611	-0.19023186	-0.73439866	0.20615163	0.1243936	0.1491401	-0.15371591	-0.204162	0.055689447	-0.10045794	-0.032929357	0.31895718	-0.31427035	-0.4470422	-0.25907648	0.4922095	-0.34202018	0.06731875	0.46139023	-0.22298187	-0.07551957	0.0032580893	0.19806288	-0.045752008	-0.04948562	0.7148904	-0.49543965	0.21485493
0.110162854	0.14291614	-0.45307872	-0.17864677	-0.7170438	0.23151746	0.14467032	0.16281798	-0.15079035	-0.19012745	0.040106386	-0.11849808	-0.044822827	0.29898	-0.3333879	-0.4453381	-0.25781384	0.47284058	-0.33503827	0.04946062	0.45606762	-0.1868594	-0.082553335	-0.014407619	0.220828	-0.040222663	-0.03664005	0.7061617	-0.48884568	0.20677012
0.09132528	0.14045447	-0.46262702	-0.17233433	-0.70583606	0.20113446	0.14132433	0.15493107	-0.12756464	-0.18890773	0.035774697	-0.13086551	-0.043758444	0.31630954	-0.30808288	-0.43691513	-0.26033327	0.46641478	-0.3263751	0.07023252	0.41556975	-0.19512624	-0.05710838	-0.010971971	0.20884992	-0.031532742	-0.030142147	0.7073076	-0.46591252	0.21047488
0.11353951	0.1588456	-0.44503883	-0.17779347	-0.68438804	0.20333031	0.13216221	0.16641279	-0.14681964	-0.19942258	0.034229767	-0.12027336	-0.049947344	0.29612523	-0.30899248	-0.42217427	-0.26954037	0.43863875	-0.3004396	0.042997263	0.41901737	-0.17172462	-0.061244316	-0.013647582	0.19877277	-0.05600155	-0.026960643	0.6844839	-0.4827787	0.1836678
0.103257336	0.15831456	-0.4755157	-0.19537294	-0.6918071	0.22789508	0.13910484	0.15239564	-0.15878971	-0.17106387	0.03778299	-0.12868193	-0.025360199	0.30722597	-0.3079823	-0.44598734	-0.27331728	0.46432418	-0.33263555	0.062373325	0.44508117	-0.18933702	-0.054463137	-0.016355786	0.20214075	-0.0298141	-0.029239474	0.7078385	-0.4993084	0.20070206
0.10547437	0.13367975	-0.46026805	-0.18957289	-0.7096357	0.21620503	0.14306033	0.1555868	-0.15851505	-0.18340403	0.032671824	-0.11661982	-0.042730164	0.32077658	-0.3257432	-0.44155952	-0.24925034	0.46418917	-0.31125176	0.04657021	0.4474698	-0.18500394	-0.07971556	-0.018341506	0.21053813	-0.045812193	-0.045727376	0.71313345	-0.48682898	0.20229171
0.10289568	0.15599482	-0.4787433	-0.19171265	-0.7234371	0.24413599	0.15007105	0.16021273	-0.14077675	-0.18515758	0.051510077	-0.12979665	-0.030733813	0.3384218	-0.32060212	-0.4387229	-0.27425465	0.49263802	-0.3235858	0.053832255	0.45721707	-0.20812757	-0.08251224	-0.010719089	0.20154373	-0.06268452	-0.03834134	0.722514	-0.48951426	0.20243864
0.09405535	0.13766	-0.46327418	-0.18123652	-0.73137236	0.22669972	0.13978358	0.16824728	-0.14593144	-0.1808152	0.04674312	-0.12235152	-0.030515997	0.314861	-0.33300892	-0.46386713	-0.28251293	0.4881086	-0.3195903	0.060538102	0.4461511	-0.21899061	-0.06997581	-0.022762993	0.21439561	-0.029690158	-0.048059616	0.7014532	-0.48070008	0.21254368
0.11906021	0.1337543	-0.49248686	-0.20041388	-0.732729	0.23417428	0.13823439	0.1711951	-0.16713536	-0.20727335	0.06059461	-0.123581596	-0.024215959	0.30955604	-0.34174347	-0.43880787	-0.29057765	0.4732418	-0.3233913	0.073218815	0.44797567	-0.19576249	-0.06853847	-0.0038858466	0.21250986	-0.056024905	-0.04893481	0.73942596	-0.5171614	0.2180121
0.09414352	0.16108836	-0.47499004	-0.18609138	-0.70472145	0.22429568	0.12579936	0.1580098	-0.16233678	-0.20875256	0.061987966	-0.105746076	-0.047105502	0.308822	-0.34198496	-0.43892378	-0.28711882	0.46486878	-0.31572255	0.06650302	0.45612782	-0.18629667	-0.071278594	-0.019988956	0.217378	-0.05113731	-0.0384051	0.7283208	-0.5129849	0.19122288
0.09471108	0.14953713	-0.4649567	-0.19712989	-0.69314474	0.20169826	0.13188283	0.15511796	-0.13270344	-0.17800954	0.033348124	-0.118317015	-0.031642336	0.2968572	-0.30026844	-0.44047642	-0.25065458	0.46471092	-0.31971973	0.051247608	0.44249848	-0.20413314	-0.05355129	-0.0208298	0.20051777	-0.055595886	-0.045711108	0.70716554	-0.47680578	0.19974892
0.10901751	0.13546717	-0.46114033	-0.18452552	-0.7034988	0.23280953	0.12223255	0.17581819	-0.13572313	-0.19191676	0.052891385	-0.10673636	-0.030020948	0.32291862	-0.31303746	-0.45486334	-0.27262238	0.47507647	-0.31924114	0.060996484	0.45340273	-0.21270387	-0.06566596	0.015911898	0.20759282	-0.04971209	-0.027651535	0.7061666	-0.51345325	0.21287815
0.12069625	0.14069243	-0.4837037	-0.19961753	-0.7116532	0.225208	0.14551392	0.17032291	-0.15474588	-0.1914409	0.04520235	-0.11575903	-0.018531203	0.30998486	-0.33179685	-0.44090593	-0.28545448	0.47297153	-0.33559003	0.060469713	0.4654891	-0.21939003	-0.07512984	-0.005472149	0.21447499	-0.037031922	-0.04061407	0.70945024	-0.5044818	0.20752494
0.09127372	0.14871018	-0.4616238	-0.19986242	-0.73563194	0.22120191	0.12263627	0.1714673	-0.13297428	-0.18377279	0.051765174	-0.112564355	-0.040913064	0.3203888	-0.34462616	-0.46026316	-0.27095553	0.4638893	-0.33228463	0.042862374	0.45382288	-0.20750968	-0.06857411	0.010518354	0.2014575	-0.05986253	-0.04577366	0.69862425	-0.48081914	0.19848639
0.09575402	0.15515834	-0.46270412	-0.17524579	-0.7421819	0.22242402	0.12085631	0.17275715	-0.1586462	-0.19554992	0.06184325	-0.12606457	-0.017710634	0.33389142	-0.32506728	-0.43807948	-0.26070344	0.47744808	-0.3274064	0.05658157	0.46125555	-0.19835597	-0.071011215	-0.006714136	0.21151374	-0.04969884	-0.023954328	0.7179186	-0.5125932	0.20471512
0.11221938	0.13216816	-0.45179424	-0.20175138	-0.7199978	0.23156515	0.12248913	0.16929543	-0.15003653	-0.20434664	0.054313686	-0.12474132	-0.016083807	0.32499823	-0.3154778	-0.4387139	-0.2621645	0.46772006	-0.30851293	0.06553186	0.46423182	-0.21150564	-0.07734164	-0.0029450546	0.19352286	-0.036846224	-0.033698097	0.714262	-0.49913758	0.20490232
0.09983935	0.16267572	-0.4781536	-0.19374824	-0.72367376	0.22422962	0.1508604	0.16083466	-0.15690051	-0.18014035	0.040751282	-0.11015558	-0.04723577	0.3047866	-0.33438838	-0.44275892	-0.27738428	0.46759143	-0.33008116	0.05429053	0.44875622	-0.19103235	-0.07314233	0.0086646145	0.22508496	-0.056190208	-0.040969897	0.7106244	-0.48586488	0.18675986
0.12157991	0.14475021	-0.47282353	-0.20192325	-0.73110664	0.22224256	0.13953915	0.17332111	-0.1508603	-0.19208105	0.06748747	-0.11582049	-0.04951706	0.3321554	-0.33614406	-0.45960656	-0.28050822	0.49173924	-0.3180649	0.044060268	0.46492267	-0.20685178	-0.05755364	-0.005123544	0.20994528	-0.04675471	-0.04245386	0.7380189	-0.52345663	0.22252922
0.1073097	0.13506912	-0.48795485	-0.18454625	-0.709802	0.24058291	0.14462091	0.15193668	-0.15775897	-0.2037412	0.05021857	-0.13472205	-0.024084775	0.30036798	-0.34177783	-0.4620921	-0.29528886	0.4592666	-0.31477758	0.058625218	0.45959648	-0.19266394	-0.08439583	-0.021906998	0.2105687	-0.033466496	-0.051453423	0.73491263	-0.49915612	0.19222958
0.11629228	0.14254667	-0.46721426	-0.20356926	-0.7287678	0.20921285	0.12208569	0.16404954	-0.16778441	-0.21508881	0.039907474	-0.121451996	-0.02028515	0.3220251	-0.34234512	-0.45200518	-0.2810532	0.48338726	-0.33285052	0.07198728	0.47677585	-0.20693879	-0.08367911	-0.013660554	0.19915627	-0.03459706	-0.030873794	0.7420469	-0.5263366	0.19733724
0.114746146	0.13322163	-0.4690534	-0.18562125	-0.701186	0.20631176	0.14146489	0.16894953	-0.15570599	-0.2057322	0.060751922	-0.10525325	-0.015572365	0.32759908	-0.33984157	-0.42846656	-0.28678426	0.47288364	-0.32342672	0.065961204	0.42878634	-0.20492506	-0.08681424	-0.0071697603	0.20349595	-0.050344065	-0.02928035	0.698106	-0.5034287	0.2123058
0.11610112	0.15404001	-0.45679003	-0.16905132	-0.7397002	0.20584424	0.12176533	0.17322217	-0.14644976	-0.20422816	0.0352557	-0.12181188	-0.022150973	0.31777066	-0.31327456	-0.46215287	-0.26842576	0.4624336	-0.32873696	0.07224826	0.43002582	-0.2170403	-0.06377219	0.0077185044	0.20419042	-0.036672223	-0.035584338	0.740394	-0.51591486	0.18997794
0.11291847	0.1317031	-0.47052968	-0.18189652	-0.7201268	0.20906436	0.12579338	0.1499708	-0.1336221	-0.18539715	0.046193536	-0.10424644	-0.030890338	0.31435403	-0.34297508	-0.4395817	-0.2670949	0.46982327	-0.32352766	0.060756344	0.4474279	-0.20583808	-0.073643215	0.012038582	0.18859291	-0.052365836	-0.061133	0.7023865	-0.48563036	0.20587485
0.0955249	0.15066084	-0.4458839	-0.17602739	-0.7003987	0.21927334	0.14302878	0.16101225	-0.1508121	-0.19833809	0.046000876	-0.10150521	-0.042786468	0.31018665	-0.31861752	-0.4377936	-0.2648975	0.4621335	-0.32802284	0.06235431	0.4378056	-0.19241498	-0.07798529	0.010075079	0.21513389	-0.054863088	-0.045399368	0.7133551	-0.49320754	0.18611299
0.10904775	0.14276868	-0.46612084	-0.19023073	-0.7158266	0.2330678	0.15281393	0.1498983	-0.1345565	-0.20587298	0.036673777	-0.1296062	-0.026189828	0.3164434	-0.32993743	-0.4359619	-0.26338354	0.48882177	-0.3423173	0.06784782	0.45827016	-0.20611024	-0.08267505	0.0065904274	0.22365177	-0.053421594	-0.06258534	0.7000956	-0.49954402	0.20174733
0.09563066	0.14204675	-0.47531185	-0.18763433	-0.7314607	0.22255665	0.1271522	0.1522975	-0.16242012	-0.2042491	0.049613755	-0.12176488	-0.03385337	0.32635787	-0.34310272	-0.46593252	-0.26505223	0.47202635	-0.35231486	0.07011062	0.4569694	-0.19925435	-0.08427598	4.199714e-05	0.20706454	-0.038685225	-0.044150304	0.7453666	-0.52467304	0.20103373
0.08550678	0.14599334	-0.46253955	-0.18776402	-0.6956218	0.20367616	0.14422369	0.15121861	-0.12946695	-0.19001278	0.05363081	-0.09547378	-0.03169946	0.314984	-0.3143813	-0.4222728	-0.27688497	0.45525694	-0.29448926	0.055915046	0.43351424	-0.18493971	-0.08356779	-0.016885389	0.1825184	-0.033795785	-0.054457176	0.6734238	-0.47445047	0.19290984
0.12357286	0.14534777	-0.45746827	-0.18570425	-0.71800834	0.21692805	0.13776001	0.16880845	-0.16147208	-0.20984559	0.03485168	-0.13471839	-0.022750782	0.32805055	-0.31493917	-0.4462722	-0.27184215	0.4891559	-0.33830327	0.07518207	0.43988532	-0.1901746	-0.060401812	-0.010830585	0.21600237	-0.032995585	-0.028641593	0.7145517	-0.48783615	0.19154873
0.11949402	0.16738799	-0.45274666	-0.1925865	-0.7157009	0.23636873	0.12385556	0.1446152	-0.1498159	-0.18307178	0.05048206	-0.12750414	-0.01720156	0.30191344	-0.31603643	-0.46275032	-0.28271016	0.48573938	-0.3152306	0.07301192	0.4450595	-0.21053876	-0.060997486	-0.02057668	0.20940202	-0.034666907	-0.037482854	0.7267843	-0.4927288	0.21604882
0.119990475	0.16440582	-0.4576984	-0.17193349	-0.7308111	0.22442953	0.115755565	0.1815066	-0.14014223	-0.1847529	0.048010305	-0.09872945	-0.025255928	0.3269354	-0.3417832	-0.46225563	-0.25199652	0.46760705	-0.3184134	0.049011007	0.43094817	-0.19914742	-0.06805491	-0.018251874	0.21115169	-0.045618787	-0.02444174	0.71579504	-0.482795	0.2117382
0.094561204	0.14260483	-0.45483527	-0.19612685	-0.7197776	0.22427276	0.1355618	0.16889201	-0.15890978	-0.19172744	0.05467868	-0.10431585	-0.026606489	0.32098594	-0.33872283	-0.4518222	-0.2634328	0.46603134	-0.30670545	0.0633245	0.46150193	-0.20530342	-0.059652053	0.003106465	0.2005872	-0.030532418	-0.0336333	0.72455645	-0.5027738	0.191253
0.11525937	0.13685164	-0.46065393	-0.20093565	-0.72085536	0.23091637	0.14875658	0.17403002	-0.14129236	-0.20036447	0.0457732	-0.12156269	-0.033001687	0.30148688	-0.33089444	-0.45133823	-0.2711066	0.4720057	-0.32608762	0.043975364	0.44548735	-0.19785154	-0.08353051	0.0133406995	0.21373735	-0.047274254	-0.03518351	0.71935105	-0.4930297	0.21378991
0.11217038	0.14566272	-0.4698378	-0.18590727	-0.73546386	0.20463283	0.15311883	0.14686538	-0.15281872	-0.19765747	0.03036966	-0.1230317	-0.03270406	0.31548068	-0.3342212	-0.44138193	-0.28054717	0.45754325	-0.33275053	0.048294064	0.4651172	-0.18905278	-0.08201311	-0.00053127	0.19282494	-0.054945115	-0.04321092	0.7234825	-0.50019443	0.21464482
0.09763081	0.132086	-0.47860318	-0.16804568	-0.7329196	0.22059782	0.12208455	0.15902773	-0.14608407	-0.19901662	0.035012223	-0.10853804	-0.045162924	0.31718954	-0.34186253	-0.46127194	-0.2583688	0.4551921	-0.30348328	0.07216887	0.45515564	-0.19241446	-0.08028615	0.005843386	0.20468263	-0.0466321	-0.035632793	0.7285941	-0.49343	0.22054143
0.107648104	0.14160882	-0.46624887	-0.19310367	-0.6918488	0.22776408	0.12956162	0.18111078	-0.14120567	-0.20616616	0.055299714	-0.12899926	-0.038208146	0.3139438	-0.3290931	-0.4442408	-0.26662052	0.47109002	-0.3283475	0.041522525	0.4138128	-0.19026381	-0.07487199	-0.022228265	0.21896037	-0.030520365	-0.032254137	0.685066	-0.48523608	0.1861506
0.107519954	0.1460537	-0.4565303	-0.2045004	-0.7344307	0.21652298	0.15459645	0.1829895	-0.16555122	-0.20956717	0.04495575	-0.1126308	-0.03133499	0.2981465	-0.31412986	-0.4549235	-0.28201726	0.47221848	-0.32503754	0.054939017	0.46531236	-0.2013853	-0.08887695	-0.00039846316	0.20947881	-0.030457452	-0.032596804	0.72574306	-0.49600598	0.2207197
0.11449543	0.13807282	-0.48446968	-0.19569427	-0.75370795	0.21248013	0.15218174	0.16973801	-0.14588241	-0.18448566	0.05820774	-0.10501479	-0.051150408	0.31910163	-0.3467746	-0.46876377	-0.2712693	0.47689214	-0.33876863	0.041620784	0.4688445	-0.21678627	-0.062206015	-0.0015842132	0.2084654	-0.059970703	-0.03575664	0.7420823	-0.5243845	0.2156182
0.11099518	0.15445457	-0.4354905	-0.19664723	-0.6951982	0.22800216	0.12317626	0.17270908	-0.14795925	-0.2008942	0.028176688	-0.10594706	-0.024275552	0.30289242	-0.31169927	-0.43347752	-0.24321897	0.47228536	-0.32239452	0.062156875	0.43096545	-0.18704098	-0.055299435	-0.005827349	0.2045661	-0.029232837	-0.04795214	0.70255065	-0.48961726	0.20778766
0.09955607	0.13931216	-0.47739413	-0.1722861	-0.7359692	0.2090348	0.12860261	0.15074714	-0.14445603	-0.17706248	0.045125544	-0.12704715	-0.02317458	0.3080485	-0.3471035	-0.45121923	-0.27529517	0.4687887	-0.33121857	0.07039859	0.47233313	-0.20314504	-0.06841074	-0.004643442	0.20789322	-0.05405329	-0.04912817	0.7127584	-0.49798602	0.20075135
0.08614177	0.12940753	-0.46151468	-0.19112055	-0.71200365	0.20475249	0.149485	0.14789927	-0.15521128	-0.20268305	0.03139206	-0.11533858	-0.031645346	0.2808302	-0.33319807	-0.452482	-0.24969698	0.4742196	-0.32434294	0.04253451	0.44507426	-0.19718874	-0.06602866	-0.008485187	0.21934892	-0.030135702	-0.042703684	0.6999215	-0.49297184	0.20244803
0.11574349	0.13381393	-0.47224572	-0.16551799	-0.72225624	0.23166445	0.12781449	0.17589234	-0.14884746	-0.17198336	0.02902164	-0.09966898	-0.030931039	0.32286963	-0.3383567	-0.45545703	-0.27165768	0.4459381	-0.33778045	0.06913956	0.4434812	-0.21573025	-0.059808727	-0.022579908	0.20745695	-0.05639848	-0.028056588	0.71016765	-0.5017112	0.1955581
0.1232574	0.1436075	-0.45172653	-0.1894105	-0.69652086	0.21854061	0.112778015	0.17617828	-0.14195478	-0.17672887	0.036671218	-0.09909718	-0.041298028	0.32394272	-0.31945568	-0.44744793	-0.2802238	0.4474503	-0.30245525	0.041021448	0.42001638	-0.18417141	-0.058231737	0.0020532708	0.19087437	-0.058769997	-0.038028985	0.6984647	-0.49978304	0.20807141
0.11144646	0.14329982	-0.45730975	-0.17447026	-0.745782	0.22938162	0.13085751	0.16946156	-0.15346095	-0.1797879	0.05413111	-0.114646934	-0.025209129	0.3206852	-0.33929458	-0.4666846	-0.2628242	0.47249505	-0.32333654	0.057197724	0.44157952	-0.20746918	-0.0717555	-0.007640306	0.19304773	-0.045235265	-0.029111538	0.7133408	-0.50634915	0.19487873
0.12395421	0.15455669	-0.45942217	-0.19997306	-0.73617214	0.24167402	0.13329378	0.14707886	-0.15919942	-0.20610677	0.034834236	-0.117373094	-0.027180934	0.30312183	-0.34612563	-0.4546422	-0.2721685	0.4675272	-0.32513973	0.06654025	0.46	-0.19622242	-0.06478838	0.002612485	0.21717133	-0.030093646	-0.05683832	0.73290694	-0.5035729	0.2248423
0.09641374	0.1346263	-0.46253768	-0.19569689	-0.7192727	0.22073023	0.13115065	0.1481124	-0.14056432	-0.1898323	0.038803473	-0.100498125	-0.04260482	0.30507556	-0.3187552	-0.4645802	-0.26701275	0.48565468	-0.30818444	0.068481155	0.43704313	-0.1991173	-0.06774984	-0.012616626	0.22141208	-0.048066724	-0.04102925	0.7312829	-0.4831111	0.21423405
0.11586704	0.14394414	-0.47998902	-0.1708482	-0.7157251	0.22970843	0.12221434	0.16819844	-0.15718885	-0.19274151	0.041063692	-0.120562054	-0.024606412	0.31141162	-0.33491194	-0.46042237	-0.28315917	0.47077307	-0.3447415	0.053778157	0.46005094	-0.19636184	-0.08696881	-0.0020270103	0.20109537	-0.04105122	-0.05032262	0.7086815	-0.49969947	0.22104976
0.097490504	0.14597517	-0.46663982	-0.1957691	-0.70169187	0.21335003	0.14641738	0.17962809	-0.16397096	-0.18718386	0.057949744	-0.111187845	-0.030771315	0.31060696	-0.31450096	-0.46349517	-0.28076524	0.4762366	-0.30732742	0.04106642	0.43431953	-0.21034594	-0.071821645	-0.005592098	0.19495675	-0.046422534	-0.04024928	0.7186854	-0.5059497	0.18704836
0.106197014	0.1514291	-0.43971393	-0.16197155	-0.7193876	0.20834257	0.13733843	0.17517081	-0.15428145	-0.1803207	0.035710163	-0.10518986	-0.039126903	0.30717134	-0.31150442	-0.4431424	-0.25323567	0.4647303	-0.3346773	0.054559894	0.44218874	-0.18516211	-0.060698256	0.0007744772	0.21187584	-0.0524105	-0.03627329	0.6799225	-0.4817134	0.19036631
0.09236158	0.13168901	-0.4628772	-0.18409689	-0.7085455	0.23938262	0.13060735	0.17329016	-0.13826165	-0.20545985	0.029762551	-0.103427276	-0.032355838	0.3242629	-0.3324406	-0.4524913	-0.26370916	0.47351253	-0.32251656	0.042361125	0.4581363	-0.20139734	-0.06800064	0.009930251	0.19816473	-0.037689097	-0.03134601	0.7188201	-0.49380562	0.19474064
0.123141594	0.16540135	-0.47069728	-0.19289623	-0.70596856	0.21998018	0.1261573	0.17626525	-0.14965636	-0.2055348	0.061394308	-0.12952141	-0.033919957	0.3304819	-0.3143526	-0.46470192	-0.26643583	0.4601481	-0.33190382	0.06410329	0.4363172	-0.19758287	-0.06075982	0.00086651184	0.21656652	-0.03664845	-0.033116736	0.71815413	-0.51435894	0.19293128
0.11471414	0.16382793	-0.46961066	-0.18262462	-0.71535724	0.21461937	0.1306446	0.17068489	-0.14572556	-0.18504338	0.049949877	-0.1330329	-0.03749396	0.2964759	-0.33784226	-0.4263994	-0.2779384	0.46587557	-0.30408722	0.06566499	0.45145002	-0.20011827	-0.060563937	-0.019910939	0.20903279	-0.03787254	-0.05468501	0.6940115	-0.5043898	0.19323085
0.12257056	0.14824814	-0.45958072	-0.2026602	-0.7371103	0.20079465	0.13815106	0.18453582	-0.1607557	-0.19081062	0.038644716	-0.12709656	-0.013591578	0.334155	-0.3421039	-0.44600165	-0.25535786	0.49308056	-0.31800458	0.05498374	0.43008518	-0.21959831	-0.075782694	0.011019976	0.21900302	-0.05892907	-0.053717054	0.7322684	-0.48781952	0.21938117
0.09071868	0.14713396	-0.47010788	-0.17441392	-0.68582445	0.21256064	0.1300029	0.14957665	-0.13408735	-0.19605432	0.04759169	-0.11121165	-0.043481942	0.30500022	-0.33116567	-0.45414844	-0.26323098	0.4518354	-0.3330732	0.07301387	0.41816977	-0.19624335	-0.081412315	-0.018588426	0.20164043	-0.05071425	-0.031413924	0.68550426	-0.48721677	0.18357927
0.09389034	0.15810718	-0.47340307	-0.19373709	-0.7168512	0.2061043	0.13095957	0.17342743	-0.13773389	-0.19279194	0.045601785	-0.1300153	-0.016286755	0.30662236	-0.34058872	-0.43791175	-0.27210835	0.46174487	-0.32234484	0.053544603	0.45938572	-0.1924125	-0.067043535	-0.00940995	0.19849795	-0.026453327	-0.05025054	0.6991869	-0.4791603	0.20459689
0.1175704	0.1578096	-0.4731986	-0.19506045	-0.7043413	0.2032798	0.1323296	0.15768753	-0.13544069	-0.19940887	0.045617722	-0.103107296	-0.017683562	0.31070104	-0.32409656	-0.43676335	-0.28534105	0.46815002	-0.32812753	0.046857763	0.4491796	-0.20975505	-0.055835042	-0.0135487225	0.21953095	-0.06232292	-0.04946994	0.69635487	-0.48311898	0.20688893
0.10076636	0.14026412	-0.44768894	-0.17423573	-0.71433187	0.2332253	0.1404954	0.16298907	-0.16072509	-0.18976109	0.05364014	-0.11647558	-0.025056625	0.31929368	-0.34332886	-0.43744674	-0.2543622	0.4831528	-0.3232237	0.07038004	0.44258454	-0.20241086	-0.076588444	0.006371218	0.1970395	-0.034348283	-0.041539498	0.70637345	-0.48614335	0.20388189
0.10313272	0.16130519	-0.45618987	-0.1741685	-0.7157091	0.22501346	0.14414665	0.14508419	-0.15285526	-0.19766504	0.04351486	-0.13077173	-0.02404366	0.31799582	-0.32906157	-0.4363228	-0.27909952	0.471751	-0.31136364	0.06312155	0.43881986	-0.19154349	-0.052338943	-0.011122965	0.20942564	-0.060279895	-0.056275345	0.6995013	-0.49801448	0.19447313
0.10200713	0.1493105	-0.44895422	-0.18894929	-0.69648397	0.22007158	0.14277507	0.1632121	-0.13935551	-0.2011026	0.047086466	-0.11805995	-0.023120899	0.2924884	-0.33335397	-0.44371644	-0.25124767	0.47320476	-0.31072125	0.047888685	0.45036528	-0.2082133	-0.08346177	0.0105731925	0.20960802	-0.051099513	-0.054947548	0.68638325	-0.48499978	0.19086123
0.108826585	0.1494092	-0.44688147	-0.18214531	-0.70509195	0.20871867	0.13166851	0.16339135	-0.15354289	-0.17652565	0.04317515	-0.12843107	-0.04394605	0.31149372	-0.3095434	-0.45106682	-0.27668086	0.45626962	-0.29982698	0.05781262	0.42593077	-0.19890942	-0.06830183	0.0033570223	0.19183923	-0.049035266	-0.041384835	0.6905427	-0.48275948	0.2132771
0.093219504	0.13959932	-0.4510987	-0.19502415	-0.71335477	0.2157742	0.123611405	0.15818465	-0.14789715	-0.19547157	0.04339256	-0.10915935	-0.04663582	0.31736088	-0.32026783	-0.42239526	-0.25382203	0.45751682	-0.3215766	0.055557344	0.45439866	-0.20209996	-0.08159616	-0.0033956594	0.18723655	-0.035350934	-0.029090084	0.68498254	-0.49285337	0.2142442
0.10930011	0.13883017	-0.47012937	-0.18641528	-0.7018112	0.20303409	0.1468608	0.17453681	-0.14790154	-0.20379654	0.032328963	-0.12377849	-0.041574378	0.30734745	-0.31273445	-0.44830278	-0.27949783	0.46187493	-0.33580738	0.06930024	0.4256519	-0.20096947	-0.056498576	0.0013993935	0.21211693	-0.06259981	-0.05306226	0.69115	-0.5042195	0.20412804
0.10669416	0.13752088	-0.46505117	-0.19698936	-0.6933397	0.22382785	0.14636292	0.1502454	-0.14392255	-0.1969038	0.061534494	-0.12598555	-0.035095047	0.2966783	-0.31226686	-0.42595816	-0.26532376	0.4568192	-0.3309159	0.04621832	0.45666265	-0.1876875	-0.07737431	0.0071161697	0.2007696	-0.04385455	-0.04949501	0.7079363	-0.49592102	0.1950069
0.10355135	0.12395751	-0.42942122	-0.15881892	-0.66249186	0.19314204	0.115099624	0.15599251	-0.1470549	-0.16034503	0.039880943	-0.11798246	-0.034222156	0.2847484	-0.32306013	-0.43400177	-0.24864508	0.43400422	-0.31626475	0.05311116	0.42483598	-0.20208901	-0.053687446	0.0109423855	0.18994182	-0.05092136	-0.034948763	0.6622409	-0.46299702	0.18145768
0.12258408	0.1347711	-0.4501937	-0.17017643	-0.73434764	0.20807049	0.13618673	0.15889439	-0.15732971	-0.1815158	0.046980824	-0.11113073	-0.03377164	0.31281817	-0.33067852	-0.4662457	-0.2781133	0.47740677	-0.31474745	0.05138046	0.4615256	-0.20304216	-0.074685775	0.01135537	0.21112306	-0.029601544	-0.059013877	0.7289195	-0.51252997	0.19171031
0.10556772	0.14767617	-0.44989327	-0.17027496	-0.70537764	0.20343742	0.13413954	0.14999777	-0.13771388	-0.19476025	0.062071092	-0.099160336	-0.046684816	0.31794924	-0.3313349	-0.42576265	-0.27038962	0.4480896	-0.32999733	0.042021584	0.44012225	-0.18536791	-0.075192556	-0.003514042	0.2087329	-0.05845285	-0.053954713	0.70435876	-0.48694664	0.2007515
0.106611006	0.13560708	-0.47881255	-0.19124338	-0.7218779	0.23085938	0.1320269	0.15499234	-0.15996225	-0.18217126	0.04983888	-0.09618179	-0.015626676	0.29498166	-0.32813194	-0.44973207	-0.2516367	0.47517172	-0.31249067	0.053051826	0.43750194	-0.19210163	-0.07797816	-0.013661803	0.19411956	-0.051524915	-0.05380847	0.7056424	-0.48268723	0.19174059
0.097939104	0.15473662	-0.47499555	-0.1652177	-0.72308534	0.21558313	0.13302092	0.17174605	-0.15978594	-0.18395199	0.035032015	-0.117774665	-0.026962446	0.29787853	-0.3321844	-0.42864835	-0.250643	0.47864035	-0.3313471	0.05515081	0.4401149	-0.19292343	-0.06401944	0.002649867	0.22450392	-0.036524314	-0.044917956	0.7209548	-0.5060805	0.18949948
0.10197696	0.14720654	-0.4449524	-0.19490738	-0.7058417	0.2262588	0.1471914	0.1587748	-0.14389804	-0.17355569	0.054794535	-0.11692772	-0.025001006	0.3026547	-0.30175245	-0.41893312	-0.2674387	0.47352067	-0.31265152	0.044157594	0.4331481	-0.199555	-0.051669244	0.011219303	0.19912146	-0.036026765	-0.03404792	0.69406736	-0.4848125	0.20162421
0.0957125	0.12947273	-0.4459684	-0.1668376	-0.675252	0.21725628	0.1282708	0.15553513	-0.13429344	-0.17490111	0.029474387	-0.117404975	-0.028642977	0.30097818	-0.29844996	-0.39813894	-0.24885938	0.42929307	-0.29873946	0.048450667	0.40456775	-0.19035356	-0.064599246	-0.018508801	0.17799461	-0.043500282	-0.042898647	0.66548014	-0.45321843	0.18107182
0.10532164	0.16303754	-0.4353064	-0.1876787	-0.6977237	0.19625703	0.1244135	0.17093611	-0.16097283	-0.20401941	0.032859087	-0.12744707	-0.051966097	0.31640682	-0.3132197	-0.4383756	-0.26995912	0.46079132	-0.32019782	0.05225999	0.4329152	-0.18296348	-0.06547873	-0.018383645	0.21882592	-0.03320999	-0.01734795	0.6934249	-0.4853696	0.19420898
0.115979925	0.14592992	-0.4643994	-0.1950114	-0.71976644	0.22499855	0.14510362	0.17134303	-0.14999749	-0.20625833	0.046308044	-0.12523912	-0.03903753	0.3127461	-0.3169955	-0.44533452	-0.27032402	0.46175125	-0.32862455	0.048658058	0.4432885	-0.21308811	-0.056286126	-0.0029914794	0.18766293	-0.051498994	-0.036783494	0.70436907	-0.503008	0.20415318
0.101481214	0.13949423	-0.4326669	-0.1660498	-0.69191134	0.22044589	0.1155177	0.1408054	-0.15422076	-0.19416253	0.032848958	-0.10993774	-0.014822661	0.30510217	-0.32378098	-0.413119	-0.24710205	0.437767	-0.29581735	0.061232667	0.42243996	-0.20078385	-0.07280044	-0.0052042436	0.20604916	-0.03001716	-0.030487427	0.68399596	-0.4682232	0.19433102
0.10205811	0.14766754	-0.45978484	-0.1974902	-0.6987875	0.22728717	0.14064983	0.17184013	-0.15577598	-0.20184138	0.03215008	-0.1304029	-0.031984292	0.31115752	-0.3187594	-0.4359794	-0.2731124	0.47271332	-0.32459408	0.054318395	0.43862277	-0.192875	-0.074635714	-0.022750335	0.19518493	-0.061315045	-0.049907792	0.70606667	-0.500434	0.21652511
0.09260384	0.15707032	-0.45285678	-0.16777243	-0.7125424	0.22537924	0.1309375	0.163969	-0.13782836	-0.20011066	0.04554569	-0.11864097	-0.032469507	0.30127433	-0.31564406	-0.4401473	-0.27518925	0.45362547	-0.30064356	0.036613867	0.4481392	-0.19535533	-0.067838795	-0.012661413	0.19788991	-0.038484607	-0.03384428	0.69652677	-0.48154697	0.18868808
0.12476468	0.13428228	-0.46901348	-0.18916798	-0.69795275	0.21713302	0.13505936	0.16034938	-0.14314467	-0.19378829	0.03435237	-0.09747219	-0.021461325	0.3187551	-0.3317267	-0.42874902	-0.26471907	0.4589962	-0.33138904	0.061236434	0.45465916	-0.18388742	-0.06028246	0.011343778	0.20273781	-0.03268208	-0.04247752	0.7031534	-0.5060874	0.20181204
0.09596446	0.13410841	-0.45869967	-0.18268538	-0.73143786	0.23283261	0.114660375	0.15855071	-0.16673483	-0.18980654	0.03915911	-0.13087091	-0.020639371	0.330318	-0.33667457	-0.4670697	-0.2613798	0.46492243	-0.31964597	0.0678651	0.43446296	-0.20144926	-0.062483728	-0.0209825	0.19751461	-0.05448014	-0.03979478	0.7343738	-0.5041498	0.21984097
0.11915766	0.15602234	-0.46717402	-0.18092118	-0.72673243	0.23773018	0.12891594	0.16399969	-0.16065903	-0.19398087	0.045575753	-0.11620698	-0.031719077	0.30701092	-0.32357535	-0.43350437	-0.27907908	0.4744075	-0.33533207	0.05997789	0.43129456	-0.19719526	-0.06884711	-0.0227207	0.21913452	-0.06161183	-0.04663351	0.70478565	-0.49333006	0.19969264
0.11864046	0.16379733	-0.45279095	-0.18067601	-0.7168105	0.21990952	0.12470151	0.17241395	-0.14198989	-0.18695267	0.03887576	-0.1261011	-0.03148128	0.29724675	-0.33417463	-0.45686534	-0.2665902	0.4699306	-0.31845137	0.062225264	0.45485955	-0.21063386	-0.052935172	-0.012015467	0.21062416	-0.036034226	-0.026340192	0.69458824	-0.4895503	0.21354203
0.11906925	0.1462832	-0.46278912	-0.18105137	-0.7322995	0.22841275	0.14688571	0.14925814	-0.15906665	-0.18375428	0.029805802	-0.11442195	-0.043325283	0.30433297	-0.32379517	-0.4402164	-0.28832594	0.48097667	-0.32267272	0.07266492	0.45043978	-0.21927214	-0.08093152	-0.0041651297	0.20964064	-0.03382645	-0.054079298	0.7278585	-0.51053905	0.21611792
0.11595047	0.16110699	-0.477661	-0.16532594	-0.70098907	0.22660048	0.14511587	0.151581	-0.15544823	-0.18414506	0.057681516	-0.12180311	-0.04590191	0.32225123	-0.32498348	-0.44522315	-0.2745144	0.45487654	-0.33861735	0.062144957	0.44212702	-0.18891843	-0.067476034	-0.012315487	0.19770478	-0.038530104	-0.061011113	0.70518124	-0.49624282	0.20077185
0.11360868	0.14746651	-0.45553237	-0.1668902	-0.71400094	0.22635344	0.11969439	0.14044109	-0.13850634	-0.19612972	0.04021781	-0.106989406	-0.017586082	0.31751257	-0.30484226	-0.45474213	-0.2554282	0.45919913	-0.32987782	0.046351735	0.45280144	-0.20457521	-0.069087066	0.00943458	0.19927922	-0.043995842	-0.026326468	0.68602055	-0.49423033	0.19268936
0.11477293	0.14967002	-0.41314268	-0.17767872	-0.6421828	0.2175062	0.115642816	0.13796297	-0.12508352	-0.16077909	0.05430851	-0.113003306	-0.015709398	0.29409683	-0.2845698	-0.3924829	-0.23815623	0.42601788	-0.29453444	0.0565953	0.41348726	-0.18890196	-0.069941126	-0.012278872	0.1998537	-0.0518759	-0.0534604	0.6417065	-0.43704817	0.16928518
0.12195768	0.15971284	-0.45789656	-0.190377	-0.7127939	0.21751513	0.12043611	0.15072551	-0.15837684	-0.1976133	0.053267933	-0.124757394	-0.033047702	0.3055253	-0.32807323	-0.449247	-0.26285294	0.4822161	-0.32547647	0.057571705	0.45644605	-0.18741544	-0.082286626	-0.021530803	0.19034782	-0.04582553	-0.05466113	0.7011986	-0.48918262	0.20499308
0.09738464	0.13133347	-0.44803128	-0.19806719	-0.6914908	0.20804225	0.1290813	0.15458308	-0.13603494	-0.19040893	0.045561016	-0.10632836	-0.038670897	0.2958313	-0.33464757	-0.4480622	-0.2627497	0.4566169	-0.33337423	0.06373185	0.4413891	-0.20791978	-0.069941476	-0.010714746	0.19074439	-0.055064745	-0.036191087	0.68453425	-0.49960512	0.18253727
0.1026881	0.16291095	-0.46291816	-0.19194852	-0.7090447	0.22256483	0.14392784	0.16297683	-0.13892879	-0.17334528	0.05049322	-0.12068273	-0.023155302	0.30512413	-0.3420991	-0.4581176	-0.28189287	0.4683336	-0.33524105	0.04938129	0.45969352	-0.2043386	-0.063288465	-0.012973147	0.20993268	-0.047902647	-0.043164276	0.72737706	-0.5127155	0.21437208
0.11063893	0.14136179	-0.46509835	-0.18878888	-0.7271479	0.20089507	0.13397637	0.1625649	-0.14593674	-0.19893174	0.06168421	-0.12740482	-0.012274824	0.33543858	-0.30415058	-0.44323152	-0.27215806	0.46785435	-0.3150661	0.06915843	0.41891214	-0.21062496	-0.06545942	-0.0139808515	0.22720936	-0.060563754	-0.03914169	0.7342718	-0.48594862	0.19242746
0.10084902	0.15669008	-0.48311457	-0.2027471	-0.70593655	0.21256958	0.12518011	0.15359691	-0.14444979	-0.20455028	0.048159774	-0.116555326	-0.03273413	0.32869148	-0.33500168	-0.43151316	-0.26599908	0.45870832	-0.31649217	0.06119789	0.43301514	-0.19831789	-0.057349063	0.0038797497	0.21779029	-0.06496021	-0.05485477	0.70569885	-0.5078658	0.21721512
0.093326226	0.16234346	-0.47385022	-0.16819754	-0.71577656	0.20740995	0.15165862	0.15487404	-0.13461876	-0.20470278	0.062819816	-0.12896474	-0.03120546	0.31700268	-0.32165882	-0.43944523	-0.2529348	0.47143477	-0.31290713	0.06941369	0.4320799	-0.19219589	-0.07975178	-0.0047918325	0.1950122	-0.04520907	-0.026102057	0.699976	-0.5014606	0.21590556
0.09870655	0.14083071	-0.4575757	-0.18827546	-0.6957446	0.22697145	0.13120499	0.18118252	-0.15458557	-0.18900456	0.03764164	-0.123684816	-0.029413229	0.3060336	-0.33574077	-0.42722723	-0.26111758	0.45055178	-0.31134564	0.07087541	0.44910377	-0.18309878	-0.054960527	0.007059163	0.19513628	-0.06116826	-0.040698692	0.7240224	-0.4817202	0.20129251
0.09329999	0.1387469	-0.46769455	-0.17884763	-0.7223625	0.21477327	0.13544893	0.14498994	-0.1650892	-0.20695546	0.040430665	-0.13461527	-0.046155933	0.32763994	-0.32844424	-0.46840388	-0.25953537	0.48297876	-0.31314576	0.05079366	0.4649262	-0.19603488	-0.059683785	0.00460385	0.21230604	-0.062905535	-0.027449144	0.74157405	-0.48913664	0.1962368
0.1144017	0.14319243	-0.47065192	-0.16642821	-0.70466083	0.21581842	0.14107145	0.17617285	-0.14172417	-0.19179595	0.042065553	-0.120543405	-0.034377825	0.30120128	-0.31477407	-0.44169044	-0.27128395	0.4483833	-0.31050706	0.04630281	0.4389258	-0.1927461	-0.07652204	-0.0025108403	0.19176748	-0.059530172	-0.03884366	0.70062685	-0.50072646	0.20898476
0.11956646	0.14662535	-0.4749599	-0.19553283	-0.7069953	0.2164412	0.14360775	0.14692639	-0.16206914	-0.20682603	0.040106595	-0.12794884	-0.018548692	0.32165453	-0.30314714	-0.42148176	-0.2861388	0.4647259	-0.30686638	0.061470255	0.44378808	-0.20113456	-0.075391494	-0.0022604147	0.21418792	-0.042730667	-0.037708115	0.6981921	-0.4729966	0.18784818
0.11862193	0.15979066	-0.47917768	-0.18335344	-0.7227688	0.2350372	0.15199949	0.15547532	-0.13032438	-0.18066315	0.033716213	-0.12007664	-0.044008415	0.30896065	-0.3246682	-0.43945482	-0.26742876	0.47738108	-0.31265348	0.060136043	0.45714438	-0.20835702	-0.069243595	-0.023079995	0.18819122	-0.054032646	-0.030641051	0.6988715	-0.48398855	0.19685367
0.09334593	0.130568	-0.46739736	-0.18504934	-0.6972711	0.2226041	0.15172496	0.16137046	-0.13282059	-0.20270765	0.033699762	-0.11452903	-0.034348205	0.3107118	-0.34064907	-0.44330916	-0.25429055	0.45987666	-0.32795212	0.038607385	0.456448	-0.21305896	-0.056862365	0.010883475	0.19833271	-0.04371637	-0.055809706	0.6922218	-0.4899457	0.19295186
0.10796596	0.15393522	-0.4835709	-0.20030144	-0.7330805	0.21818003	0.1533314	0.17255275	-0.15793918	-0.19700749	0.032793403	-0.12931426	-0.031081213	0.3053259	-0.3214819	-0.44240928	-0.27294257	0.47560415	-0.31669	0.052105375	0.45795575	-0.21412134	-0.08801961	-0.01577512	0.20649725	-0.056268882	-0.050839197	0.73390144	-0.48897904	0.20734577
0.11652371	0.13019204	-0.44976377	-0.19605117	-0.68791264	0.2132667	0.14494228	0.14274867	-0.1327011	-0.1672108	0.033216603	-0.09263347	-0.03304001	0.30822185	-0.33455107	-0.4250116	-0.26902217	0.45468718	-0.31600285	0.061431706	0.42265108	-0.21152225	-0.087569766	0.006607768	0.20037247	-0.036309194	-0.050443497	0.703219	-0.47022572	0.20187925
0.1078805	0.12489179	-0.44346	-0.18038838	-0.6727566	0.19379947	0.14074403	0.15335988	-0.13600753	-0.17761664	0.055425175	-0.10811485	-0.041364543	0.307224	-0.30684352	-0.4338338	-0.26558295	0.4516392	-0.29471692	0.063246414	0.4426635	-0.19977953	-0.0648283	-0.0172162	0.18641612	-0.025484508	-0.035309087	0.6900125	-0.47994393	0.19178179
0.11573132	0.15525767	-0.4706886	-0.1863635	-0.7166347	0.2077532	0.14584148	0.15074748	-0.16040379	-0.20005786	0.053457316	-0.107473664	-0.04267898	0.32007864	-0.30779815	-0.45263532	-0.26689315	0.4574174	-0.32539856	0.055136014	0.43283665	-0.21232702	-0.082799904	0.00857075	0.19819073	-0.04249727	-0.030349158	0.6815766	-0.500844	0.18320651
0.109989464	0.16090646	-0.49011078	-0.18756603	-0.72851455	0.24208193	0.122079276	0.17410183	-0.16979821	-0.2097788	0.06373656	-0.13505563	-0.01943684	0.33200896	-0.31353524	-0.4421026	-0.295841	0.4602595	-0.3210484	0.041501474	0.44731438	-0.20695587	-0.08421373	0.0016751094	0.21799517	-0.04351962	-0.034790963	0.7333011	-0.514249	0.19559546
0.09145596	0.14294834	-0.42774403	-0.1754317	-0.7018106	0.20962779	0.12508574	0.14862275	-0.14358458	-0.19770047	0.02676756	-0.120167054	-0.048046533	0.29409453	-0.32192484	-0.42249742	-0.2441267	0.4400241	-0.32423502	0.068314455	0.43683666	-0.20305523	-0.058249217	-0.013302709	0.18498364	-0.03326981	-0.045254212	0.6803333	-0.45947328	0.20179069
0.08826663	0.16021453	-0.44811788	-0.16278793	-0.6859114	0.22032212	0.12810005	0.13499138	-0.16528912	-0.19905314	0.02797121	-0.1071029	-0.025161427	0.30469438	-0.3260886	-0.45214716	-0.26638243	0.45732465	-0.31635338	0.07430265	0.44197893	-0.20772894	-0.07667703	0.011070277	0.22057939	-0.036859065	-0.04274824	0.70651823	-0.4889478	0.2083712
0.110548005	0.17290103	-0.4557223	-0.19184154	-0.7138819	0.2372462	0.11742057	0.17160635	-0.16955306	-0.17925878	0.07119769	-0.11030307	-0.060439695	0.30947584	-0.31683326	-0.46541584	-0.2602645	0.4781688	-0.31557077	0.06097701	0.45360222	-0.19601534	-0.073536254	0.005422427	0.21874769	-0.030673398	-0.024175705	0.7354671	-0.5246525	0.19360633
0.1171096	0.16853474	-0.44373274	-0.16732441	-0.715124	0.2338872	0.13648692	0.17773016	-0.16108926	-0.20322247	0.07009758	-0.11425355	-0.0554341	0.32050905	-0.33544305	-0.45112368	-0.2849553	0.47497433	-0.34122822	0.07503326	0.43506145	-0.20953193	-0.083472684	-0.008358904	0.2168644	-0.060620222	-0.034527514	0.70649934	-0.50993395	0.21430266
0.10411044	0.1362226	-0.4585322	-0.17487705	-0.71158063	0.2092036	0.13778478	0.15564787	-0.13602993	-0.2055	0.05311964	-0.12757134	-0.020148449	0.31555387	-0.32982266	-0.45478624	-0.2745376	0.4793084	-0.33436134	0.06040885	0.4333394	-0.21098532	-0.06541556	0.012660935	0.22708535	-0.03959686	-0.03039532	0.7377321	-0.5059712	0.21124718
0.11149127	0.15998307	-0.44446495	-0.18878256	-0.6997067	0.2288669	0.12236037	0.1658653	-0.14295046	-0.18565445	0.04951621	-0.12160819	-0.022909354	0.31489566	-0.32306448	-0.4499983	-0.24836418	0.46755874	-0.31134742	0.05819441	0.42647696	-0.20679878	-0.077116355	-0.015345996	0.20192313	-0.037210036	-0.027904462	0.7024571	-0.4676007	0.18992683
0.117626175	0.15096204	-0.4579647	-0.17463058	-0.68967205	0.20123316	0.13985737	0.16313483	-0.15074669	-0.18296036	0.051432177	-0.11158785	-0.020018656	0.2959894	-0.3055319	-0.4185834	-0.27561393	0.45594683	-0.3151401	0.035650432	0.43703508	-0.19887474	-0.05937163	-0.0023456877	0.1956389	-0.060030874	-0.050720584	0.69364715	-0.46989736	0.19610366
0.09836866	0.15190952	-0.4422306	-0.17398262	-0.69777024	0.21784726	0.12693831	0.16764407	-0.15221971	-0.18914896	0.050086882	-0.09824926	-0.043163385	0.31000382	-0.33287692	-0.4483568	-0.27769822	0.46799263	-0.31214115	0.058870282	0.42536038	-0.19124176	-0.07652369	-0.016703645	0.1915069	-0.05323871	-0.037136935	0.6828029	-0.49015653	0.20864156
0.10330733	0.13674323	-0.44879466	-0.19254611	-0.7210364	0.22605954	0.1183174	0.15984672	-0.15051933	-0.19058514	0.032279003	-0.11436204	-0.0167928	0.32123235	-0.33226848	-0.4534134	-0.2583938	0.46743146	-0.3316643	0.039864644	0.44829392	-0.19041266	-0.07251162	-0.0026768385	0.18676543	-0.05569895	-0.031650394	0.7001236	-0.47655383	0.21005149
0.12007757	0.13121663	-0.46889555	-0.16798641	-0.7106861	0.23312646	0.13953003	0.14810686	-0.13900268	-0.17520662	0.057054244	-0.11719885	-0.0367931	0.31588173	-0.3277542	-0.44074056	-0.2693445	0.4612212	-0.3383139	0.06035708	0.44297475	-0.18110418	-0.07417746	0.010721693	0.204227	-0.051729992	-0.052603476	0.71073234	-0.48592842	0.19673854
0.10955517	0.14696608	-0.474856	-0.16993232	-0.70204186	0.2215032	0.11730492	0.16069292	-0.14257191	-0.20301196	0.052866187	-0.12750898	-0.035862308	0.32518613	-0.33455867	-0.45688534	-0.26341906	0.45536157	-0.33594257	0.054701243	0.44473642	-0.21309228	-0.07924576	-0.009851535	0.22081031	-0.03777259	-0.056064602	0.7200617	-0.48653162	0.1976124
0.10715807	0.15178812	-0.47168544	-0.19651951	-0.7144258	0.23484623	0.14583053	0.15314685	-0.1432862	-0.1773861	0.041439857	-0.11865467	-0.029877687	0.29715225	-0.30751956	-0.44510168	-0.28223306	0.46292728	-0.30109215	0.04433794	0.43611047	-0.19141835	-0.060083434	-0.02267287	0.19296527	-0.03439497	-0.02472116	0.6920617	-0.48413965	0.2094708
0.09453473	0.15101027	-0.47468984	-0.1798607	-0.72785723	0.22473876	0.12515835	0.17500547	-0.14164631	-0.18204619	0.06003364	-0.1144922	-0.038169004	0.31354523	-0.34203547	-0.45543966	-0.28119665	0.4849099	-0.33564156	0.071080096	0.42755476	-0.20705612	-0.084384784	-0.019194009	0.22048959	-0.035488874	-0.048761703	0.7023178	-0.47849286	0.18651971
0.123082116	0.15912092	-0.45764166	-0.1960975	-0.70566934	0.21594632	0.11544756	0.15097941	-0.15391774	-0.19788681	0.060197253	-0.11072896	-0.033644516	0.30585712	-0.3088377	-0.43538663	-0.26169714	0.47046405	-0.30917624	0.054324355	0.45247716	-0.20719047	-0.07717183	0.008816885	0.21818362	-0.027384989	-0.036266822	0.6957878	-0.47575927	0.19866149
0.09508415	0.16440149	-0.4574432	-0.1987066	-0.71674436	0.20662795	0.12933417	0.14758424	-0.16481605	-0.19406417	0.033444464	-0.12681685	-0.035918396	0.30226594	-0.3220792	-0.426679	-0.25698948	0.47851807	-0.32510835	0.056546774	0.43059015	-0.19787201	-0.08400684	0.006443455	0.19873336	-0.04899803	-0.026595822	0.7182533	-0.501916	0.20952362
0.109068125	0.14326027	-0.43045104	-0.17179887	-0.6705573	0.21478482	0.13317999	0.1389516	-0.1379866	-0.17343818	0.0515502	-0.12289284	-0.016663808	0.28852624	-0.30729938	-0.40851644	-0.2673794	0.43801495	-0.31500506	0.050047025	0.42558438	-0.1924472	-0.059093658	-0.013175891	0.1773381	-0.036710344	-0.038328573	0.6817827	-0.45913	0.20450053
0.11715618	0.13624975	-0.44923124	-0.18033643	-0.72106445	0.21998428	0.11989465	0.15956965	-0.13347189	-0.18491599	0.05165183	-0.09896946	-0.027295206	0.30456027	-0.322811	-0.44314337	-0.27490324	0.46106598	-0.3357236	0.067383006	0.4334303	-0.1950254	-0.055540524	-0.00018798097	0.19840483	-0.034033988	-0.035007104	0.6785046	-0.4818569	0.19967705
0.09310114	0.14862616	-0.4349846	-0.19252297	-0.6979618	0.22299115	0.13966644	0.14559144	-0.123870336	-0.19056761	0.03404025	-0.10851819	-0.020771965	0.2933334	-0.32368222	-0.44148314	-0.26494712	0.4378033	-0.32893667	0.041133326	0.44255227	-0.2121702	-0.07746364	0.003265441	0.21423835	-0.037553813	-0.056543034	0.69342756	-0.48185894	0.1947751
0.108230494	0.1283041	-0.43432873	-0.1564267	-0.6541785	0.20751615	0.10963556	0.15842748	-0.14751455	-0.17510256	0.05905119	-0.115660734	-0.01748397	0.27698275	-0.29471055	-0.40588576	-0.23969586	0.43684277	-0.3114163	0.06878332	0.4012954	-0.19805248	-0.055925105	-0.021828625	0.20261392	-0.046657007	-0.046496548	0.66792643	-0.44499615	0.19195388
0.096035	0.13221958	-0.46579412	-0.19126515	-0.7037651	0.21679854	0.14090526	0.15703568	-0.14400499	-0.19450435	0.056172665	-0.12774281	-0.036537375	0.30010357	-0.3090229	-0.41435453	-0.25485885	0.4596223	-0.30284432	0.050249618	0.4224678	-0.18014407	-0.05656583	-0.011220393	0.20651571	-0.03429843	-0.0361705	0.68932605	-0.48582858	0.20447558
0.115909785	0.15143432	-0.46736023	-0.19692433	-0.73470134	0.22194915	0.14137371	0.15436898	-0.14727052	-0.20762177	0.045273308	-0.1116461	-0.021845508	0.3183347	-0.3363548	-0.47379616	-0.26738632	0.4690849	-0.3200768	0.07455638	0.44634572	-0.21219622	-0.0773094	-0.009041711	0.1979837	-0.047768056	-0.02959293	0.7356221	-0.5032094	0.21997534
0.1167104	0.13435836	-0.46331316	-0.16372064	-0.6792983	0.21646109	0.11738684	0.17263293	-0.15459032	-0.16727336	0.055246174	-0.108719006	-0.016011711	0.31134674	-0.317999	-0.43800345	-0.27314284	0.46929765	-0.30317795	0.06198106	0.44178537	-0.18817359	-0.07103029	-0.01090174	0.19828194	-0.044824176	-0.028723275	0.6959008	-0.48067755	0.20424084
0.08717828	0.14319809	-0.4571657	-0.17913897	-0.678157	0.21677722	0.13278855	0.14442636	-0.14778398	-0.16941398	0.043344993	-0.11568979	-0.034566112	0.28766716	-0.30004436	-0.44114745	-0.25218552	0.4525418	-0.3080003	0.06499792	0.44154254	-0.21053977	-0.07233052	-0.00424528	0.1843178	-0.047284976	-0.030192273	0.69370073	-0.47594714	0.20287256
0.09353154	0.1410559	-0.41103673	-0.16715512	-0.62663364	0.17752929	0.12956297	0.15590315	-0.114708126	-0.18074596	0.03531894	-0.10161402	-0.037934154	0.28087676	-0.30034387	-0.39416766	-0.25146174	0.4022483	-0.29974073	0.041685626	0.38176164	-0.1753744	-0.07482449	0.003907224	0.17710689	-0.04077793	-0.04364427	0.63180757	-0.44432962	0.18887708
0.101059884	0.16265783	-0.45250964	-0.17823002	-0.68383026	0.2108239	0.13674834	0.15987124	-0.13558105	-0.189097	0.02961617	-0.119484164	-0.017997911	0.29551902	-0.3210421	-0.4480025	-0.26603717	0.44808063	-0.31095007	0.06271845	0.42104486	-0.18478283	-0.060989268	-0.012574009	0.19084129	-0.046847317	-0.024273854	0.7113988	-0.48162064	0.18432808
0.098025076	0.13485777	-0.4749823	-0.16940908	-0.7130512	0.22509135	0.13552853	0.15929139	-0.1601378	-0.18413454	0.032739602	-0.11433549	-0.042056665	0.30200747	-0.32206735	-0.44734478	-0.28243697	0.449262	-0.30573326	0.057324722	0.42566684	-0.19349848	-0.065006234	0.0044789375	0.19949943	-0.060958285	-0.03340138	0.7202502	-0.49615553	0.19400239
0.12086738	0.13374585	-0.47212186	-0.18998246	-0.6882613	0.22889486	0.13701306	0.14703016	-0.15405026	-0.18352292	0.063222155	-0.122860886	-0.035867896	0.3141276	-0.31791785	-0.43898588	-0.25468135	0.47169307	-0.30332693	0.07354666	0.43938023	-0.19689074	-0.060097076	-0.018287815	0.19235969	-0.029681342	-0.056718506	0.70748925	-0.4906963	0.20706983
0.12090422	0.1639488	-0.4551537	-0.18685044	-0.719403	0.22427022	0.15134215	0.15271294	-0.13029155	-0.18440212	0.057446953	-0.10775689	-0.02344741	0.32120514	-0.31981617	-0.4511844	-0.27209735	0.45922816	-0.33615404	0.06459201	0.42651004	-0.21081771	-0.08892625	-0.0020656076	0.22590257	-0.02972291	-0.05373562	0.7278295	-0.48578763	0.19195311
0.09518902	0.14091308	-0.43878853	-0.15974467	-0.7033599	0.20328823	0.13619243	0.15488358	-0.14430073	-0.17638734	0.05774306	-0.09949901	-0.034035347	0.2990623	-0.30666685	-0.4246301	-0.25164247	0.4557644	-0.31148064	0.067206524	0.42574802	-0.1904936	-0.07234079	-0.0069044405	0.19236434	-0.04451947	-0.025879717	0.6805175	-0.4843682	0.18710536
0.106892295	0.15474473	-0.46169135	-0.1636141	-0.6842011	0.19470866	0.12943232	0.14782728	-0.13762854	-0.19539885	0.060044605	-0.11050841	-0.022371778	0.31240904	-0.3155907	-0.43442702	-0.25286618	0.45024538	-0.3002278	0.068133414	0.44575247	-0.2105653	-0.082644455	-0.0033940177	0.20882429	-0.060260218	-0.04624967	0.6804526	-0.4919974	0.183743
0.099113785	0.16290416	-0.46621165	-0.2003155	-0.70625246	0.21515356	0.13203092	0.15407132	-0.13267441	-0.1750994	0.045317356	-0.113072656	-0.031788107	0.30474174	-0.32333618	-0.4637345	-0.2580039	0.4644355	-0.30350482	0.07249593	0.45785946	-0.21276264	-0.07077191	-0.007295264	0.2170807	-0.065132305	-0.03581407	0.71527827	-0.5090079	0.19223005
0.09129258	0.14547302	-0.46034715	-0.18392941	-0.7155268	0.21930741	0.11337273	0.16183102	-0.1464331	-0.19031543	0.056395344	-0.09839903	-0.034912128	0.29300824	-0.31828466	-0.45494816	-0.25509894	0.46101108	-0.3155326	0.06567254	0.42688194	-0.21300952	-0.058706895	-0.008019639	0.20482716	-0.0615776	-0.02675495	0.6972396	-0.48746097	0.19237384
0.09141156	0.13758262	-0.44484928	-0.19412805	-0.7027986	0.23071717	0.13148265	0.16595401	-0.1390946	-0.19483335	0.045928676	-0.116287984	-0.033036903	0.32589266	-0.3271546	-0.45108292	-0.27283427	0.47021654	-0.33796066	0.06029304	0.42539856	-0.21098563	-0.054024175	-0.024012038	0.21929675	-0.04726471	-0.036296804	0.6902203	-0.48236397	0.21554561
0.087321274	0.14472435	-0.4612675	-0.17200772	-0.6998541	0.21791042	0.12391382	0.17042327	-0.14738752	-0.19412784	0.027226413	-0.11467772	-0.03708183	0.29154238	-0.33592385	-0.42384884	-0.27997604	0.45126215	-0.3184641	0.047901094	0.44245863	-0.2154183	-0.079023555	-0.013180258	0.20769191	-0.042298824	-0.045169655	0.7099148	-0.49103135	0.19695641
0.105125725	0.16674325	-0.47742137	-0.1845485	-0.72602683	0.21907683	0.14215104	0.17545351	-0.16234529	-0.18392901	0.061432593	-0.10296364	-0.027395472	0.33119482	-0.34915096	-0.4586608	-0.28899425	0.48147273	-0.33988973	0.03704527	0.44061014	-0.19398113	-0.08031473	0.009626092	0.21378064	-0.07022162	-0.023235757	0.7241471	-0.51276666	0.21828549
0.10157328	0.15963742	-0.45915654	-0.17563197	-0.71392554	0.23178501	0.13811928	0.1481009	-0.14904512	-0.17804377	0.051088918	-0.103096865	-0.043973736	0.3290094	-0.32816914	-0.4611836	-0.2783495	0.4558498	-0.30647352	0.059318855	0.4438602	-0.19760858	-0.055844788	-0.013688075	0.19175185	-0.052670795	-0.04702113	0.72941995	-0.5021378	0.2142456
0.0891518	0.14192535	-0.44891924	-0.18233454	-0.72307575	0.21528214	0.13786486	0.1466349	-0.15405922	-0.18787421	0.058016717	-0.120448515	-0.032004956	0.32769105	-0.31515118	-0.46155262	-0.27465668	0.4838261	-0.33759645	0.06873557	0.4627637	-0.20423394	-0.084560856	-0.012037614	0.21530387	-0.06125746	-0.042135328	0.7145155	-0.4859709	0.21790223
0.09856672	0.13692571	-0.48095506	-0.18378739	-0.71982586	0.22351268	0.1487904	0.17510575	-0.15132406	-0.18293998	0.039750878	-0.11001313	-0.020755438	0.33828712	-0.3428087	-0.43578458	-0.26521564	0.47016948	-0.34321764	0.04419856	0.45124722	-0.20581964	-0.082253456	-0.006651106	0.19935948	-0.029795937	-0.044197354	0.7267142	-0.50281024	0.2135059
0.10367502	0.16606967	-0.4514118	-0.16407442	-0.7214214	0.22846061	0.14373662	0.1745316	-0.15083307	-0.17597353	0.044219974	-0.12719466	-0.024720527	0.32388043	-0.32351846	-0.43284222	-0.28241333	0.46689153	-0.32065094	0.07432877	0.45081878	-0.21052916	-0.06684593	-0.016386192	0.20844322	-0.03994632	-0.04993837	0.6944208	-0.48807755	0.18498887
0.12577964	0.14500926	-0.47431043	-0.17289598	-0.7528083	0.20594037	0.124304675	0.15668546	-0.15906617	-0.18648878	0.07139232	-0.13201904	-0.040804915	0.34006283	-0.3330041	-0.48170725	-0.26846215	0.48743656	-0.32853284	0.062504075	0.46654052	-0.2123438	-0.0797856	0.0049947095	0.20695423	-0.05273904	-0.034160536	0.7477568	-0.53249925	0.19659653
0.10515423	0.16916928	-0.49090245	-0.19773506	-0.72161317	0.20613022	0.14230475	0.18023746	-0.15067925	-0.1857093	0.04636849	-0.10835939	-0.0434175	0.30717638	-0.3447636	-0.47072363	-0.2650229	0.49276075	-0.3461389	0.038757585	0.45431948	-0.19415878	-0.06826238	-0.018356992	0.20377159	-0.068082154	-0.019230668	0.7327973	-0.51682204	0.2084066
0.08721861	0.15473542	-0.4414881	-0.19363984	-0.69095683	0.22380126	0.11343466	0.16435346	-0.13181446	-0.180594	0.033249285	-0.1136994	-0.04174249	0.30491993	-0.3159279	-0.42037082	-0.26070467	0.45860958	-0.30206278	0.046650857	0.42678005	-0.19496557	-0.07960214	-0.014799045	0.21505105	-0.03074626	-0.05345365	0.6816406	-0.48224676	0.20400521
0.09418688	0.15151569	-0.46178547	-0.19244348	-0.6995672	0.20895024	0.13996845	0.1711157	-0.1400476	-0.17478915	0.036948975	-0.113012314	-0.035414185	0.3046954	-0.32488695	-0.434344	-0.27652103	0.45425996	-0.3228609	0.063161224	0.46096122	-0.18952192	-0.08196181	-0.015121983	0.19668522	-0.040641222	-0.033053435	0.6943204	-0.5063699	0.18739802
0.12198247	0.16342667	-0.4810318	-0.17830849	-0.7444367	0.2378816	0.13134645	0.17583308	-0.14557666	-0.19764704	0.054382876	-0.11524065	-0.041839574	0.32057425	-0.3344935	-0.44466805	-0.2754895	0.47275624	-0.3469559	0.053883772	0.47680387	-0.21778993	-0.07644809	-0.018751102	0.19619332	-0.029802777	-0.039677404	0.7278807	-0.50911945	0.20574196
0.107454024	0.15802129	-0.4453035	-0.18767466	-0.69500625	0.21175468	0.15143992	0.14759038	-0.1300697	-0.19970174	0.05414482	-0.09745366	-0.02614732	0.3092988	-0.32763782	-0.45097458	-0.280807	0.47642526	-0.30484328	0.053064715	0.43630138	-0.20856635	-0.08466105	-0.014484783	0.20645897	-0.05925431	-0.03909295	0.71948075	-0.5054518	0.20409699
0.10867307	0.13355908	-0.46183014	-0.17575306	-0.714836	0.21491021	0.14457987	0.15069258	-0.13811816	-0.17637864	0.058758523	-0.0966216	-0.047170103	0.32161388	-0.3268532	-0.44050145	-0.2832801	0.4452715	-0.32615468	0.058762692	0.438909	-0.20868595	-0.07959661	0.0006245427	0.1920227	-0.054437567	-0.056028094	0.7036644	-0.50157803	0.19826509
0.10393425	0.14307317	-0.44474676	-0.17943645	-0.7141045	0.21849583	0.13340397	0.15963207	-0.13121325	-0.1978061	0.033748507	-0.11924806	-0.039194096	0.28910822	-0.3154576	-0.43250284	-0.26436597	0.440019	-0.31802416	0.045494158	0.4220027	-0.21414478	-0.056005046	-0.0065348316	0.18458977	-0.045675702	-0.03127335	0.69150597	-0.4773197	0.20191388
0.10309588	0.14069448	-0.47033176	-0.17009027	-0.72257555	0.22410318	0.13781653	0.16599658	-0.14179334	-0.19576608	0.05093226	-0.122660205	-0.046975214	0.32241574	-0.34223384	-0.4633657	-0.27447018	0.4659722	-0.32513785	0.055164985	0.45129225	-0.20782632	-0.068424895	-0.01798294	0.19394444	-0.040358692	-0.046912268	0.73123926	-0.48688906	0.20358406
0.10373395	0.14649461	-0.46944338	-0.17283277	-0.68796694	0.23049605	0.12104746	0.16998678	-0.14689106	-0.18210022	0.048728142	-0.12885286	-0.034437303	0.28653386	-0.32435325	-0.44581127	-0.2716959	0.46723342	-0.30902085	0.0545528	0.4482295	-0.18690443	-0.0724182	0.003220511	0.19846024	-0.05990127	-0.04485015	0.71082914	-0.49308175	0.19565594
0.11016462	0.1594772	-0.44909072	-0.17207512	-0.70916617	0.20048614	0.13816749	0.15098868	-0.13776289	-0.17393388	0.034186356	-0.12694919	-0.03471085	0.28632063	-0.3226043	-0.43874308	-0.27156964	0.45608425	-0.31581825	0.05501025	0.42446664	-0.18915294	-0.064299114	0.010244981	0.1899147	-0.03580578	-0.04463672	0.6710095	-0.47363552	0.18957494
0.10515786	0.14191717	-0.4715236	-0.19625127	-0.73043185	0.1992199	0.15060504	0.16427131	-0.1542391	-0.19962023	0.052299876	-0.13270462	-0.04494088	0.3056789	-0.3092217	-0.46066234	-0.25637782	0.4670685	-0.3104584	0.06487337	0.45267463	-0.20644853	-0.057321005	0.003251407	0.21395664	-0.029960668	-0.026824696	0.7118249	-0.49907354	0.20864658
0.11948431	0.16680455	-0.4699373	-0.19172187	-0.76351976	0.21592489	0.15887989	0.14880158	-0.14938818	-0.21808177	0.055392984	-0.1326106	-0.035536855	0.3379067	-0.34364328	-0.4614337	-0.27802873	0.47282487	-0.33799407	0.052480314	0.46701187	-0.20500161	-0.07443997	-0.010638724	0.1960059	-0.064152844	-0.035280462	0.7334107	-0.53753555	0.20055093
0.13050954	0.16160634	-0.49202934	-0.2064474	-0.718313	0.21388367	0.12783632	0.17844014	-0.15366524	-0.20843929	0.031004524	-0.11347124	-0.016238978	0.30198568	-0.35154745	-0.44664136	-0.26366702	0.48275983	-0.32730445	0.05156243	0.45469695	-0.2077709	-0.07382836	0.016599668	0.22657453	-0.054013055	-0.044758767	0.73856026	-0.49302205	0.19018203
0.12968983	0.13059573	-0.4851931	-0.17081365	-0.7399258	0.22120856	0.13191907	0.15899311	-0.13764866	-0.20421706	0.05254042	-0.12283059	-0.04227311	0.3270784	-0.3174059	-0.4577181	-0.2665235	0.47111568	-0.32426825	0.049899727	0.4386625	-0.19253844	-0.055624634	0.0063182455	0.22394803	-0.040696807	-0.038003616	0.71176517	-0.49891704	0.18601209
0.09723852	0.13755949	-0.46374995	-0.19154175	-0.7003823	0.2103081	0.14473414	0.16984555	-0.12996627	-0.17411236	0.055065144	-0.10899093	-0.031840876	0.31855506	-0.3256713	-0.4364309	-0.26429835	0.45340833	-0.30075943	0.041189965	0.42556733	-0.2130343	-0.06302555	-0.0036569396	0.18418898	-0.04148748	-0.037197623	0.7038039	-0.47717237	0.18473108
0.12060773	0.16238981	-0.47749895	-0.18153422	-0.71728736	0.20321271	0.12643066	0.15038724	-0.1460021	-0.17384799	0.054129053	-0.12570532	-0.036363408	0.3191237	-0.33414888	-0.4409962	-0.28126982	0.47557265	-0.3248416	0.053110987	0.43784744	-0.20317559	-0.07941546	-0.019056385	0.21785934	-0.058431186	-0.052271914	0.7182797	-0.4848304	0.20735097
0.110566966	0.13219586	-0.4142948	-0.18024501	-0.6426267	0.2119719	0.12590884	0.15291083	-0.12548816	-0.17585519	0.023039876	-0.10265943	-0.03588944	0.27863088	-0.28559828	-0.38649425	-0.257274	0.43353513	-0.2969755	0.035863053	0.3958457	-0.1676922	-0.069642045	-0.01467087	0.18779826	-0.024636379	-0.050710104	0.63327473	-0.4552805	0.19377081
0.111308716	0.14540103	-0.43550685	-0.17593643	-0.6487329	0.19560176	0.12059035	0.13431922	-0.13749792	-0.16604552	0.048289683	-0.096867085	-0.037636932	0.28472415	-0.29535478	-0.4250855	-0.26628	0.42905498	-0.2972363	0.047731217	0.42577448	-0.18749513	-0.0739822	0.01249409	0.18375342	-0.039470397	-0.02205728	0.65254736	-0.4698961	0.20737927
0.1034569	0.13591275	-0.447334	-0.18928958	-0.7036959	0.21827662	0.13460283	0.14231448	-0.15581205	-0.19836791	0.046973124	-0.13157764	-0.042406794	0.288174	-0.32044116	-0.42151004	-0.25596848	0.4727348	-0.3249842	0.045980874	0.43114355	-0.18086834	-0.0776363	-0.0031045775	0.1984005	-0.04377329	-0.046787947	0.6984059	-0.48997843	0.1997949
0.1159043	0.1576037	-0.4497754	-0.19208804	-0.69371736	0.2088553	0.1139395	0.15826374	-0.13694875	-0.17501073	0.05984512	-0.12283889	-0.014003888	0.28824404	-0.29726535	-0.42878708	-0.26107433	0.46471226	-0.2949497	0.06684106	0.42585212	-0.1907127	-0.07057677	-0.00484489	0.20945606	-0.038800728	-0.053845543	0.68234104	-0.48296103	0.1895915
0.092929296	0.14143808	-0.47417787	-0.17180213	-0.7293378	0.21820652	0.12411495	0.15457201	-0.15063259	-0.19600986	0.048295293	-0.12218029	-0.035504654	0.29817715	-0.33040175	-0.43264455	-0.27835345	0.47032765	-0.33870476	0.05953974	0.43997413	-0.21022491	-0.08833834	0.004399698	0.21956854	-0.031285103	-0.039528985	0.69657534	-0.4762699	0.19878289
0.09394079	0.1384357	-0.48961452	-0.19311996	-0.72693926	0.21433665	0.13342479	0.15597929	-0.16513035	-0.17977811	0.06256624	-0.12684466	-0.046504322	0.30363417	-0.34966502	-0.45063818	-0.2616109	0.4730803	-0.33634108	0.061383367	0.4456473	-0.2115775	-0.064501666	-0.008274218	0.2034487	-0.05463205	-0.036986932	0.72575533	-0.5048437	0.19412394
0.10730877	0.13880752	-0.48565015	-0.18441406	-0.7462278	0.20695844	0.14435585	0.1620304	-0.1384431	-0.19771063	0.059526768	-0.11891606	-0.024543675	0.33749285	-0.33892485	-0.4420416	-0.27449787	0.4810241	-0.32557112	0.05807263	0.44455746	-0.19523443	-0.08442673	-0.0005358143	0.19013758	-0.050016187	-0.052010614	0.74059343	-0.49078736	0.20466298
0.10140843	0.13070148	-0.46051356	-0.19634633	-0.7148262	0.21071741	0.12257015	0.14721689	-0.15892221	-0.17278516	0.036411937	-0.11320617	-0.036232997	0.3198489	-0.3327614	-0.4286579	-0.267777	0.44873387	-0.32944453	0.04087137	0.44895536	-0.19712754	-0.070101	0.004576935	0.190588	-0.050043955	-0.033909455	0.70478636	-0.4789805	0.20295481
0.113417625	0.13490029	-0.47607368	-0.18308103	-0.7313541	0.23726182	0.1275561	0.1498755	-0.15579411	-0.18647851	0.04688972	-0.10369018	-0.025378637	0.30340084	-0.34150177	-0.45659912	-0.25715005	0.46895394	-0.3242755	0.041252796	0.44758093	-0.19540162	-0.07119294	-0.00072142144	0.19674939	-0.050560847	-0.046349544	0.69807637	-0.47961375	0.191707
0.12028724	0.1496524	-0.4426302	-0.1662355	-0.7151435	0.20395109	0.14606287	0.16516688	-0.13507956	-0.19976293	0.02972367	-0.112957135	-0.01610424	0.31936568	-0.30484292	-0.4263334	-0.25766093	0.44879386	-0.32985586	0.066926055	0.43802997	-0.21301958	-0.06568322	0.0020754926	0.21594335	-0.052921675	-0.03196274	0.6916797	-0.49987274	0.20562659
0.08755033	0.12873864	-0.43730667	-0.17795137	-0.69970375	0.2281313	0.12418968	0.16182911	-0.15221494	-0.19745705	0.058391787	-0.10509855	-0.02564266	0.31217828	-0.3224393	-0.43140066	-0.25589088	0.4311589	-0.29664108	0.05435779	0.4352906	-0.20994192	-0.08563309	0.0017789843	0.18873839	-0.05090129	-0.04780593	0.65927535	-0.48239768	0.20000541
0.101951174	0.15682256	-0.44379726	-0.16660047	-0.7021437	0.20751907	0.13049857	0.15669854	-0.13460676	-0.18539245	0.05606251	-0.11692694	-0.020932741	0.30344716	-0.3207935	-0.4456995	-0.27243024	0.46920222	-0.30844095	0.050496172	0.4231866	-0.19725338	-0.071618944	-0.011807185	0.20184788	-0.041108303	-0.027062183	0.67946047	-0.4977654	0.19057135
0.09745383	0.1451577	-0.4328241	-0.18463512	-0.7020085	0.19393942	0.12163651	0.14052285	-0.13576154	-0.18890777	0.027092509	-0.09981821	-0.045642518	0.28788793	-0.3196888	-0.44036403	-0.24994014	0.44504628	-0.29648772	0.07141848	0.4275226	-0.20531403	-0.07235467	-0.021660559	0.18330318	-0.060290538	-0.04183561	0.6736997	-0.47330815	0.19238059
0.09811045	0.16686293	-0.47400516	-0.18126988	-0.757834	0.24020404	0.13393116	0.15008326	-0.16465007	-0.18187694	0.03653625	-0.13081151	-0.049203746	0.33017945	-0.32796153	-0.46720266	-0.27339923	0.49197796	-0.33439475	0.07034585	0.48186845	-0.1945964	-0.08422758	-0.022332445	0.20108333	-0.041791715	-0.03265186	0.7265983	-0.5280977	0.21144392
0.10255142	0.14428958	-0.46119064	-0.18775359	-0.6885499	0.20829546	0.11928561	0.1466329	-0.12500164	-0.17645416	0.04281877	-0.09905908	-0.049316086	0.2930373	-0.3315257	-0.41618538	-0.25559825	0.46588555	-0.31032032	0.055620015	0.42108524	-0.17794915	-0.071642764	-9.000739e-05	0.20300241	-0.05966998	-0.030255424	0.6730849	-0.47255257	0.2001948
0.11819793	0.16061993	-0.45255062	-0.1722034	-0.7169496	0.22791396	0.11928636	0.16083673	-0.14852192	-0.19957975	0.042966302	-0.10361952	-0.027333498	0.32511333	-0.3257178	-0.43888757	-0.27352235	0.47145027	-0.32000953	0.0572422	0.44001958	-0.2147131	-0.055500116	0.004859587	0.21382134	-0.0497225	-0.028937439	0.7255627	-0.50161606	0.21783662
0.11963629	0.14742562	-0.4548011	-0.16856734	-0.70229614	0.19558784	0.13444002	0.15208198	-0.14670093	-0.19876929	0.05164388	-0.13018899	-0.015474465	0.30479434	-0.3190482	-0.44890666	-0.2674336	0.4380802	-0.3157741	0.05033008	0.43388826	-0.20575371	-0.050540514	-0.0129791275	0.17973256	-0.051078603	-0.053095493	0.6963747	-0.47388542	0.20255625
0.100083515	0.15554033	-0.45824867	-0.17659867	-0.70101035	0.21006061	0.12383987	0.16654062	-0.12772346	-0.19343503	0.040277958	-0.098669395	-0.016059909	0.31446812	-0.31362954	-0.43736187	-0.26239896	0.46787816	-0.31999674	0.057050765	0.428304	-0.20269927	-0.05574264	-0.011417411	0.21142542	-0.056617577	-0.04088846	0.7037186	-0.49559036	0.2080412
0.099029206	0.1601217	-0.47215533	-0.17555226	-0.70032364	0.21876462	0.14669509	0.14850415	-0.1639921	-0.20000833	0.051117968	-0.122345805	-0.04765036	0.32220793	-0.31565547	-0.4227033	-0.2665064	0.46839815	-0.3206997	0.055722486	0.42859292	-0.20565791	-0.06483541	-0.0139800375	0.20490116	-0.04007097	-0.04366586	0.6845416	-0.49903122	0.18629836
0.11944141	0.14687191	-0.4493819	-0.19174322	-0.7209493	0.19954419	0.12519448	0.16182613	-0.16266651	-0.19552076	0.039861456	-0.107523315	-0.019752666	0.3186866	-0.3167995	-0.4290872	-0.2560038	0.47501314	-0.3172158	0.06273815	0.4339935	-0.18949312	-0.052667525	0.003749275	0.19596164	-0.06065029	-0.04011908	0.70221645	-0.48289385	0.20978849
0.11436362	0.16567637	-0.4777374	-0.17132007	-0.7216566	0.21035284	0.13788156	0.1451367	-0.14795792	-0.20462908	0.05999094	-0.10478191	-0.04148463	0.3003059	-0.32949883	-0.44182375	-0.25114915	0.4591657	-0.3051836	0.06834249	0.4478783	-0.21258004	-0.067351356	0.0114672715	0.19499265	-0.037990205	-0.04877036	0.7260035	-0.49691623	0.204512
0.11488438	0.13891089	-0.4616406	-0.19444335	-0.6991527	0.2266368	0.14820318	0.16225475	-0.15696616	-0.16919743	0.034950852	-0.1079713	-0.0184988	0.29673865	-0.31668797	-0.42988193	-0.2505686	0.4730958	-0.29597414	0.054810595	0.43697086	-0.19293974	-0.061658878	-0.007316733	0.21687396	-0.04796365	-0.0280027	0.6902453	-0.4879451	0.19667655
0.09094071	0.14984086	-0.45165166	-0.18275882	-0.699559	0.2230664	0.14147785	0.15160395	-0.13542627	-0.19287392	0.03480145	-0.117649645	-0.04739657	0.28458017	-0.3169413	-0.41920647	-0.26975083	0.44857273	-0.3175056	0.046508912	0.43581277	-0.19690257	-0.06528509	0.0031857325	0.18056087	-0.053573214	-0.02290074	0.6749633	-0.468227	0.20405453
0.08737553	0.15042101	-0.43616068	-0.15260182	-0.6430001	0.20783265	0.13606441	0.14528649	-0.13766791	-0.17648268	0.025215192	-0.09831979	-0.031292364	0.27666387	-0.29125035	-0.4061365	-0.26441813	0.4319162	-0.28907675	0.052552316	0.41020876	-0.19828261	-0.07995317	-0.022536589	0.20071529	-0.024662072	-0.045165993	0.63281775	-0.4584762	0.19173253
0.08773955	0.1419481	-0.44812942	-0.17201476	-0.7076053	0.2234681	0.1379293	0.16029604	-0.13469605	-0.20158279	0.040501133	-0.10691009	-0.044210184	0.31910387	-0.30811882	-0.4362795	-0.27654418	0.45537248	-0.316906	0.039456535	0.4283522	-0.21485694	-0.07814951	-0.00045341195	0.21344976	-0.03126805	-0.025222464	0.6914316	-0.47986293	0.21388867
0.118907355	0.13400798	-0.46189678	-0.2011279	-0.71885604	0.21409754	0.12876116	0.16321822	-0.14181565	-0.2021047	0.029903915	-0.10099341	-0.022270046	0.29968166	-0.32637966	-0.4195273	-0.28980365	0.46210375	-0.32324997	0.07287217	0.428089	-0.20020713	-0.076901466	0.008009627	0.21109618	-0.05832213	-0.056840427	0.7148719	-0.47670832	0.199232
0.11099464	0.13096838	-0.43868873	-0.17711264	-0.702611	0.21533535	0.14273769	0.14898622	-0.13619016	-0.1947115	0.043166146	-0.111162655	-0.022159114	0.32117733	-0.3033571	-0.43461952	-0.24728392	0.44915044	-0.30820277	0.042382196	0.4493169	-0.19868945	-0.055283673	-0.017900502	0.21337889	-0.0590893	-0.038148854	0.706381	-0.47646958	0.19745524
0.11704658	0.15657741	-0.46776846	-0.18000217	-0.6899537	0.22097667	0.11564991	0.16180779	-0.1516599	-0.18600531	0.05302208	-0.097269885	-0.044698186	0.31108335	-0.32183617	-0.44321314	-0.2820151	0.47462338	-0.3077248	0.061095327	0.4443432	-0.18612728	-0.054782502	-0.010763671	0.20547895	-0.03253752	-0.053547397	0.71092814	-0.47874394	0.18730338
0.1115444	0.14101855	-0.45185152	-0.17647804	-0.69505113	0.2272559	0.14850628	0.15964001	-0.15960088	-0.1648516	0.041336678	-0.09872741	-0.042157717	0.28711942	-0.31780434	-0.44239536	-0.26081932	0.4399793	-0.32973897	0.055346653	0.44897187	-0.18146807	-0.057475585	0.0032765933	0.2092447	-0.058379278	-0.037564203	0.6718017	-0.46626747	0.20831384
0.09739397	0.13984564	-0.48017108	-0.19326898	-0.7013719	0.20494533	0.14259392	0.16447076	-0.15397963	-0.18823679	0.059832368	-0.111050494	-0.041598752	0.3141758	-0.3143981	-0.42845497	-0.29235804	0.45608595	-0.3381778	0.07041312	0.44443893	-0.19563699	-0.063437805	-0.0033383127	0.2163022	-0.0418905	-0.042491477	0.72689295	-0.48444456	0.20305672
0.100967385	0.12650903	-0.42796662	-0.1589567	-0.6723147	0.19578433	0.11001991	0.16549994	-0.15171511	-0.19303706	0.031859305	-0.1140461	-0.0335397	0.31188598	-0.3023426	-0.41606256	-0.25026003	0.44625208	-0.29339892	0.064577565	0.4206953	-0.18032603	-0.07091768	-0.0013969	0.18993	-0.037929058	-0.04022392	0.6786582	-0.47469	0.19965558
0.0864923	0.15773225	-0.4550102	-0.17044795	-0.68459827	0.21741636	0.13095617	0.15142003	-0.15667768	-0.16688009	0.043024573	-0.12314143	-0.045164563	0.30862296	-0.3252696	-0.42565823	-0.2593062	0.45204306	-0.31753027	0.05401487	0.42961678	-0.20986703	-0.05497425	-0.015678681	0.2085352	-0.043703143	-0.04098278	0.6829098	-0.46326265	0.19804353
0.08821335	0.14680356	-0.45749348	-0.16957666	-0.7026948	0.20059904	0.12080804	0.16881236	-0.16009814	-0.18347944	0.05740449	-0.12607123	-0.047688797	0.31750283	-0.32334185	-0.4226281	-0.26970878	0.44376072	-0.31361175	0.06018325	0.43554655	-0.20241956	-0.07071207	-0.019261679	0.21114711	-0.054544553	-0.023758566	0.6985808	-0.47581246	0.18816647
0.11615883	0.15182517	-0.46287262	-0.17549491	-0.7163743	0.23798914	0.12074091	0.15666716	-0.15180796	-0.20151132	0.060779043	-0.12434398	-0.049314827	0.31501675	-0.31980768	-0.44947258	-0.2544743	0.46887073	-0.33021462	0.060326148	0.44479316	-0.20069884	-0.0846306	-0.01277551	0.22162749	-0.032031994	-0.04337694	0.70988137	-0.50786847	0.20426238
0.09594616	0.16116177	-0.4749745	-0.20162039	-0.73629004	0.2132206	0.13607344	0.15019584	-0.13817558	-0.18682575	0.03676037	-0.09929818	-0.051755372	0.3078936	-0.34000632	-0.44075012	-0.26934004	0.47814125	-0.33305037	0.05759501	0.45828432	-0.22135065	-0.061531834	0.005680041	0.20707038	-0.06000312	-0.039991755	0.7130168	-0.522085	0.20159428
0.10030333	0.14578924	-0.45672354	-0.18739405	-0.6943968	0.21115674	0.12074928	0.15010312	-0.13257904	-0.19253309	0.027032314	-0.09748364	-0.039335765	0.31483573	-0.32320824	-0.4136049	-0.25924632	0.4513716	-0.29573566	0.050857276	0.4344979	-0.18093842	-0.08133081	-0.0006762866	0.18860082	-0.03903918	-0.038413182	0.6787344	-0.4870152	0.2129051
0.09408009	0.13328724	-0.47350577	-0.17749713	-0.7140431	0.21532673	0.13807668	0.14723104	-0.15451917	-0.1764349	0.03743498	-0.11308771	-0.032407705	0.30275443	-0.32935706	-0.4376024	-0.2864638	0.46792006	-0.33446005	0.06347994	0.44481492	-0.18517686	-0.06761502	-0.007251061	0.22106858	-0.05783678	-0.04250538	0.71560305	-0.477709	0.19183548
0.10175278	0.15976985	-0.46848264	-0.16700341	-0.72785306	0.22707878	0.12765677	0.15660235	-0.13841806	-0.20564273	0.045370415	-0.1032004	-0.0347427	0.31694886	-0.32271317	-0.4502154	-0.27974376	0.47288984	-0.3124349	0.06962161	0.4351446	-0.20221189	-0.06993611	0.011938337	0.22435774	-0.038149115	-0.043523144	0.6965611	-0.4815382	0.19555128
0.08993086	0.15127747	-0.44691047	-0.1918271	-0.7020959	0.23494999	0.123895586	0.15834412	-0.13553122	-0.18410715	0.050472155	-0.12423631	-0.046708606	0.32813329	-0.32065094	-0.45872933	-0.2730557	0.45402873	-0.3337239	0.060500883	0.45296043	-0.1955153	-0.07470151	0.007248419	0.20521505	-0.045149986	-0.04467788	0.70498836	-0.49566907	0.19778813
0.08799838	0.15391378	-0.47164997	-0.16883296	-0.72039104	0.2049812	0.14699619	0.15766984	-0.1543696	-0.18506333	0.05966813	-0.114128605	-0.044075184	0.327702	-0.321919	-0.4626403	-0.27247506	0.46391124	-0.32755306	0.05406258	0.46012124	-0.20657761	-0.07503291	-0.011963865	0.22068782	-0.03237158	-0.048453216	0.7199805	-0.50694346	0.1893229
0.07928489	0.12162049	-0.42516452	-0.17475969	-0.6242678	0.19777486	0.12378797	0.124845766	-0.11845559	-0.17855246	0.025667075	-0.091826	-0.02428779	0.2863693	-0.29735082	-0.38369817	-0.25465068	0.41625264	-0.27475792	0.05369291	0.3822281	-0.18616389	-0.07644589	-0.016418923	0.19346459	-0.042824026	-0.048608292	0.64210683	-0.44050628	0.18460667
0.11443381	0.14366409	-0.45628816	-0.16760774	-0.69642663	0.21446596	0.13653627	0.17597258	-0.13660334	-0.19312848	0.034008406	-0.13402909	-0.04086699	0.2944401	-0.32513294	-0.44809037	-0.28433505	0.46754882	-0.31684324	0.047361057	0.4414069	-0.19843552	-0.058220465	-0.01024219	0.20681146	-0.052167315	-0.048319858	0.6914697	-0.5048025	0.21508451
0.12560166	0.16581063	-0.4696322	-0.18502258	-0.7256768	0.2068572	0.11791018	0.16192079	-0.16255733	-0.20192134	0.044470966	-0.10131118	-0.020539436	0.32797	-0.3141413	-0.43774346	-0.28207386	0.48161337	-0.33881745	0.049930234	0.45201367	-0.1992965	-0.05772719	-0.012420214	0.22868589	-0.05269717	-0.038465064	0.72599924	-0.4809327	0.20953044
0.120612614	0.14713308	-0.45053422	-0.17861821	-0.70965797	0.21031027	0.1502031	0.1682567	-0.13344373	-0.19274445	0.046226747	-0.113597535	-0.021321153	0.31179908	-0.3204469	-0.43469143	-0.26951888	0.48404744	-0.32977188	0.050524365	0.45360678	-0.20920965	-0.066741735	0.013377479	0.18876682	-0.042495925	-0.04105045	0.7169336	-0.47865573	0.19060913
0.10015138	0.15202999	-0.46206295	-0.19022344	-0.7101345	0.22596453	0.15038896	0.15752843	-0.14607008	-0.20108558	0.060094334	-0.11325325	-0.049421906	0.3192523	-0.3249985	-0.457044	-0.2731013	0.46663854	-0.31727082	0.04316894	0.45080915	-0.21670444	-0.055593226	0.010225157	0.20819801	-0.040607497	-0.041639958	0.7128751	-0.48921213	0.198856
