-0.6955032	0.19195814	-0.2632987	0.49801636	0.44118026	-0.26719293	-0.06604061	-0.06170605	0.08612107	-0.20604742	-0.72160864	0.18096045	0.05751678	0.6140319	-0.44997573	-0.15764235	-0.042691104	-0.4018095	-0.31353194	-0.33404478	0.20441984	0.37247992	0.088975884	0.5510496	-0.45238122	0.6097201	0.039504413	0.2365799	-0.40691495	-0.0073209805
-0.6969132	0.18273458	-0.24396086	0.50412476	0.42619693	-0.28790605	-0.09240767	-0.08500571	0.09579148	-0.18742216	-0.70776576	0.18868637	0.047520168	0.6141743	-0.45139307	-0.18249047	-0.04183019	-0.38837975	-0.31748694	-0.34707955	0.22539584	0.37939948	0.087028734	0.5573736	-0.47613326	0.59663016	0.021679275	0.23169649	-0.4081962	-0.015622997
-0.6857046	0.20128112	-0.263008	0.47640887	0.4181422	-0.2818104	-0.089075096	-0.07207562	0.072755404	-0.19868162	-0.70608824	0.1818832	0.048675537	0.5743982	-0.4319018	-0.15445986	-0.029662235	-0.38898793	-0.3266302	-0.3351029	0.21346976	0.3872829	0.07953254	0.5508499	-0.4544537	0.5902631	0.009768435	0.24369779	-0.39881957	-0.010402927
-0.70439464	0.18312538	-0.27093285	0.4856471	0.4493013	-0.25988063	-0.08289305	-0.07191871	0.07508838	-0.20056556	-0.73165965	0.19840139	0.0337662	0.59463227	-0.44133914	-0.17040828	-0.054260068	-0.4022062	-0.3236371	-0.3246104	0.2041097	0.40171263	0.10949422	0.5495301	-0.47532138	0.6231721	0.035533663	0.25504526	-0.40885568	0.013304778
-0.670353	0.1987165	-0.2606604	0.48046792	0.41142774	-0.2761829	-0.07169173	-0.08586015	0.07325201	-0.16756344	-0.67333984	0.1926068	0.033893734	0.57728964	-0.42180145	-0.1528062	-0.051723804	-0.37872595	-0.31830758	-0.32508966	0.19755039	0.3838968	0.08969664	0.53662246	-0.45047003	0.5731228	0.010485203	0.247223	-0.38301766	-0.013836508
-0.6667794	0.20185564	-0.25073195	0.48365837	0.40105304	-0.27753603	-0.07618665	-0.07882558	0.087240554	-0.19873089	-0.6777484	0.19872238	0.048173428	0.58247894	-0.4247524	-0.17278276	-0.037645806	-0.3688072	-0.31504458	-0.32228425	0.19108917	0.38612124	0.10605901	0.5176912	-0.449237	0.6010156	0.015542776	0.23142038	-0.39219835	0.00501071
-0.70242566	0.17698306	-0.265175	0.5103961	0.4447277	-0.28213888	-0.06499285	-0.07608771	0.076072	-0.19566375	-0.70663697	0.19037904	0.047987934	0.60715467	-0.4388296	-0.17214069	-0.04700927	-0.40850464	-0.31873178	-0.3176444	0.20216572	0.37469897	0.11340159	0.56431526	-0.4755352	0.60181165	0.0295222	0.24370214	-0.39772382	-0.008482193
-0.6387072	0.19297186	-0.2376356	0.4389493	0.41270757	-0.25776997	-0.08215457	-0.052137125	0.09236999	-0.17172876	-0.64674467	0.19126157	0.051013727	0.55596024	-0.40808442	-0.16942713	-0.02605344	-0.3585914	-0.30223536	-0.31507966	0.21003792	0.35328737	0.09215968	0.5201692	-0.43550974	0.5700918	0.037332375	0.20929965	-0.35472226	0.015786996
-0.69114125	0.19634245	-0.26741156	0.48691615	0.4350969	-0.2539765	-0.07279314	-0.068863496	0.0957714	-0.17480437	-0.6965318	0.20256135	0.03401822	0.59216774	-0.43920964	-0.17238873	-0.036782056	-0.37416595	-0.332133	-0.30774844	0.1930675	0.36995023	0.086817294	0.54830754	-0.45004246	0.5965933	0.021351332	0.23843856	-0.39257532	0.0061499965
-0.62069863	0.16978626	-0.24830736	0.4177649	0.3855141	-0.23768683	-0.08053607	-0.062878296	0.08561218	-0.15177047	-0.6282304	0.16776098	0.051758077	0.52186286	-0.39948678	-0.16797899	-0.05244002	-0.35926798	-0.28764018	-0.30452156	0.2012089	0.3453332	0.08118422	0.49332806	-0.40894705	0.5474596	0.025413806	0.21435578	-0.36011943	0.008914791
-0.60846084	0.18755163	-0.24818751	0.43225732	0.38614437	-0.24763145	-0.08534209	-0.07515599	0.0835363	-0.15827823	-0.64535767	0.19018582	0.039466184	0.5367743	-0.38135213	-0.16578186	-0.04580803	-0.3651698	-0.27828696	-0.3000572	0.18506733	0.3434885	0.093169354	0.48692626	-0.41054466	0.5313037	0.014864183	0.22146796	-0.36048773	0.0037019928
-0.6739471	0.18882568	-0.24345125	0.48184797	0.40875968	-0.27994543	-0.08970126	-0.061647736	0.07992568	-0.18277992	-0.6773299	0.17511201	0.04889412	0.5681552	-0.4127381	-0.16143076	-0.040651653	-0.378862	-0.30955398	-0.31373185	0.21943268	0.3857381	0.09352349	0.5360931	-0.45142874	0.5827622	0.03803759	0.24088654	-0.38608235	-0.0021608893
-0.6692845	0.2030129	-0.26257244	0.48012385	0.41488186	-0.25187275	-0.089015186	-0.0839269	0.07020096	-0.19082254	-0.69110584	0.20763072	0.032203704	0.5898602	-0.4468645	-0.17600942	-0.029528001	-0.3741707	-0.30121872	-0.32109195	0.21267323	0.36693338	0.09917654	0.54611987	-0.4754624	0.5843849	0.026995894	0.24422829	-0.3900759	0.011772462
-0.7021828	0.18952514	-0.24805336	0.49888217	0.44480014	-0.2790682	-0.09078872	-0.07773592	0.089216545	-0.18384992	-0.71219677	0.1883823	0.038916707	0.60804063	-0.45439425	-0.17832091	-0.04582263	-0.41140044	-0.31869468	-0.34019828	0.20492809	0.38673845	0.10587919	0.5439622	-0.4522209	0.6012851	0.023271319	0.25133452	-0.40159145	-0.013397739
-0.65322465	0.17964138	-0.24103959	0.4773325	0.39939097	-0.25782698	-0.07893974	-0.08117368	0.068995096	-0.17082474	-0.6692648	0.17573386	0.040286843	0.5496337	-0.41454655	-0.15461132	-0.024193458	-0.36521408	-0.31762728	-0.32693705	0.19219345	0.3695674	0.10436809	0.52668774	-0.44907108	0.580267	0.041642934	0.22408505	-0.38483414	0.0057791923
-0.66715413	0.1815215	-0.248343	0.4649088	0.40066254	-0.25949833	-0.076075904	-0.06569539	0.09427909	-0.19470422	-0.7054026	0.20293541	0.03776272	0.5943044	-0.4144309	-0.17886518	-0.04376302	-0.39239576	-0.32733083	-0.33137724	0.18681955	0.3833873	0.10397897	0.5397316	-0.46068877	0.5898604	0.014074711	0.24582848	-0.36886644	0.017288672
-0.65791875	0.17385308	-0.22916834	0.46469742	0.41278213	-0.24494678	-0.07399205	-0.07557956	0.07350007	-0.19247909	-0.64742815	0.17920358	0.030689152	0.56806487	-0.3959764	-0.15262479	-0.023069385	-0.3774265	-0.2922381	-0.31089088	0.20023121	0.3673879	0.09856207	0.49558538	-0.4471341	0.563281	0.027878609	0.22451133	-0.3717944	0.005132942
-0.6747258	0.1744704	-0.25044888	0.49494472	0.4228332	-0.25201318	-0.08304722	-0.06138236	0.07505087	-0.17910397	-0.709332	0.20608672	0.027730437	0.5969342	-0.42753848	-0.18232673	-0.052141782	-0.3945214	-0.3316295	-0.31880653	0.21051508	0.38865563	0.10224414	0.5345124	-0.46339247	0.5744334	0.020790588	0.23110978	-0.39131275	-0.014322125
-0.5406651	0.15971082	-0.20806125	0.38480893	0.3196925	-0.199815	-0.06311919	-0.04497519	0.04712945	-0.14032954	-0.5343859	0.16030887	0.047661163	0.443797	-0.3440798	-0.13874546	-0.015663885	-0.31693178	-0.23024042	-0.23503038	0.1541432	0.30536094	0.088770695	0.40607893	-0.34708804	0.4632483	0.021435175	0.17884769	-0.3158376	-0.014412323
-0.6344068	0.17552663	-0.23817006	0.4517834	0.39814636	-0.26670966	-0.073050484	-0.06798186	0.09306899	-0.1710977	-0.65485966	0.17173977	0.04188948	0.5749491	-0.4005207	-0.16985655	-0.02551605	-0.36384302	-0.3115936	-0.32781714	0.20644125	0.35320735	0.10332992	0.52923644	-0.44980937	0.5726549	0.024000539	0.22878382	-0.3621626	0.0070871
-0.6586786	0.18125343	-0.24209656	0.454401	0.41082785	-0.25318798	-0.062017236	-0.072803564	0.081258856	-0.16653462	-0.6837194	0.19656739	0.050602883	0.5819917	-0.4325214	-0.16259171	-0.04637097	-0.36039886	-0.29643396	-0.32068956	0.18765226	0.38192326	0.102988966	0.5117296	-0.44806853	0.5570886	0.028480414	0.23148637	-0.38278314	-0.0026769824
-0.6823095	0.2014133	-0.26200548	0.4786214	0.4248395	-0.27800888	-0.06380289	-0.08976243	0.083407775	-0.20274527	-0.6958207	0.18907097	0.04365474	0.59650576	-0.4241646	-0.1708698	-0.048187494	-0.39231214	-0.325402	-0.32594588	0.19401947	0.3898297	0.111533396	0.55558366	-0.4576456	0.59682924	0.036282264	0.22820255	-0.3983033	0.012405895
-0.64040303	0.18522297	-0.24323118	0.46050772	0.39292648	-0.24467629	-0.07765125	-0.055626497	0.07855241	-0.17365217	-0.6650547	0.1696599	0.04333712	0.56564534	-0.41393965	-0.17044064	-0.046428498	-0.34780446	-0.30894047	-0.2948249	0.17909436	0.36677858	0.08005924	0.4929081	-0.4409176	0.55635226	0.035163775	0.23377144	-0.35060298	0.010753907
-0.62009424	0.16874698	-0.25469342	0.45602402	0.40854844	-0.24636568	-0.07685732	-0.07893803	0.09282933	-0.15875404	-0.639644	0.18483758	0.05078229	0.56062096	-0.3885358	-0.14673269	-0.032907337	-0.34823114	-0.296362	-0.3181313	0.19936985	0.3618896	0.10298164	0.4985661	-0.44405943	0.55755407	0.03739693	0.21256094	-0.35077184	0.010838814
-0.65207136	0.19036835	-0.23971422	0.44527104	0.40577388	-0.23492482	-0.05966618	-0.06007586	0.079004556	-0.17373729	-0.6360989	0.16468635	0.03475939	0.5412124	-0.3923891	-0.14446661	-0.02383338	-0.3585055	-0.28570983	-0.29677567	0.20704228	0.36665598	0.0739004	0.5155747	-0.43005973	0.5598707	0.02011424	0.22360581	-0.3707029	0.009736857
-0.58777094	0.17306785	-0.21133204	0.43922734	0.3611278	-0.22960223	-0.08542998	-0.07006521	0.073764674	-0.17160825	-0.62487745	0.18697685	0.030902239	0.5233236	-0.37404472	-0.14639986	-0.02898525	-0.35503575	-0.29251793	-0.2733915	0.17060556	0.3393242	0.10111991	0.4669983	-0.39270094	0.5368632	0.021130012	0.20267229	-0.36061853	0.01585968
-0.60106444	0.17495076	-0.23527484	0.4141898	0.3822636	-0.24568579	-0.080492705	-0.05528723	0.071138576	-0.17240344	-0.5989072	0.16392693	0.025756208	0.52530223	-0.3857325	-0.14205305	-0.050294258	-0.34865713	-0.27909917	-0.27297702	0.18843326	0.34268934	0.072799556	0.45601925	-0.41110632	0.52458376	0.03300589	0.20689692	-0.34185505	0.001245797
-0.6561785	0.18361738	-0.26783612	0.48088044	0.41723374	-0.2751914	-0.066715725	-0.08022318	0.077007435	-0.18669184	-0.6657989	0.20453963	0.031290606	0.5694306	-0.42159286	-0.1516059	-0.032304525	-0.38201544	-0.30562997	-0.30729946	0.19025351	0.38161665	0.08373019	0.5293324	-0.46172455	0.5764823	0.019357085	0.21525517	-0.37678894	0.014607988
-0.65365076	0.18186772	-0.2285763	0.4508206	0.40440437	-0.26891163	-0.05886069	-0.05487289	0.06369621	-0.16617048	-0.65695596	0.20012927	0.033481497	0.54934967	-0.39303568	-0.16313663	-0.049352244	-0.36496925	-0.30199707	-0.30359247	0.18290733	0.3637572	0.07486365	0.5004814	-0.44901693	0.5635317	0.023575062	0.21806438	-0.35928687	0.0087095555
-0.5881116	0.1554966	-0.21641225	0.42180046	0.3725625	-0.21703199	-0.07438137	-0.059552964	0.06629984	-0.15038921	-0.6132654	0.15008265	0.040824413	0.50732833	-0.3775826	-0.13776848	-0.049524255	-0.3357383	-0.26695275	-0.2635564	0.18491541	0.33019486	0.08125013	0.47158307	-0.3958946	0.53180736	0.008212902	0.20789687	-0.33826602	-0.00029908167
-0.5161918	0.14528328	-0.2089483	0.37479702	0.31597373	-0.20476551	-0.07103433	-0.057900894	0.06090546	-0.15634851	-0.5152095	0.16001266	0.034099817	0.45429546	-0.34072393	-0.12277881	-0.045387585	-0.28797504	-0.2564291	-0.23788315	0.14440003	0.3049092	0.06652678	0.42123616	-0.3366345	0.46703178	0.036517292	0.18053399	-0.29667982	0.0030161506
-0.65610135	0.1712057	-0.24811342	0.46094733	0.38396809	-0.26702687	-0.07175909	-0.05724654	0.07805197	-0.18467076	-0.6664598	0.19441134	0.05477803	0.5506568	-0.40762308	-0.14455862	-0.023557968	-0.37017325	-0.30165318	-0.29817903	0.19539711	0.35987556	0.07395806	0.5147837	-0.4239611	0.5524627	0.031961996	0.22495525	-0.3621647	-0.0072883074
-0.65239197	0.19064753	-0.245156	0.45466915	0.38932705	-0.2540244	-0.0587337	-0.07450751	0.08564048	-0.17913546	-0.66061443	0.19783029	0.029847713	0.56434697	-0.4013807	-0.16146718	-0.029666828	-0.35006282	-0.2878882	-0.32326984	0.19627805	0.34756675	0.09084387	0.5014185	-0.42194775	0.5728069	0.03619126	0.2222363	-0.36124048	-0.012083504
-0.49356982	0.15568036	-0.2002171	0.37248716	0.33057743	-0.18432061	-0.07572576	-0.04455064	0.060396362	-0.1448087	-0.5162082	0.12808023	0.033388313	0.455896	-0.32171702	-0.12189743	-0.033498205	-0.2912109	-0.24846049	-0.23789284	0.14638627	0.2737872	0.06913734	0.4023891	-0.35376006	0.456171	0.01264496	0.18648742	-0.3021563	0.005063714
-0.6750834	0.18446587	-0.25935358	0.4771174	0.42390424	-0.2866255	-0.07520998	-0.08182553	0.07688725	-0.20069538	-0.70519435	0.18729252	0.04036171	0.58259916	-0.4485466	-0.16134004	-0.05634057	-0.37358996	-0.3335394	-0.33507136	0.19708914	0.38583407	0.10717926	0.5331628	-0.47874448	0.601406	0.037285287	0.23111312	-0.39236292	0.002393308
-0.63670087	0.17777152	-0.23772739	0.46262252	0.39407557	-0.2531778	-0.064560875	-0.056366667	0.09386939	-0.1905701	-0.6744853	0.17662083	0.042798165	0.5470405	-0.40070817	-0.16687924	-0.04352924	-0.35159037	-0.3017929	-0.2933652	0.20505784	0.3679082	0.08232018	0.5100455	-0.45033255	0.5502659	0.026409296	0.21270774	-0.3725409	-0.0061690733
-0.62783784	0.17394957	-0.2246484	0.44995797	0.39266768	-0.25568697	-0.064534	-0.0779834	0.08676617	-0.17466249	-0.6308553	0.18167585	0.04074283	0.5622934	-0.4004139	-0.14663501	-0.03239819	-0.34459633	-0.28293622	-0.31363982	0.18626107	0.3536763	0.09952014	0.4936555	-0.41068172	0.56429833	0.0096335495	0.2292838	-0.3579303	-0.008193997
-0.53209686	0.1362351	-0.20988141	0.35404724	0.32992715	-0.19364972	-0.068709254	-0.038379345	0.07672217	-0.13390805	-0.5285325	0.14426826	0.038409345	0.46265012	-0.33257887	-0.13735999	-0.013495786	-0.30544773	-0.23148215	-0.24642284	0.14037845	0.2861256	0.08935317	0.4021504	-0.3533163	0.44361994	0.03510129	0.17475234	-0.31113207	-0.011310178
-0.6149984	0.16423798	-0.24265964	0.4465267	0.38652858	-0.24918969	-0.072418876	-0.06221067	0.07879499	-0.15768304	-0.6160894	0.19047557	0.02685117	0.5388775	-0.3834128	-0.14456221	-0.022467004	-0.34027374	-0.29351458	-0.2990924	0.1951805	0.3440878	0.09518443	0.48293296	-0.40650588	0.5236907	0.039413515	0.21466617	-0.3607568	-0.007052102
-0.5642842	0.14100137	-0.22795439	0.40112087	0.34699637	-0.21543758	-0.06290234	-0.064330034	0.065079235	-0.1586369	-0.56074625	0.15155153	0.03754978	0.49876648	-0.35918748	-0.14216319	-0.020144744	-0.31632707	-0.26896852	-0.25370026	0.17943864	0.31365627	0.07135624	0.45243526	-0.37442616	0.47611782	0.013266656	0.20781483	-0.33520013	-0.0037104515
-0.61993486	0.15522392	-0.22525086	0.42932826	0.36674386	-0.23745766	-0.0647099	-0.06634108	0.058092657	-0.1580583	-0.6211636	0.18378855	0.043204334	0.52208865	-0.39852613	-0.16220507	-0.03359422	-0.3530656	-0.29592523	-0.29955965	0.19101267	0.34087223	0.1009464	0.4647466	-0.42372793	0.527894	0.027365329	0.22068305	-0.3447324	-0.009133483
-0.69009906	0.17833641	-0.25539047	0.46878383	0.42708924	-0.26084056	-0.06512817	-0.06315266	0.07563707	-0.19374275	-0.6968904	0.19749266	0.035736457	0.5851881	-0.44006547	-0.15970036	-0.050406374	-0.39683124	-0.33161607	-0.3342168	0.20851889	0.37376186	0.08172937	0.5507393	-0.45431617	0.6008622	0.037517108	0.2501913	-0.3933022	0.017934496
-0.69112086	0.17275895	-0.26867253	0.47216308	0.42018774	-0.28136694	-0.09512145	-0.07001892	0.08587404	-0.18661018	-0.7146457	0.19345976	0.034026477	0.57967895	-0.44073957	-0.15223956	-0.045928545	-0.40318462	-0.3298913	-0.3243152	0.1954813	0.38371417	0.09207938	0.55537	-0.4582403	0.60694355	0.017391859	0.22557923	-0.39175984	-0.009023816
-0.5459354	0.16574554	-0.20405345	0.40497407	0.36215854	-0.20873085	-0.062360596	-0.05796699	0.08161871	-0.15733361	-0.5877624	0.16070288	0.041627698	0.48699075	-0.35637587	-0.14606954	-0.018766603	-0.3327053	-0.2702465	-0.25235838	0.18197381	0.3024005	0.07984078	0.44043362	-0.37436268	0.47853556	0.014726035	0.19428101	-0.33848044	-0.000103542545
-0.51804066	0.16092497	-0.20363863	0.36466554	0.3281852	-0.19870897	-0.07272865	-0.049534503	0.053396523	-0.13269532	-0.5358048	0.1353177	0.02099502	0.47303423	-0.34592357	-0.1321984	-0.03025059	-0.30089545	-0.24390334	-0.23995875	0.16928317	0.28144553	0.08030493	0.415193	-0.34942412	0.4722825	0.010988021	0.17135811	-0.29572093	0.0034578093
-0.54786265	0.13662302	-0.19239199	0.3720285	0.3382934	-0.20542459	-0.07986735	-0.061075207	0.049202897	-0.13324216	-0.554714	0.14051089	0.029682001	0.47480506	-0.34502113	-0.14182119	-0.014861238	-0.3185397	-0.2471405	-0.2563316	0.15097435	0.304573	0.07096003	0.44390383	-0.36325294	0.4925679	0.032125227	0.19840875	-0.29673856	-0.0068793967
-0.5500929	0.16422094	-0.20789091	0.38119024	0.35820794	-0.21852614	-0.07810467	-0.0445138	0.064535275	-0.15849647	-0.5720637	0.14227135	0.036378905	0.4696328	-0.36879528	-0.15454903	-0.041663297	-0.325167	-0.26551583	-0.27052507	0.1611305	0.31123918	0.08230648	0.44198108	-0.37958905	0.4710319	0.0074913832	0.18864691	-0.33492005	0.016340317
-0.5754635	0.17300367	-0.22503665	0.4183901	0.3427372	-0.20558898	-0.06374668	-0.05961654	0.05822289	-0.1583094	-0.58246857	0.16585703	0.047059625	0.50891227	-0.3651192	-0.13113657	-0.017523246	-0.3086781	-0.2578427	-0.2644614	0.19011638	0.32154736	0.06506279	0.4679445	-0.375159	0.48605868	0.029886585	0.19918741	-0.32211846	-0.016134646
-0.6824116	0.18944013	-0.2648233	0.46240386	0.40886557	-0.25094703	-0.08346527	-0.082186736	0.07808208	-0.1897272	-0.6949019	0.20552284	0.03829966	0.5910844	-0.43453482	-0.18032439	-0.02916514	-0.36733922	-0.30122954	-0.3081034	0.21306719	0.37880167	0.095591106	0.5203253	-0.4477919	0.59424794	0.020838624	0.23027697	-0.3823021	-0.009544507
-0.62143254	0.18020876	-0.2443841	0.42574266	0.38422212	-0.22852315	-0.06562335	-0.06364209	0.07562624	-0.16938348	-0.6205101	0.18252124	0.028342744	0.5372382	-0.3906419	-0.15565583	-0.03957599	-0.33714077	-0.29570994	-0.28477842	0.19999583	0.33685562	0.084649235	0.49616995	-0.4214867	0.5373316	0.029065732	0.22606434	-0.33165598	0.008803961
-0.5255074	0.15516034	-0.19698077	0.39532822	0.3274322	-0.1996248	-0.0711205	-0.04848755	0.054528106	-0.15556636	-0.5396791	0.14289561	0.03337843	0.47173297	-0.33575734	-0.123959765	-0.040193174	-0.3186992	-0.24948187	-0.25801614	0.16885163	0.30401003	0.059950873	0.432773	-0.36536247	0.45100865	0.027348626	0.17940709	-0.30001125	-0.0030408108
-0.5455953	0.15839586	-0.220154	0.3994253	0.34510964	-0.20786536	-0.051065862	-0.063239716	0.06566391	-0.15302579	-0.5600316	0.16549394	0.04944564	0.49268055	-0.35840234	-0.13628092	-0.03350071	-0.29665577	-0.24518988	-0.26906368	0.1732087	0.29175818	0.08704172	0.43376407	-0.38414136	0.48416185	0.029339107	0.20573603	-0.3274864	0.0075418064
-0.6656229	0.19227509	-0.24690771	0.45635423	0.39826667	-0.24890436	-0.08156552	-0.05523045	0.0663418	-0.18927741	-0.67969733	0.19525515	0.026764268	0.5876962	-0.41520834	-0.16544263	-0.029782156	-0.3646197	-0.30234224	-0.3333336	0.21335515	0.38178867	0.07592574	0.532205	-0.4326983	0.57132494	0.024810383	0.21931207	-0.38978177	-0.006649994
-0.49038562	0.13488786	-0.17543949	0.33837765	0.30524585	-0.19579594	-0.06398994	-0.06741642	0.07655009	-0.14366801	-0.5047899	0.15809655	0.027340459	0.42643225	-0.32952198	-0.1154439	-0.017764127	-0.27777055	-0.22825338	-0.2533338	0.15896276	0.2955531	0.06790607	0.39152265	-0.33493492	0.43263617	0.0034178086	0.18512045	-0.27333304	-0.0012578188
-0.5487029	0.13691741	-0.20246726	0.36103556	0.3419557	-0.19287471	-0.05468163	-0.05288162	0.05562902	-0.14526464	-0.54157084	0.13646248	0.031635236	0.46885103	-0.33185416	-0.11594074	-0.014067107	-0.30608195	-0.25593334	-0.2409706	0.1720561	0.3075794	0.09004765	0.42726496	-0.3553052	0.46370795	0.019168219	0.18535514	-0.29536617	-0.0052742506
-0.5627059	0.17960906	-0.20401546	0.39983156	0.37394443	-0.21597768	-0.05553148	-0.0447719	0.057174273	-0.17503227	-0.5983208	0.14753559	0.05110834	0.49744874	-0.36824727	-0.15378395	-0.029559096	-0.31400576	-0.25629085	-0.28043288	0.16952564	0.33755937	0.09284181	0.46150637	-0.4007521	0.5240514	0.014655863	0.22014475	-0.32989943	0.008800336
-0.6204498	0.16680335	-0.2428337	0.44678316	0.4054469	-0.24866784	-0.071008384	-0.074604996	0.09044842	-0.15921871	-0.6382226	0.19201744	0.036707923	0.5339037	-0.38287845	-0.16379061	-0.046695367	-0.3540077	-0.27905938	-0.29211152	0.19756716	0.3475913	0.0889306	0.5065578	-0.41810176	0.5500998	0.035577815	0.21761699	-0.36470285	-0.0114908
-0.65840966	0.16810322	-0.26690385	0.47088575	0.39657438	-0.26342088	-0.092531316	-0.06437739	0.075802445	-0.17657161	-0.6918117	0.19561103	0.041719813	0.5696518	-0.43013626	-0.16809213	-0.027682768	-0.39212048	-0.30236533	-0.31966043	0.21244337	0.3888402	0.10875156	0.51633954	-0.43614146	0.5877854	0.027954297	0.24216107	-0.3815632	0.017082805
-0.5388867	0.17146869	-0.21102414	0.38308626	0.35356048	-0.21575919	-0.06514895	-0.042124223	0.0703514	-0.16181259	-0.55252945	0.13748954	0.023641542	0.48015365	-0.3390133	-0.14958292	-0.04339909	-0.31392416	-0.2424158	-0.25609764	0.16832432	0.31565854	0.08830477	0.44868493	-0.35414758	0.48969778	0.015915446	0.18495752	-0.3219651	-0.012007351
-0.45623264	0.11240861	-0.1553765	0.31558308	0.28154537	-0.16163592	-0.037166335	-0.033999458	0.040087506	-0.11922698	-0.4655824	0.1393916	0.016182404	0.41083014	-0.30301765	-0.09675458	-0.009799476	-0.259578	-0.22538643	-0.2175883	0.13326474	0.24062267	0.04766437	0.375588	-0.29621583	0.41201848	0.0022331688	0.15495735	-0.24454671	0.012172858
-0.5866814	0.14459783	-0.2321783	0.39531595	0.36935198	-0.21460399	-0.060720615	-0.068840764	0.06797624	-0.15123354	-0.5958267	0.15571682	0.020161152	0.5028529	-0.37651277	-0.13268693	-0.050071083	-0.33215505	-0.25466317	-0.25952992	0.188225	0.3163488	0.070459105	0.4413859	-0.3980725	0.51664263	0.03276983	0.21543866	-0.3468043	-0.0032751213
-0.36534727	0.09066858	-0.13066635	0.2552626	0.23418519	-0.14171948	-0.031064648	-0.024321463	0.03801771	-0.08564409	-0.36315307	0.10106163	0.006459376	0.31423095	-0.231264	-0.0825902	-0.014523827	-0.2093127	-0.1630124	-0.1671759	0.112545714	0.18975647	0.04388922	0.2641001	-0.23752645	0.3179659	0.028641326	0.109639265	-0.19252141	-0.009465938
-0.62228495	0.17965648	-0.23248874	0.4334754	0.38545206	-0.26330537	-0.0754244	-0.081284545	0.06294613	-0.16886857	-0.6548635	0.181751	0.037108988	0.55361617	-0.38352463	-0.15456904	-0.03413299	-0.35536513	-0.28057805	-0.3091343	0.20905681	0.3448709	0.077698015	0.51351863	-0.43036652	0.55880153	0.0137874	0.21033978	-0.35398588	0.007146721
-0.55022615	0.16170341	-0.19902556	0.38715342	0.32175982	-0.19335984	-0.07827689	-0.06733552	0.06695307	-0.15242535	-0.5422366	0.16006473	0.046056114	0.4709935	-0.3453171	-0.13102525	-0.022086732	-0.31151345	-0.26447302	-0.25873643	0.14845154	0.29219323	0.07839618	0.41167983	-0.36030912	0.46101418	0.020634284	0.1784282	-0.29323846	0.014815318
-0.5414624	0.13426918	-0.20476682	0.37228072	0.3379192	-0.2135155	-0.057040934	-0.07091251	0.071875125	-0.14969923	-0.5413591	0.14235	0.043776426	0.4707511	-0.3251246	-0.14732787	-0.039080463	-0.30526167	-0.26363578	-0.26599824	0.16116242	0.28241268	0.063332975	0.42775294	-0.3407816	0.4575054	0.0144793065	0.19245158	-0.30471188	-0.013864054
-0.49118355	0.15735248	-0.2002638	0.37235448	0.32942602	-0.20242545	-0.055245716	-0.06837607	0.06538415	-0.14041537	-0.5249069	0.13362621	0.040839348	0.4254833	-0.31547832	-0.11281247	-0.018164357	-0.30113193	-0.22627443	-0.22409366	0.14211813	0.27962065	0.06527711	0.39560488	-0.33836296	0.43957183	0.009252934	0.18074718	-0.2731998	0.007968904
-0.39261627	0.109267056	-0.16391279	0.29641765	0.23635012	-0.1607532	-0.045244567	-0.045208007	0.06515744	-0.11499972	-0.40923765	0.105626024	0.03831264	0.3520422	-0.27076262	-0.09683729	-0.024147173	-0.24218044	-0.17972934	-0.18337503	0.13586318	0.2171017	0.05366892	0.31008613	-0.27341574	0.35574514	0.01899411	0.15619473	-0.23695263	-0.0037505592
-0.6014962	0.17306358	-0.23719981	0.44143504	0.3805462	-0.23985429	-0.07632373	-0.07888506	0.07472766	-0.15495828	-0.61142814	0.1822323	0.043059904	0.538449	-0.36952266	-0.14862306	-0.022116527	-0.34846956	-0.2762493	-0.29742548	0.18809056	0.32485348	0.08365657	0.48517638	-0.39500886	0.53125405	0.033091825	0.22302195	-0.3576857	-0.008577858
-0.57559514	0.17423077	-0.22392222	0.41197297	0.33866006	-0.20824051	-0.07663319	-0.05469167	0.058423653	-0.16446556	-0.5632725	0.17414887	0.037333082	0.5023624	-0.3421212	-0.1499749	-0.022483	-0.30801454	-0.2608793	-0.26211897	0.16706696	0.30027676	0.07638336	0.4349155	-0.38036966	0.4837582	0.03172361	0.21149872	-0.33699706	-0.0068449904
-0.57475847	0.17251402	-0.21584801	0.40595502	0.38110107	-0.23601815	-0.08171774	-0.05915262	0.07544569	-0.16034956	-0.60314184	0.16426288	0.045094434	0.5048494	-0.35908255	-0.12996475	-0.02249436	-0.32072508	-0.25951838	-0.2827626	0.18093692	0.3426098	0.07241725	0.46338218	-0.39677137	0.50906485	0.03963661	0.19861794	-0.34027582	0.015385198
-0.5790945	0.14991787	-0.20946111	0.40298486	0.35097492	-0.21434422	-0.076678306	-0.06929606	0.08787999	-0.1620721	-0.61538255	0.1555942	0.039222173	0.5126713	-0.3614947	-0.13218248	-0.03309529	-0.3480337	-0.26390082	-0.2879911	0.16803479	0.34431183	0.07495712	0.48055065	-0.4019771	0.510858	0.030542208	0.18962881	-0.321881	-0.014537533
-0.5205342	0.14910315	-0.20170496	0.36623293	0.31205392	-0.21438618	-0.0487965	-0.065133676	0.062012117	-0.14193521	-0.55394834	0.16218735	0.02028535	0.4550055	-0.33312824	-0.13868763	-0.030663395	-0.31254208	-0.26213962	-0.26244476	0.17631467	0.3077785	0.06381556	0.40430298	-0.3383242	0.45741194	0.015275648	0.17525876	-0.29124025	0.0007649383
-0.5375857	0.16254362	-0.19300225	0.3733593	0.32102865	-0.21181162	-0.061898086	-0.0705087	0.0759644	-0.1356371	-0.54699403	0.16146699	0.049530555	0.4544038	-0.33895564	-0.124848515	-0.04197098	-0.31717965	-0.23468694	-0.23534794	0.16074519	0.3052835	0.0645091	0.42997462	-0.34125546	0.47534868	0.0229399	0.17374876	-0.29019254	-0.009476384
-0.6067384	0.16749695	-0.24249747	0.4299495	0.39688694	-0.22702236	-0.056440763	-0.063241154	0.0708915	-0.18027124	-0.6382542	0.16117515	0.052947875	0.52674025	-0.38397822	-0.15090969	-0.040112257	-0.36094123	-0.28909868	-0.28748763	0.17998946	0.35861897	0.10646459	0.47774118	-0.42264152	0.5170969	0.020032	0.21242954	-0.36020613	-0.0022542365
-0.5980087	0.17493854	-0.2401106	0.4403623	0.39472863	-0.24346025	-0.06255521	-0.050694678	0.07172797	-0.18523826	-0.60892886	0.17607243	0.035461128	0.53201455	-0.3949816	-0.1431719	-0.026983835	-0.33306345	-0.2814387	-0.27998358	0.20045516	0.3398307	0.104384035	0.49083608	-0.42706686	0.53498745	0.008715202	0.22415641	-0.35336095	0.01394889
-0.5360021	0.14683713	-0.19706257	0.36479118	0.3229939	-0.19345503	-0.06021969	-0.06767481	0.07115634	-0.15924054	-0.5410433	0.14633583	0.034358427	0.46063253	-0.34243295	-0.14331578	-0.038345516	-0.2927972	-0.23871557	-0.2385646	0.14818087	0.28328493	0.077757835	0.42540136	-0.34727272	0.46479303	0.032762647	0.19235992	-0.29379568	-0.0077253208
-0.53874224	0.15044901	-0.20722458	0.39266115	0.32976297	-0.21868627	-0.055086974	-0.07127053	0.06178204	-0.1460069	-0.57389736	0.16394609	0.029077748	0.49151844	-0.33975455	-0.13713571	-0.017231913	-0.3068632	-0.26774508	-0.2581972	0.1798518	0.2939221	0.08238611	0.43678167	-0.37579614	0.49448165	0.018454712	0.1841072	-0.32358143	0.0059440946
-0.56497	0.14864647	-0.21834542	0.3966753	0.3657853	-0.22801891	-0.07549114	-0.0677605	0.05478447	-0.14395843	-0.57874715	0.14428489	0.049710393	0.5026612	-0.34309477	-0.12780546	-0.01822345	-0.32003206	-0.27241638	-0.27557236	0.17661229	0.31584278	0.09611589	0.4533924	-0.38642702	0.4853	0.026920138	0.20845579	-0.30861527	-0.006414676
-0.61667913	0.17663887	-0.21815795	0.44980726	0.39638135	-0.25748473	-0.057812583	-0.06561765	0.08751711	-0.16463865	-0.6384574	0.17183347	0.042491756	0.53119326	-0.3933433	-0.16646	-0.045151077	-0.34744123	-0.29476202	-0.28857225	0.17029943	0.35583973	0.08405323	0.4852873	-0.4187821	0.53483963	0.013444304	0.21796814	-0.34659934	0.009860212
-0.64335907	0.18086094	-0.228039	0.45328137	0.39709947	-0.2589833	-0.07367497	-0.062307943	0.07997535	-0.16297095	-0.65349805	0.16657296	0.04008525	0.5324091	-0.39015678	-0.15961355	-0.0281818	-0.35009715	-0.30943224	-0.28994387	0.20334211	0.34038872	0.08003495	0.49129227	-0.4235414	0.5358003	0.028206166	0.20446512	-0.36610663	-0.008407835
-0.55550027	0.14715393	-0.19439556	0.36696452	0.35214218	-0.2152801	-0.06602148	-0.066100925	0.06873632	-0.13700816	-0.55321723	0.16558187	0.023990797	0.48528868	-0.35781768	-0.12318105	-0.047419246	-0.31920105	-0.26072007	-0.26271963	0.16700098	0.30408552	0.059509885	0.41551247	-0.34959912	0.48534873	0.014461103	0.19517267	-0.30666435	0.0018158194
-0.30530208	0.066695936	-0.1253839	0.21555053	0.17240383	-0.119171046	-0.029522568	-0.017198676	0.035094306	-0.067883395	-0.29861224	0.071983695	0.034988146	0.24097323	-0.19157675	-0.061197992	-0.025572602	-0.16025387	-0.13614607	-0.1235334	0.090716876	0.16364862	0.031221412	0.22019029	-0.1995033	0.24636793	0.013148334	0.1023202	-0.17232049	0.016228147
-0.4782107	0.14729014	-0.17853965	0.35377923	0.2974481	-0.17543495	-0.044018794	-0.03687141	0.06231681	-0.14756112	-0.49446696	0.1342816	0.03579915	0.42753613	-0.32034647	-0.1126478	-0.030816685	-0.2889372	-0.22203565	-0.21866919	0.16339669	0.27856144	0.08358988	0.39517897	-0.3325795	0.43549046	0.032310933	0.16937685	-0.283766	0.0047381744
-0.56065947	0.1586923	-0.21357197	0.40081632	0.3654058	-0.22156757	-0.07252927	-0.063731305	0.06595434	-0.16060722	-0.57932836	0.14231473	0.034065593	0.47855747	-0.34519875	-0.14501663	-0.049305864	-0.3243667	-0.27668908	-0.26405805	0.18519594	0.32014453	0.084114954	0.43741953	-0.39024287	0.48700875	0.01312787	0.18710233	-0.31703904	-0.007391585
-0.59775436	0.15378441	-0.23858778	0.43630424	0.36287683	-0.22333817	-0.061697632	-0.07427976	0.07535801	-0.1585888	-0.6234948	0.18189779	0.030972859	0.51849174	-0.37687626	-0.15870564	-0.029430743	-0.34171066	-0.27543363	-0.3000669	0.17833172	0.3534216	0.077283666	0.47026774	-0.40553206	0.5411697	0.01921489	0.19256991	-0.33621097	0.011391771
-0.6252452	0.16305342	-0.23389691	0.43421102	0.36786598	-0.24124162	-0.08209337	-0.055782974	0.06503997	-0.18272154	-0.6366058	0.18276489	0.053514164	0.5387455	-0.3898335	-0.14410365	-0.04847803	-0.36372644	-0.2916175	-0.29127023	0.17430314	0.33963415	0.0949209	0.4983904	-0.4175832	0.54030526	0.028515387	0.19827354	-0.34972823	0.0144754695
-0.576188	0.15621263	-0.22742184	0.3954687	0.3643985	-0.21472767	-0.06329986	-0.0644715	0.08160999	-0.14577343	-0.5791131	0.15048464	0.035887603	0.49226964	-0.36142454	-0.14930233	-0.043658894	-0.32115653	-0.2549529	-0.2753779	0.17371003	0.3225075	0.06771314	0.4637233	-0.38630182	0.49016735	0.0055248127	0.20001948	-0.31092384	-0.012701092
