0.1549358	0.024703428	0.08712802	-0.059460066	-0.24384774	-0.39317474	0.15342514	0.47047952	-0.0334107	-0.285754	-0.20216617	0.5322218	0.255936	-0.53152955	0.24110915	0.21914971	-0.5294176	-0.26647466	-0.09777571	0.08392832	-0.1645412	0.23119152	0.1506313	0.0047437283	0.31570283	0.0014857445	-0.15315463	-0.51044965	-0.025399124	-0.01051119
0.16192386	0.028256	0.069047816	-0.028611023	-0.29057914	-0.3486431	0.17073362	0.48827133	-0.027830845	-0.28965634	-0.17963496	0.5372613	0.24477597	-0.510012	0.18254013	0.22575067	-0.51261526	-0.2978958	-0.11633603	0.111471824	-0.14075291	0.1958666	0.15274195	-0.035161637	0.30425504	-0.024555346	-0.16704966	-0.49934804	-0.04038907	0.030346887
0.15246096	0.027366102	0.09626587	-0.034927923	-0.2512912	-0.3858176	0.17129558	0.48052236	-0.056849953	-0.27180016	-0.21939646	0.5334814	0.2312134	-0.534118	0.20049997	0.24222934	-0.5312965	-0.28954506	-0.09527758	0.12225139	-0.16142367	0.2179663	0.1855363	0.001763481	0.3474349	0.0046586986	-0.16812691	-0.49125665	-0.050784014	0.01606647
0.14363077	0.03609262	0.106428534	-0.03029107	-0.23263098	-0.37454498	0.14772494	0.46988797	-0.06981072	-0.28201714	-0.18859164	0.5299075	0.26021743	-0.53841573	0.20744945	0.25341144	-0.54189277	-0.27865723	-0.10734096	0.12210698	-0.15768486	0.21463948	0.15583993	0.0023721484	0.341472	-0.035317365	-0.17032424	-0.484418	-0.03965591	-0.01570459
0.14026545	0.022301992	0.098008	-0.028665494	-0.2924679	-0.38427976	0.1506917	0.4706239	-0.029756548	-0.30184487	-0.19112061	0.5592442	0.25756255	-0.5060386	0.19600067	0.24943471	-0.526309	-0.30614203	-0.12092343	0.13075486	-0.14942119	0.19097486	0.18369147	-0.024712943	0.33024013	-0.013938023	-0.18309443	-0.5211939	-0.078890905	0.0030631844
0.14620915	0.06591355	0.070964895	-0.05099828	-0.1700171	-0.3792046	0.10806987	0.43656626	-0.08610252	-0.25881627	-0.21765855	0.45779935	0.26333666	-0.5395343	0.24397707	0.19906658	-0.5275861	-0.2270882	-0.023793919	0.10233182	-0.13573477	0.17909497	0.20689993	0.08997366	0.33830115	-0.013933717	-0.10777027	-0.4864364	-0.017789658	-0.01854853
0.16111486	0.043121204	0.100905895	-0.045963496	-0.28637928	-0.39046672	0.19477293	0.4981487	-0.056986768	-0.31027007	-0.20353651	0.59998304	0.23805404	-0.55478936	0.2230097	0.2772477	-0.54097056	-0.31283092	-0.12267487	0.10938063	-0.15596479	0.20990594	0.17911117	-0.010739435	0.33114043	-0.00036535226	-0.1735395	-0.5104627	-0.06188085	0.025693905
0.1568368	0.085070975	0.088792205	-0.070604734	-0.1729104	-0.4073773	0.119087435	0.47622877	-0.08664055	-0.29672438	-0.25297013	0.518813	0.2755288	-0.59210014	0.26678193	0.20754384	-0.5459085	-0.2703258	-0.034370773	0.09996922	-0.13592865	0.21523507	0.22477436	0.10202821	0.37203872	-0.042158406	-0.11479528	-0.5164223	-0.008634882	-0.04814982
0.17778878	0.14118013	0.10998612	-0.09654643	-0.18029043	-0.45178053	0.09598117	0.49842292	-0.07367922	-0.29983374	-0.2446571	0.54497343	0.33661845	-0.66079223	0.33017197	0.2147209	-0.63567764	-0.25588346	0.026132008	0.12793651	-0.15548825	0.19363333	0.27177635	0.13971451	0.39658478	-0.06027954	-0.10764298	-0.5629524	-0.03602106	-0.08549104
0.15409087	0.02006967	0.06572832	-0.015875733	-0.31917074	-0.36413133	0.2072929	0.48980808	-0.049755987	-0.2712255	-0.19660941	0.57961285	0.20625633	-0.49013427	0.20182125	0.26349306	-0.5422887	-0.30561903	-0.13470231	0.13477363	-0.16767752	0.21887244	0.13025667	-0.056729693	0.31841326	0.010045545	-0.1920077	-0.5312828	-0.10013521	0.054173686
0.15284622	0.103769064	0.09519344	-0.08326124	-0.170174	-0.45194477	0.12762934	0.49989736	-0.08944774	-0.29912907	-0.2730177	0.53289074	0.32185	-0.6424548	0.29720777	0.19787969	-0.5999225	-0.262327	0.011407569	0.100361414	-0.15598556	0.20338693	0.2938934	0.14827125	0.3727496	-0.05036982	-0.1045836	-0.53401023	-0.014800167	-0.051910333
0.1869435	0.13115859	0.09576116	-0.12574196	-0.17953384	-0.4504141	0.12999274	0.50080854	-0.078692645	-0.3115504	-0.2992557	0.56414586	0.3437815	-0.6990447	0.3622644	0.21390161	-0.63510215	-0.26972032	0.042901117	0.088965744	-0.1492087	0.1924626	0.3140803	0.16559793	0.3962682	-0.07376935	-0.09237268	-0.5717099	-0.013255131	-0.07242003
0.18500303	0.13278593	0.1292864	-0.10498927	-0.1665549	-0.4602329	0.104585245	0.52201414	-0.08500613	-0.31086424	-0.279272	0.5533928	0.3306784	-0.67931664	0.3381011	0.2327894	-0.65451485	-0.27078575	0.029368753	0.085148096	-0.13730644	0.20164038	0.30772084	0.14397697	0.39145997	-0.05970003	-0.10295115	-0.5748178	-0.02440388	-0.08555897
0.16992256	0.13138033	0.08894478	-0.08947082	-0.19126418	-0.45942143	0.09857442	0.47434992	-0.10283786	-0.31839606	-0.25723973	0.52060443	0.31776503	-0.66949177	0.33581704	0.20193556	-0.6430863	-0.24641603	0.02546437	0.0971765	-0.1253426	0.18393011	0.30506828	0.16390538	0.38626525	-0.043925088	-0.123100944	-0.5488504	-0.028071973	-0.076551676
0.18803145	0.13497485	0.11602728	-0.12863626	-0.19810437	-0.45878482	0.092283025	0.49023244	-0.08588844	-0.30677587	-0.30283615	0.55656016	0.32526773	-0.696417	0.35483477	0.2027348	-0.6134327	-0.24680088	0.04444886	0.1160526	-0.1618873	0.21191964	0.27786478	0.18039101	0.39318657	-0.0794262	-0.10136745	-0.5892368	-0.010256229	-0.09352986
0.15219149	0.13081442	0.08891151	-0.103769876	-0.18256097	-0.42530218	0.11953054	0.49979448	-0.100016855	-0.32702205	-0.25466838	0.53978354	0.3074677	-0.66790694	0.32484266	0.20315443	-0.62722033	-0.23851106	0.027725866	0.109235294	-0.14130911	0.187049	0.28050888	0.13631867	0.37808093	-0.036872678	-0.111479	-0.5689237	-0.02630181	-0.08715799
0.15625288	-0.018849269	0.081576884	-0.037054162	-0.34687915	-0.34799635	0.20438935	0.4943083	-0.040643062	-0.29558963	-0.1718613	0.6051587	0.20403229	-0.48616928	0.17673701	0.28289807	-0.5204761	-0.30042517	-0.16405155	0.13609943	-0.17737474	0.22631764	0.12780704	-0.07806021	0.28885502	0.020585084	-0.1752052	-0.5046276	-0.07160334	0.030039957
0.14782164	0.080854915	0.08416183	-0.07763517	-0.17260817	-0.41631073	0.11928284	0.4798561	-0.07429011	-0.3033564	-0.2374983	0.51167476	0.26975548	-0.6104083	0.28440115	0.19769417	-0.58363825	-0.24594685	-0.0155659355	0.11351005	-0.14432578	0.19681002	0.2261015	0.09856309	0.36471066	-0.051330205	-0.1304017	-0.52213544	-0.031162892	-0.044002466
0.16278616	0.08433808	0.12615018	-0.10042039	-0.20081338	-0.4622427	0.13906245	0.533581	-0.09161428	-0.30577135	-0.2845491	0.49635786	0.3076927	-0.6557854	0.3138222	0.2556369	-0.612455	-0.24762551	-0.01048331	0.052418783	-0.14469807	0.2449162	0.2254058	0.08606245	0.38053024	-0.037273392	-0.13846947	-0.5273338	-0.001756968	-0.04087591
0.13796173	0.10336169	0.086133465	-0.08042129	-0.16440555	-0.44514692	0.1289093	0.49936923	-0.092034444	-0.29544377	-0.26789352	0.54473984	0.29723057	-0.65209305	0.32372063	0.2224731	-0.6026618	-0.2842882	0.027749058	0.0908843	-0.13999574	0.21351074	0.2674993	0.1380515	0.38226947	-0.06481841	-0.09935578	-0.53781825	-0.001961334	-0.07467507
0.17911407	0.124289304	0.1028601	-0.10294359	-0.17614508	-0.44427276	0.13301408	0.5119698	-0.076740004	-0.32974645	-0.25335854	0.54899293	0.32895002	-0.64632696	0.34277555	0.20097786	-0.6338569	-0.27543002	0.022218352	0.10671046	-0.13933069	0.2132496	0.30606177	0.13622077	0.4044117	-0.03812776	-0.10797596	-0.56788504	-0.028686417	-0.09286106
0.16496238	0.006890318	0.069195665	-0.0045848815	-0.27751648	-0.33899036	0.18406138	0.4942004	-0.035623547	-0.27069423	-0.19039696	0.53380126	0.22937101	-0.48624337	0.17282003	0.2779266	-0.5251768	-0.27668503	-0.13674517	0.095182024	-0.1783964	0.21179383	0.11062581	-0.026125144	0.30947357	-0.009129791	-0.18557854	-0.50753134	-0.06643921	0.034082
0.14970644	0.00038303016	0.08670375	-0.020350156	-0.3084442	-0.3517956	0.17301013	0.455089	-0.042264454	-0.24294001	-0.16943385	0.5585895	0.19379522	-0.51054287	0.17085601	0.26634562	-0.49563086	-0.27185524	-0.12792754	0.11207543	-0.17530558	0.22191982	0.12118158	-0.03198651	0.31362298	-0.025695113	-0.15003431	-0.4768359	-0.06481732	0.044789713
0.13263378	0.10546441	0.1111774	-0.07081289	-0.15526907	-0.39284748	0.116977885	0.4656775	-0.06893935	-0.27658194	-0.24551603	0.49056557	0.2765897	-0.5767788	0.26946768	0.21157396	-0.5371508	-0.24927743	-0.0014868823	0.0910692	-0.11983084	0.1832738	0.21904841	0.09279127	0.3434691	-0.042012885	-0.13031204	-0.48367643	-0.02140559	-0.04297801
0.15502615	0.11126037	0.12028092	-0.09430077	-0.1963019	-0.45153147	0.12979226	0.494741	-0.10298992	-0.32815024	-0.29167423	0.5411584	0.34168682	-0.6536366	0.3191792	0.23423928	-0.6191083	-0.2638252	0.031496905	0.085869305	-0.13227302	0.20869873	0.27229494	0.12783954	0.39580274	-0.059897706	-0.11300998	-0.5483904	-0.0019919449	-0.08834716
0.16106102	0.12646987	0.1114048	-0.12008909	-0.18039776	-0.44786644	0.11909743	0.5044838	-0.08352397	-0.31495067	-0.28506285	0.51712584	0.32465315	-0.65937895	0.32948408	0.21599288	-0.61870325	-0.25145036	0.028224539	0.098893866	-0.15107204	0.17877804	0.27818048	0.14725766	0.38235584	-0.044182405	-0.12456459	-0.5558499	-0.017441668	-0.09398815
0.1470681	0.13832332	0.12880279	-0.089300245	-0.17328593	-0.4780399	0.11925288	0.51566255	-0.073223025	-0.30138257	-0.26719794	0.54858816	0.33115524	-0.63400775	0.29740587	0.22059028	-0.62554854	-0.2587409	0.030517038	0.083510086	-0.13212623	0.22382051	0.2763307	0.12613454	0.36325225	-0.05202396	-0.13129899	-0.5552965	-0.02566128	-0.07419439
0.16547816	0.13464978	0.08829186	-0.1021799	-0.15782613	-0.4427192	0.108450204	0.49725536	-0.088347115	-0.30413303	-0.28851193	0.5314809	0.3447933	-0.67385674	0.319771	0.20261571	-0.6390347	-0.23816362	0.034361355	0.09974822	-0.12812628	0.18266171	0.27482048	0.14619592	0.4087101	-0.05052401	-0.1292027	-0.56975377	-0.040153783	-0.07706383
0.16877015	0.13213335	0.0862884	-0.08241728	-0.15637323	-0.44933426	0.09045128	0.46626025	-0.08204776	-0.2812812	-0.26229092	0.52162135	0.29496247	-0.62793714	0.29774016	0.21911924	-0.57474166	-0.25748515	0.043512914	0.10871214	-0.117307276	0.18631254	0.26564094	0.15870185	0.3555406	-0.035545625	-0.12202176	-0.5248734	0.0023365645	-0.077006646
0.1660981	0.1329874	0.107888214	-0.12063635	-0.18664552	-0.48098078	0.105528995	0.50577587	-0.09760585	-0.3096618	-0.26967877	0.5416539	0.34743702	-0.6743735	0.35357246	0.22056949	-0.65422964	-0.28430414	0.039366018	0.113774024	-0.12680924	0.20275748	0.29574943	0.17369598	0.41591275	-0.07745623	-0.1164995	-0.5803549	-0.014734893	-0.09167766
0.14809656	0.11501196	0.09696358	-0.06957828	-0.20897089	-0.4482565	0.13475624	0.5065768	-0.08043238	-0.299179	-0.24875729	0.54454625	0.30735517	-0.6077058	0.2863602	0.24321726	-0.6050277	-0.261597	0.015136847	0.101392664	-0.1565913	0.1936138	0.25883883	0.113649204	0.37386906	-0.027160514	-0.14210765	-0.5463591	-0.030353688	-0.063406266
0.18148269	0.08788424	0.11901718	-0.10017892	-0.17702857	-0.43755305	0.111578345	0.49554288	-0.09544532	-0.2851736	-0.27844504	0.5172048	0.29926163	-0.63201344	0.30441844	0.23664793	-0.60930353	-0.24980211	0.01764144	0.08783126	-0.14519283	0.22217838	0.26569667	0.11200266	0.36096233	-0.05461397	-0.11229054	-0.5573378	-0.011601647	-0.072292805
0.13264966	0.07317294	0.109160066	-0.08424321	-0.22399123	-0.3867662	0.14670476	0.46143568	-0.08120541	-0.26969537	-0.24274716	0.5047389	0.27643234	-0.54150796	0.2664313	0.23869233	-0.56072646	-0.25470376	-0.012780829	0.07937204	-0.123547375	0.20119269	0.19601332	0.07753762	0.32067844	-0.02886031	-0.11410817	-0.48499918	-0.051589306	-0.052110195
0.18171465	0.13307536	0.10692764	-0.12119147	-0.16120976	-0.45529613	0.12417177	0.52448446	-0.10518116	-0.31989154	-0.29670748	0.53386223	0.34014678	-0.67327595	0.31596255	0.22537316	-0.63795453	-0.280463	0.03733024	0.08946444	-0.15075466	0.20065895	0.28944635	0.16511977	0.40479583	-0.036783557	-0.14017615	-0.5679645	-0.032410435	-0.078793794
0.17343846	0.13962035	0.111675985	-0.0858251	-0.16667865	-0.44438958	0.10319774	0.47879636	-0.08817115	-0.33709994	-0.24965048	0.5121424	0.31258494	-0.6489254	0.31910235	0.22018364	-0.62369174	-0.27509493	0.041862085	0.091189586	-0.12256551	0.21354778	0.26119688	0.11580855	0.3897696	-0.042684015	-0.106842555	-0.5630758	-0.0073371986	-0.061745137
0.17175163	0.1409511	0.1071403	-0.08552476	-0.15345581	-0.42462084	0.09009236	0.46864337	-0.08674516	-0.3019894	-0.26932788	0.501192	0.3010493	-0.6053034	0.3156459	0.19947045	-0.5857255	-0.25984433	0.043019664	0.07956643	-0.12597333	0.18755418	0.28666586	0.14551823	0.37445754	-0.04759	-0.09461039	-0.5069267	-0.017331433	-0.06742592
0.15508196	0.13367356	0.120503806	-0.11765103	-0.16998594	-0.45140272	0.11585665	0.5157527	-0.11026094	-0.32940537	-0.27303347	0.51043653	0.32618135	-0.6596157	0.33772543	0.21122651	-0.6405015	-0.2632993	0.043026686	0.11519662	-0.13653466	0.21648625	0.2938292	0.13611022	0.3808581	-0.060860712	-0.11148099	-0.5599405	-0.020972885	-0.07201889
0.18098158	0.10282452	0.10995621	-0.08979366	-0.16065174	-0.46549097	0.11482984	0.51025325	-0.1075531	-0.32664335	-0.26307154	0.52207375	0.32872194	-0.64819056	0.30797642	0.20609432	-0.6365843	-0.284978	0.033622142	0.096426725	-0.120749034	0.20683782	0.2904529	0.1562447	0.38408464	-0.06351369	-0.13297555	-0.54048574	-0.032882363	-0.07574532
0.13722959	0.05065329	0.08520861	-0.07608444	-0.2503587	-0.40548053	0.14416805	0.4800048	-0.04240901	-0.2796636	-0.23338476	0.53071475	0.24610941	-0.5540005	0.22076885	0.2437492	-0.5314736	-0.2630233	-0.03868333	0.11214291	-0.14107792	0.22064468	0.21232133	0.036396347	0.31365913	-0.042276517	-0.14312896	-0.49115208	-0.06147723	-0.035627194
0.15779808	0.10081783	0.102817185	-0.115352884	-0.17404091	-0.45151353	0.12674898	0.49950007	-0.07620138	-0.31228834	-0.27464664	0.53891635	0.33348036	-0.64133173	0.3084679	0.22162312	-0.59984714	-0.2651652	0.030863259	0.114843234	-0.15721767	0.21779764	0.27839777	0.15372641	0.3674021	-0.03610161	-0.13649479	-0.5613153	-0.009606218	-0.053868096
0.16868302	0.1291273	0.108796604	-0.10632423	-0.15657637	-0.45501179	0.11475463	0.50458413	-0.09931411	-0.3158201	-0.293904	0.5144702	0.3093529	-0.65170103	0.31581303	0.23203602	-0.63544995	-0.2792901	0.05527425	0.08776657	-0.114978924	0.21491182	0.29185584	0.14737399	0.39623424	-0.049508538	-0.14993325	-0.5781729	-0.015378034	-0.095179
0.14236154	0.14158104	0.10002601	-0.12326698	-0.16037609	-0.43770337	0.10898359	0.48077917	-0.1060099	-0.33772913	-0.2741906	0.5098876	0.33179983	-0.64403653	0.34707803	0.22097655	-0.6487611	-0.25952372	0.02457242	0.11340174	-0.145277	0.19019553	0.29026178	0.13924298	0.38709182	-0.06379538	-0.123659775	-0.5703733	-0.03487695	-0.059197143
0.17319508	0.1310053	0.10998005	-0.114537075	-0.18964557	-0.44805092	0.13472214	0.5086423	-0.1034599	-0.31839147	-0.2558025	0.5489022	0.31017298	-0.6441742	0.31789663	0.2384852	-0.6219444	-0.2743847	0.040089156	0.09826055	-0.15955538	0.20595446	0.2893001	0.12221562	0.38334236	-0.058546286	-0.1406287	-0.5762125	-0.026986772	-0.063690655
0.15804316	0.108890004	0.081675135	-0.070749745	-0.18978381	-0.425487	0.098525085	0.4903654	-0.09073886	-0.30394644	-0.26304638	0.50035167	0.27440768	-0.58370924	0.29657724	0.21199045	-0.5676378	-0.2682433	0.015434133	0.09597833	-0.14793609	0.20781289	0.2287902	0.09465495	0.37135914	-0.037372705	-0.13991195	-0.5274274	-0.020245004	-0.04841247
0.16302857	0.14417736	0.09000736	-0.11148177	-0.17835225	-0.44693655	0.089026466	0.47884503	-0.09334789	-0.32568997	-0.27861646	0.5046529	0.33730638	-0.63075936	0.32808858	0.22370498	-0.59652126	-0.25546497	0.032152805	0.096858844	-0.111128435	0.21529447	0.26779392	0.15506747	0.38169965	-0.051857304	-0.11534024	-0.5399052	-0.013552282	-0.057881154
0.17585386	0.10986624	0.1041017	-0.11497102	-0.16709849	-0.4434323	0.13021484	0.49508992	-0.10398717	-0.31225762	-0.26869345	0.5321901	0.30746248	-0.64791656	0.30518767	0.21597561	-0.631355	-0.25611567	0.032181304	0.105103284	-0.14590913	0.18910207	0.2668192	0.13669606	0.3951543	-0.03853775	-0.11293415	-0.55168635	-0.002226682	-0.056117613
0.17128707	0.12210067	0.09502779	-0.09174507	-0.19276735	-0.46436065	0.11909018	0.52434826	-0.111227766	-0.3482535	-0.29207122	0.5433917	0.32312614	-0.6830412	0.35414577	0.23159349	-0.66592693	-0.2654543	0.014672784	0.11870774	-0.13817397	0.21076755	0.30614382	0.14513536	0.41972336	-0.07188055	-0.14477874	-0.57843804	-0.041704614	-0.082835525
0.1535846	0.051707856	0.08355044	-0.03732479	-0.25022808	-0.37842762	0.1558757	0.4581851	-0.03765303	-0.25356498	-0.19876233	0.5000704	0.23473153	-0.54841775	0.20019436	0.22055168	-0.5185854	-0.24583149	-0.057204485	0.10292563	-0.1370278	0.21505603	0.1664417	0.025781365	0.32539454	-0.029087862	-0.14013943	-0.48077616	-0.041201267	-0.023979682
0.16500616	0.12606163	0.10360622	-0.11065542	-0.16921563	-0.46506643	0.14197177	0.519215	-0.08006579	-0.31361613	-0.2662503	0.52373606	0.3349325	-0.66119635	0.31349742	0.21283548	-0.6291706	-0.25512788	0.028552463	0.10934243	-0.123863615	0.21550408	0.28619412	0.15652949	0.37140352	-0.0651998	-0.12308822	-0.5755314	-0.008472223	-0.05508408
0.16411677	0.11095247	0.09435166	-0.099090435	-0.18922718	-0.4378556	0.106181726	0.49231035	-0.10884289	-0.2978398	-0.26004177	0.5216527	0.31408617	-0.66867054	0.32256207	0.21003544	-0.6106101	-0.26636484	0.039312627	0.1015138	-0.15690283	0.19665594	0.26469624	0.12417726	0.38752782	-0.048247166	-0.11821874	-0.5764407	-0.037131473	-0.053527545
0.17293493	0.11197219	0.09481403	-0.08457928	-0.18777966	-0.43714738	0.13075967	0.51205003	-0.08997532	-0.33019534	-0.28645647	0.51262957	0.33344498	-0.64268756	0.31066006	0.23454563	-0.632614	-0.25288403	0.032776833	0.12224993	-0.12638329	0.1886518	0.26676884	0.12709923	0.4016527	-0.05875199	-0.11773604	-0.57427067	-0.019038152	-0.0847329
0.1839584	0.12288416	0.12189749	-0.10783926	-0.19395785	-0.48709628	0.10574592	0.52919716	-0.11932582	-0.33847746	-0.30090818	0.5677822	0.34237263	-0.6797289	0.35611483	0.22197235	-0.6633652	-0.26485246	0.045956902	0.12619215	-0.15047275	0.2240676	0.3192348	0.15000808	0.42732757	-0.07398752	-0.12709482	-0.5844966	-0.0062551643	-0.06572142
0.17400517	0.13996688	0.11677904	-0.11619258	-0.19104421	-0.4724998	0.105811305	0.53737974	-0.09643141	-0.3444002	-0.2904031	0.5784148	0.32299465	-0.70593727	0.34145877	0.23054972	-0.6535104	-0.28946495	0.047625978	0.12868534	-0.14316925	0.22324361	0.27767333	0.12980111	0.42056134	-0.04766031	-0.13554163	-0.59849197	-0.027527181	-0.09113335
0.15116122	0.14037977	0.10492212	-0.12085921	-0.17667782	-0.4539433	0.12230947	0.52477866	-0.09202285	-0.3501505	-0.2962782	0.5645798	0.3343537	-0.6923145	0.3400199	0.23469251	-0.67191	-0.25335518	0.050266933	0.11303062	-0.13893574	0.21528395	0.27700302	0.12853083	0.41603774	-0.05424098	-0.1395593	-0.5736725	-0.017808428	-0.090783015
0.16552804	0.060692932	0.07687445	-0.076960914	-0.22737701	-0.41664305	0.13200004	0.5099962	-0.056212015	-0.282079	-0.23807085	0.47616988	0.30140725	-0.5801515	0.2608047	0.24215905	-0.5493856	-0.23516169	-0.030156875	0.06872774	-0.15961288	0.19283025	0.217439	0.04711652	0.37000614	-0.0409898	-0.12781116	-0.52251095	-0.023764225	-0.047805175
0.13863192	0.083657146	0.10135766	-0.10248865	-0.22562927	-0.39561626	0.15636714	0.4852501	-0.087852836	-0.2819902	-0.25280008	0.46322384	0.2828422	-0.6002302	0.25708506	0.22289012	-0.57306516	-0.22393377	-0.052360833	0.07124048	-0.11794163	0.21418688	0.18135461	0.09070122	0.3732041	-0.04267987	-0.1167586	-0.47754306	-0.051997777	-0.045365136
0.15952075	0.07427966	0.083338454	-0.05695344	-0.21902552	-0.37324575	0.14631367	0.4410074	-0.040877383	-0.26141676	-0.22006775	0.46080664	0.23689753	-0.5305629	0.24786212	0.20518832	-0.50886613	-0.25976673	-0.057169016	0.092865355	-0.13546959	0.20016608	0.17604464	0.04405326	0.32679456	-0.018696979	-0.13152115	-0.48175415	-0.028201388	-0.014390237
0.15157446	0.044003885	0.08784246	-0.07504188	-0.25341496	-0.37498316	0.13655877	0.489147	-0.042502988	-0.2688408	-0.19917437	0.56284714	0.25785136	-0.5431792	0.23766948	0.2410429	-0.5429767	-0.2702486	-0.0721963	0.115593106	-0.15936501	0.19921039	0.21679337	0.0046714763	0.31538337	-7.737316e-05	-0.15950744	-0.5364808	-0.07727199	0.012705419
0.14879675	0.13575993	0.086688794	-0.09019263	-0.18822128	-0.44187215	0.11352595	0.50593996	-0.08247694	-0.30711463	-0.28789532	0.5263363	0.33913478	-0.64283866	0.33770534	0.20660524	-0.62092996	-0.25890476	0.0153277395	0.09392525	-0.14649534	0.20403261	0.26583427	0.12485257	0.39115286	-0.029702231	-0.126741	-0.5675983	-0.008296653	-0.077046074
0.14992508	0.13424541	0.11236981	-0.0946619	-0.18791471	-0.465284	0.11754165	0.5206449	-0.09373097	-0.3248884	-0.27526212	0.5468072	0.33801398	-0.6693304	0.3099837	0.23620972	-0.6350525	-0.2797425	0.019707212	0.083477244	-0.15139858	0.2107422	0.29154003	0.15006083	0.4058648	-0.039001025	-0.12810712	-0.57061213	-0.01870785	-0.064753085
0.12493391	0.05217005	0.08073215	-0.060685046	-0.26730746	-0.3586799	0.1716916	0.47582713	-0.061028384	-0.2676571	-0.20669211	0.54669714	0.24991165	-0.50444144	0.22192013	0.22995746	-0.53051025	-0.2959742	-0.0633678	0.13063382	-0.14696161	0.19357754	0.1779536	0.026041899	0.29824072	-0.0082816025	-0.16615474	-0.5140198	-0.069016434	0.01467345
0.16376424	0.13400245	0.09375327	-0.081610695	-0.1694003	-0.4684044	0.12023179	0.5180088	-0.09729342	-0.31263188	-0.28351402	0.5287868	0.32837617	-0.63843274	0.31022647	0.21647625	-0.6289995	-0.28735104	0.019988503	0.09502882	-0.14233306	0.20929754	0.27884346	0.12670486	0.36926633	-0.037117112	-0.12559985	-0.5317769	-0.019813742	-0.062664434
0.15820217	0.1301711	0.11508663	-0.09590898	-0.19698517	-0.4427454	0.12181776	0.47412434	-0.081153564	-0.31087518	-0.25082156	0.54271275	0.32509506	-0.6427844	0.3272708	0.20800556	-0.6043193	-0.27758995	0.021045486	0.081479646	-0.15271479	0.2063143	0.26308495	0.113621816	0.37255964	-0.033553377	-0.114101686	-0.5568626	-0.031964045	-0.07933403
0.17529406	0.11435091	0.12059162	-0.088921085	-0.17474549	-0.45392993	0.13745077	0.49642175	-0.09247884	-0.3233948	-0.28955394	0.51848215	0.30963868	-0.65956455	0.31069693	0.23245496	-0.62738717	-0.24877296	0.040016882	0.08307077	-0.14181456	0.20324259	0.27601025	0.14125615	0.38152164	-0.06249153	-0.11637563	-0.57313836	-0.025605457	-0.06144399
0.16092092	0.13140815	0.11503606	-0.08946639	-0.19506553	-0.43687758	0.12650648	0.49289024	-0.09981198	-0.3102632	-0.28338993	0.53350246	0.33827135	-0.64301115	0.31345353	0.21192718	-0.63415265	-0.2531917	0.03447668	0.10266746	-0.14784266	0.22297639	0.2890046	0.12386975	0.40399757	-0.03141133	-0.13234831	-0.54871345	-0.016494263	-0.07988158
0.14175802	0.13823254	0.111124836	-0.09768372	-0.16233568	-0.4406219	0.11620198	0.49825045	-0.07488193	-0.31216156	-0.28171337	0.50657356	0.3177047	-0.63686645	0.30576345	0.19045486	-0.60810155	-0.26486048	0.035386276	0.108395964	-0.11409783	0.19093794	0.26212633	0.14199485	0.3897493	-0.04097207	-0.126895	-0.53510755	-0.0020167502	-0.08693535
0.16734	0.1414049	0.12151998	-0.10797932	-0.19340691	-0.47071683	0.1239017	0.5386574	-0.078799546	-0.30993834	-0.2803675	0.5581595	0.33875105	-0.6943546	0.34478053	0.21333262	-0.6590539	-0.26468557	0.0050293384	0.09727327	-0.15577683	0.21534298	0.2700852	0.12687857	0.4251009	-0.044504154	-0.110095054	-0.56864095	-0.016788837	-0.06368035
0.15429336	0.12404415	0.12270892	-0.12728262	-0.19178297	-0.47012612	0.10883344	0.4894859	-0.10443352	-0.34357372	-0.2729356	0.53465986	0.33573326	-0.68992347	0.31570965	0.22139661	-0.6371563	-0.2536531	0.026307642	0.102699876	-0.1439429	0.21832019	0.29160672	0.1337195	0.39606202	-0.063763246	-0.14153817	-0.5785694	-0.020468017	-0.066054694
0.15052423	0.12623295	0.09057403	-0.111188404	-0.1979176	-0.45302278	0.1210274	0.5247283	-0.10504943	-0.32733077	-0.25828418	0.5520442	0.31532505	-0.6622105	0.33750802	0.22179873	-0.61952853	-0.2558272	0.0052547175	0.11250063	-0.16343537	0.22689122	0.2754508	0.12300852	0.41882512	-0.05229177	-0.15008792	-0.55666393	-0.005456585	-0.056404877
0.1568405	0.14297603	0.11453928	-0.11875694	-0.19703318	-0.46610212	0.13114765	0.5354608	-0.10659906	-0.32444128	-0.29668963	0.57484144	0.34846866	-0.6973542	0.32710773	0.24550289	-0.66030705	-0.27545315	0.041378483	0.11809536	-0.14251441	0.23501702	0.27487826	0.130925	0.41440895	-0.053500507	-0.12653449	-0.6053151	-0.022798417	-0.08725365
0.1523343	0.124393985	0.12777083	-0.090832606	-0.19706248	-0.47120073	0.10901843	0.5394445	-0.08629947	-0.31886765	-0.29232132	0.5614487	0.31701258	-0.6950574	0.32923493	0.24800445	-0.63413465	-0.2739133	0.026128354	0.12147602	-0.13988282	0.2229805	0.29937157	0.15234682	0.38220862	-0.05687889	-0.14047228	-0.586326	-0.013159249	-0.08300475
0.15426187	0.119398095	0.11189677	-0.11053539	-0.17300245	-0.47861233	0.11151134	0.5252245	-0.078267775	-0.3354757	-0.31339836	0.5515462	0.34923947	-0.6719403	0.3447698	0.2335194	-0.6548416	-0.2916966	0.05384018	0.102646425	-0.14606157	0.23308328	0.27063605	0.16537191	0.4117513	-0.057139672	-0.15414922	-0.57849663	-0.03359489	-0.07929347
0.16436772	0.14069225	0.10007385	-0.10656324	-0.20255765	-0.49318585	0.13408838	0.54626137	-0.11355242	-0.3363301	-0.29163352	0.587256	0.3253211	-0.7057458	0.33661166	0.22425856	-0.6428318	-0.29175243	0.04120707	0.10342017	-0.15694389	0.22289464	0.30407897	0.14516819	0.42968947	-0.034435224	-0.11951817	-0.58781487	-0.04434816	-0.0741255
0.1763329	0.11681865	0.1301709	-0.11064172	-0.20856142	-0.48296735	0.112141654	0.5389698	-0.09854832	-0.34216842	-0.2793133	0.58819294	0.32149088	-0.68134075	0.35397676	0.23794307	-0.6519854	-0.2748555	0.03541403	0.107335195	-0.15391807	0.20976628	0.271272	0.14021993	0.3978427	-0.04858335	-0.13218255	-0.60207015	-0.0232992	-0.09333563
0.15482551	0.1290744	0.10294921	-0.09058677	-0.18178381	-0.45176157	0.09752741	0.5141796	-0.102661945	-0.33738002	-0.2519629	0.53570014	0.3253793	-0.6277143	0.32836503	0.23215424	-0.6328193	-0.27530497	0.0044150697	0.111628845	-0.15359044	0.19180483	0.2726047	0.11473236	0.40783122	-0.06351226	-0.121396326	-0.5780083	-0.019410696	-0.056050114
0.16200587	0.13792758	0.1260394	-0.103570566	-0.19852707	-0.44726792	0.113418736	0.4994787	-0.10499357	-0.3139556	-0.30252713	0.56555897	0.31649983	-0.6865425	0.34238762	0.20457834	-0.6132423	-0.27681753	0.0284935	0.104463995	-0.13170533	0.20378068	0.28322148	0.16227618	0.38267642	-0.042280387	-0.10507603	-0.58053344	-0.036706902	-0.07865387
0.17191145	0.1397372	0.115999565	-0.12649205	-0.19506475	-0.49348846	0.11210396	0.538973	-0.086376056	-0.33597416	-0.30693856	0.5854381	0.34226727	-0.6974564	0.33546725	0.2305079	-0.66988456	-0.28633568	0.015791964	0.12902227	-0.16891909	0.23960866	0.30667257	0.1413836	0.40175268	-0.0436139	-0.11058478	-0.58540976	-0.04122976	-0.068594344
0.16316077	0.077663854	0.09438019	-0.09412657	-0.19692528	-0.41063476	0.1351832	0.49307472	-0.057021964	-0.2718654	-0.2608348	0.5021945	0.27296382	-0.5960092	0.27911857	0.21910699	-0.564101	-0.27456644	-0.02165583	0.08720439	-0.13167551	0.2080956	0.20385678	0.07578171	0.35885528	-0.041768488	-0.12148596	-0.52913916	-0.034810387	-0.0575855
0.17487775	0.108967386	0.0909601	-0.08462018	-0.17749418	-0.41477057	0.11610468	0.47992548	-0.06981078	-0.29494292	-0.26694962	0.49734208	0.2918812	-0.6093295	0.28857476	0.22369209	-0.6007832	-0.23965065	0.017513368	0.07764268	-0.15111211	0.18091068	0.26864886	0.12815483	0.35715798	-0.050283283	-0.13456619	-0.53712034	-0.02674229	-0.054000333
0.15662728	0.09285428	0.094184615	-0.08772801	-0.19130114	-0.4378939	0.10970103	0.48107418	-0.09338264	-0.29550445	-0.27459055	0.50575125	0.30751202	-0.6388728	0.28759193	0.22466898	-0.60171425	-0.26126787	0.019308323	0.111218646	-0.122536354	0.20228654	0.23856805	0.111994125	0.37846076	-0.027683016	-0.11543531	-0.548122	-0.03593101	-0.057825297
0.1839709	0.11259679	0.115620136	-0.1196567	-0.20949093	-0.48307997	0.11597188	0.5280764	-0.07977262	-0.32303697	-0.3067073	0.54177094	0.36132404	-0.6760619	0.3279906	0.23994397	-0.635044	-0.29174027	0.040942244	0.10684695	-0.135509	0.20173168	0.29731607	0.14492203	0.39960232	-0.0674495	-0.14565372	-0.60048914	-0.03864038	-0.077319264
0.17926215	0.1434152	0.13005848	-0.10942434	-0.19079392	-0.4909801	0.1289449	0.52695	-0.09898958	-0.33393675	-0.29799503	0.56028795	0.35484236	-0.7180104	0.32653606	0.23924962	-0.6698272	-0.2793802	0.047669843	0.11241661	-0.16623284	0.21222745	0.3123264	0.14975889	0.40287396	-0.04839863	-0.13284463	-0.61511785	-0.028554533	-0.088795155
0.17197065	0.13083126	0.11366423	-0.060913235	-0.19788791	-0.4357241	0.111957	0.4940351	-0.10368908	-0.26597753	-0.23064856	0.5006084	0.30617985	-0.58704156	0.2901141	0.18587871	-0.55115616	-0.24352302	-0.0062018023	0.10747775	-0.12643465	0.16968197	0.23013069	0.11903955	0.3299606	-0.06302613	-0.1043813	-0.5115432	-0.034232985	-0.08373541
0.16935626	0.11987341	0.10334064	-0.10286028	-0.18383506	-0.47399756	0.15059511	0.5154908	-0.0855997	-0.32747605	-0.28935826	0.52731335	0.2985298	-0.6313576	0.3033237	0.24891092	-0.65434957	-0.28257927	0.034447927	0.11588177	-0.12897226	0.21483278	0.24262099	0.12316728	0.37609574	-0.022603301	-0.1669703	-0.5703154	-0.052093852	-0.044080973
0.16962746	0.13469686	0.114067376	-0.09608449	-0.173683	-0.46720085	0.10832432	0.5185165	-0.10179584	-0.32611647	-0.2779331	0.56045055	0.34550893	-0.6787399	0.34236574	0.2184641	-0.64463687	-0.28851178	0.007017257	0.090734206	-0.15247881	0.22988053	0.29006118	0.14570779	0.41437227	-0.056545433	-0.12929672	-0.5877887	-0.034961034	-0.07501991
0.16903774	0.10820937	0.12056456	-0.10973848	-0.17471766	-0.43132532	0.12328706	0.46813592	-0.07434794	-0.32455477	-0.27246708	0.5275161	0.3057204	-0.6249575	0.31829092	0.21958418	-0.5923904	-0.27545777	0.034406424	0.116090424	-0.15212463	0.21688062	0.275132	0.14043185	0.37286213	-0.061532874	-0.11332324	-0.5332527	-0.025744855	-0.076287486
0.15654752	0.120194875	0.11720544	-0.08529266	-0.17714123	-0.45921043	0.11420737	0.5144652	-0.117854096	-0.31024548	-0.2811153	0.5558653	0.34780985	-0.6951792	0.3447699	0.22685683	-0.6345585	-0.2910596	0.01753072	0.12797864	-0.1595171	0.22993185	0.28435886	0.16533422	0.39100868	-0.028628372	-0.14183974	-0.5890474	-0.005694561	-0.063134655
0.17545596	0.11439584	0.10137418	-0.12599564	-0.20713685	-0.47610497	0.14270306	0.54980344	-0.11725721	-0.30435282	-0.28040865	0.55225384	0.33528256	-0.7062031	0.35069007	0.24927598	-0.64082485	-0.2755316	0.043058444	0.09029185	-0.15372288	0.20652944	0.3033644	0.1416735	0.41933548	-0.08137593	-0.12975517	-0.6051329	-0.03579922	-0.06709083
0.201103	0.12206981	0.13755804	-0.111964844	-0.17343716	-0.508663	0.13663596	0.5122586	-0.09379149	-0.341261	-0.3120988	0.5601951	0.3468596	-0.7454785	0.3742539	0.21512185	-0.66646147	-0.2786143	0.05991518	0.114173174	-0.14124203	0.2257434	0.3076802	0.17031814	0.42115575	-0.0439468	-0.11891641	-0.6142695	-0.041834023	-0.07246637
0.16840874	0.13245067	0.09775528	-0.101218045	-0.18560657	-0.46953428	0.11940997	0.51130825	-0.10801618	-0.3308176	-0.27583346	0.554405	0.34611598	-0.66950965	0.33657026	0.23061278	-0.64873266	-0.28158006	0.020462096	0.119035505	-0.122621514	0.1963626	0.2882698	0.11648249	0.39961025	-0.07304105	-0.12862569	-0.55233324	-0.045252565	-0.08150331
0.14748293	0.1353525	0.09878777	-0.111622624	-0.19803631	-0.475663	0.108390935	0.4949281	-0.1055585	-0.3063824	-0.29857785	0.53138554	0.31811237	-0.6787137	0.32105315	0.23625135	-0.6224527	-0.28495383	0.026288982	0.095295	-0.1540223	0.20563789	0.2824697	0.1292007	0.3882053	-0.061448917	-0.09779393	-0.55974036	-0.006357394	-0.072246745
0.14985831	0.1403987	0.113732114	-0.099864125	-0.18381195	-0.49522847	0.12893559	0.52311945	-0.07740179	-0.34295142	-0.29368377	0.5456137	0.30747145	-0.63427645	0.2930656	0.2554902	-0.6670323	-0.29902273	0.036855076	0.095585965	-0.1261081	0.23853388	0.2553785	0.11089108	0.3966678	-0.019961234	-0.1774146	-0.59623015	-0.058583457	-0.08249668
0.17815718	0.09589204	0.09487487	-0.10443175	-0.18642874	-0.43285057	0.12431122	0.48596475	-0.06789106	-0.30281815	-0.282452	0.5019094	0.3229971	-0.64178795	0.31182596	0.22746883	-0.59034663	-0.26718202	0.010450547	0.10435731	-0.15014875	0.2254043	0.2798638	0.13521108	0.39043564	-0.044091843	-0.11213194	-0.5386568	-0.025530377	-0.060750663
0.14620149	0.13215557	0.13514937	-0.08583455	-0.17597637	-0.4755733	0.16003649	0.5389466	-0.091890134	-0.30331516	-0.27184013	0.55796754	0.31827256	-0.6395865	0.3158994	0.23844028	-0.6698212	-0.2843703	0.014404453	0.116533026	-0.12095957	0.22596484	0.28187978	0.120330244	0.36792904	-0.0405203	-0.17488182	-0.57786465	-0.067211375	-0.071072765
0.14362916	0.12940262	0.11779901	-0.10043511	-0.18128543	-0.4376514	0.117602855	0.48488286	-0.08813725	-0.3082432	-0.28212762	0.5342205	0.32140332	-0.64632034	0.3314261	0.21121307	-0.59860724	-0.2649899	0.0360763	0.10938568	-0.14464356	0.21235593	0.28271776	0.14573824	0.39776054	-0.05927011	-0.1312853	-0.56469417	-0.03355372	-0.07364435
0.16276611	0.105681285	0.112159155	-0.10733607	-0.18069774	-0.4554483	0.101962395	0.5248551	-0.104027964	-0.32845113	-0.29535416	0.521734	0.3346906	-0.6596454	0.3157139	0.22095443	-0.62035286	-0.260114	0.029719105	0.12263154	-0.13733664	0.22494137	0.2812657	0.15008499	0.3743008	-0.03718656	-0.119525574	-0.55582756	-0.034335252	-0.09003143
0.16401182	0.13690197	0.09575835	-0.10997846	-0.18564776	-0.46865737	0.09495144	0.50731176	-0.09575585	-0.3372458	-0.27378768	0.5554186	0.31750688	-0.6872997	0.31984553	0.22968644	-0.6549627	-0.26008272	0.016354743	0.108313516	-0.1387536	0.20720811	0.28577894	0.15515868	0.4138822	-0.0399662	-0.14796603	-0.5940883	-0.046612434	-0.06314603
0.15532316	0.11599507	0.109060735	-0.115604736	-0.17879029	-0.48169255	0.12979896	0.5278623	-0.08958081	-0.30700648	-0.27508742	0.55905735	0.34347475	-0.6806743	0.33047828	0.24528307	-0.6262118	-0.25953498	0.03831076	0.12370495	-0.14105715	0.22910878	0.29817715	0.16196595	0.4196274	-0.058421012	-0.10789717	-0.5879126	-0.0408149	-0.07185418
0.19106306	0.13083087	0.120319664	-0.1278799	-0.1755977	-0.48288915	0.1373432	0.5391189	-0.1119395	-0.32064378	-0.30365792	0.5430568	0.32564273	-0.7143539	0.34773222	0.23494102	-0.6441637	-0.27881202	0.04515797	0.10216042	-0.13096674	0.20893176	0.31716564	0.16080339	0.40568244	-0.064093545	-0.14500822	-0.5750524	-0.017850766	-0.06620088
0.16926518	0.115531966	0.12012904	-0.0800528	-0.17365125	-0.45613596	0.10232569	0.49613345	-0.072286025	-0.32012984	-0.26179123	0.5289178	0.2925287	-0.63972694	0.31729594	0.2330764	-0.6111839	-0.26952288	0.014955018	0.075542495	-0.1441938	0.19936186	0.25766173	0.11887811	0.36180624	-0.047488496	-0.10308683	-0.56405216	-0.007484432	-0.07187498
0.1685214	0.09871197	0.09167668	-0.0965145	-0.17419522	-0.43645218	0.10083241	0.46420705	-0.067319356	-0.2998986	-0.26979375	0.508935	0.31495994	-0.62670916	0.30646837	0.20108666	-0.57811517	-0.26379085	0.015542485	0.078509994	-0.13251433	0.20173949	0.25072962	0.106709614	0.36688015	-0.065278955	-0.110951014	-0.53545696	-0.03512679	-0.07861793
0.1739925	0.12962916	0.12295605	-0.12243495	-0.19463202	-0.4789363	0.124776326	0.5131282	-0.11237271	-0.32913536	-0.2914081	0.5470065	0.3235641	-0.70205593	0.35569662	0.2309664	-0.63591367	-0.27656823	0.017735628	0.11636138	-0.16414014	0.21559627	0.28552613	0.15175833	0.3959694	-0.04360515	-0.13445906	-0.58535886	-0.0116879	-0.07296231
0.19216038	0.12345821	0.108540624	-0.11352825	-0.19485205	-0.46881157	0.10242719	0.51196796	-0.0959622	-0.32926896	-0.29957038	0.5724457	0.31951642	-0.7135295	0.33727512	0.2089737	-0.63776785	-0.28458115	0.013761022	0.10822328	-0.16044596	0.22380055	0.29500395	0.13860486	0.42471877	-0.07741741	-0.13769634	-0.58503383	-0.010226741	-0.07049882
0.11610531	0.110358775	0.08464063	-0.10051654	-0.17727694	-0.37714484	0.09579583	0.40287304	-0.0645697	-0.24535887	-0.22018	0.4278375	0.27476615	-0.53819865	0.2525612	0.19831948	-0.5119155	-0.1957919	0.018889176	0.07524794	-0.12996791	0.17056887	0.20048143	0.078273326	0.3228728	-0.013680582	-0.11475695	-0.4513073	-0.01306219	-0.054526087
0.17746195	0.11819906	0.12240752	-0.0813505	-0.1827806	-0.42093587	0.1391249	0.50734895	-0.08089049	-0.29323435	-0.26976496	0.5267866	0.3224768	-0.6239913	0.3142685	0.22360781	-0.6107711	-0.2636537	0.02041358	0.11154675	-0.14242591	0.184914	0.27864078	0.1466621	0.38603392	-0.030408323	-0.107975945	-0.55265254	-0.009463119	-0.050606385
0.15882385	0.110448025	0.13248824	-0.1217591	-0.21157551	-0.47014123	0.13984743	0.53517514	-0.1146341	-0.31830117	-0.29529375	0.5600059	0.32293615	-0.6846333	0.35911083	0.2581	-0.67601395	-0.28063294	0.031902295	0.09079952	-0.14082266	0.23637061	0.28040335	0.13523601	0.40117002	-0.0683722	-0.12600772	-0.5775268	-0.016282508	-0.06789995
0.15995957	0.12589568	0.12533894	-0.10897528	-0.19374374	-0.467899	0.12643336	0.48351017	-0.08509741	-0.31835976	-0.2661977	0.5372635	0.30168858	-0.6238941	0.3233879	0.2273787	-0.6271893	-0.2720678	0.03564773	0.091586955	-0.13242114	0.21627185	0.28437662	0.11895589	0.38457504	-0.06750581	-0.11722576	-0.56482947	-0.006428214	-0.06095484
0.11961794	0.06177943	0.06723414	-0.046663098	-0.21082406	-0.3669407	0.14068766	0.42972437	-0.053803757	-0.25746158	-0.19111243	0.4570867	0.22178471	-0.49950618	0.23012173	0.22650418	-0.5114333	-0.25188196	-0.040740546	0.10836291	-0.1399274	0.18293433	0.19284293	0.0584466	0.31631947	-0.02032285	-0.12777294	-0.4495795	-0.038261905	-0.012297191
0.147894	0.14035772	0.09999775	-0.09774127	-0.17399321	-0.45743763	0.13515419	0.5062217	-0.08030416	-0.30971178	-0.28921676	0.5374549	0.31823558	-0.65818524	0.31629974	0.23186071	-0.6072977	-0.2682997	0.04103046	0.114876516	-0.1605723	0.22193003	0.27401933	0.15642644	0.37901843	-0.0525139	-0.117816515	-0.5774631	-0.010351482	-0.083963916
0.1866397	0.12883708	0.13027577	-0.10057557	-0.17764585	-0.46369362	0.10043289	0.5119679	-0.08062879	-0.32929677	-0.29473856	0.5207661	0.33842397	-0.6666712	0.34820393	0.22750737	-0.6502679	-0.2789043	0.029610248	0.077350006	-0.15108006	0.2303661	0.274359	0.12268351	0.3984313	-0.058350813	-0.11066242	-0.5844999	0.011936765	-0.0817685
0.16133386	0.101502515	0.09784869	-0.10993712	-0.19755393	-0.45809653	0.10545924	0.4992302	-0.10652151	-0.31039444	-0.2670032	0.5274703	0.32841533	-0.6442763	0.3130453	0.21665716	-0.61798245	-0.2766031	0.033523045	0.08230713	-0.1616643	0.21869576	0.27672774	0.12711239	0.39612964	-0.04974412	-0.122440875	-0.5670399	-0.009958586	-0.050462235
0.15609707	0.12163736	0.10025588	-0.1107194	-0.16973145	-0.44337443	0.14470279	0.50313026	-0.10112306	-0.3031514	-0.27492344	0.5269372	0.33018956	-0.6754475	0.33076298	0.22648184	-0.61970556	-0.28390074	0.03796091	0.10149446	-0.1281116	0.19579342	0.29140714	0.13674915	0.38669834	-0.030077154	-0.13036115	-0.5534942	-0.0072998283	-0.06963491
0.14603606	0.11361582	0.11935838	-0.10859212	-0.20286688	-0.46718857	0.11502983	0.5183091	-0.091748714	-0.32684058	-0.29342034	0.53740996	0.3209078	-0.675865	0.33768606	0.22282957	-0.62785316	-0.2857378	0.027863074	0.09609703	-0.15254132	0.21723936	0.28709385	0.12107894	0.4170501	-0.044270717	-0.11023196	-0.571621	-0.0037949346	-0.078682356
0.12572062	0.04801057	0.100701384	-0.057129044	-0.21094835	-0.3682042	0.12128919	0.4478997	-0.055910245	-0.27631816	-0.21215436	0.47542235	0.22764476	-0.53315026	0.21972342	0.21808283	-0.50789815	-0.23425126	-0.036467437	0.10754006	-0.13154691	0.18801767	0.20077427	0.06783639	0.3260605	-0.040874053	-0.13662058	-0.47984204	-0.046301637	-0.025613174
0.17102215	0.13927041	0.115244724	-0.08321218	-0.16627668	-0.4589966	0.14350405	0.5311241	-0.0987708	-0.31246346	-0.29246703	0.5353119	0.3382539	-0.66380316	0.29496464	0.24011984	-0.6667893	-0.2676918	0.035721287	0.08911342	-0.11975893	0.23766632	0.25938118	0.12123701	0.37550685	-0.053190637	-0.16680057	-0.592444	-0.055490877	-0.07431189
0.12794313	0.06682314	0.0839268	-0.059671786	-0.21867095	-0.36825752	0.13443601	0.4363427	-0.06977224	-0.24580008	-0.2302646	0.46496323	0.24524066	-0.5304916	0.23473509	0.20147112	-0.5241594	-0.2527234	-0.03396452	0.09720844	-0.12252825	0.20351474	0.17973995	0.04185882	0.31000832	-0.03585361	-0.13060586	-0.48247537	-0.04330329	-0.021041766
0.1639426	0.12601693	0.09571551	-0.114151195	-0.1691269	-0.4504345	0.11319683	0.5038363	-0.09111582	-0.28604355	-0.26342255	0.5253883	0.32611877	-0.6456025	0.2998071	0.20916009	-0.6081697	-0.2697864	0.020552035	0.07487513	-0.1490179	0.2010626	0.2672691	0.10974413	0.3740727	-0.050798077	-0.12316217	-0.5356703	-0.03392193	-0.065072365
0.18703513	0.11964267	0.104077354	-0.09650701	-0.19821183	-0.488408	0.10795702	0.5461598	-0.114091754	-0.31351435	-0.29899737	0.57924706	0.3311097	-0.7047732	0.35358477	0.22711512	-0.646135	-0.29250878	0.030844353	0.10060089	-0.16060892	0.21077454	0.28152654	0.16185075	0.39240414	-0.051291723	-0.10835115	-0.59108764	-0.034686137	-0.08763607
0.2143346	0.086425655	0.15066953	-0.13993464	-0.14774166	-0.548829	0.11722744	0.6492068	-0.08679265	-0.34142193	-0.44979605	0.5294568	0.3097474	-0.7089183	0.39498904	0.3064143	-0.73206484	-0.2858967	0.07402631	-0.01453102	-0.18161531	0.2941016	0.32212284	0.13320525	0.3868921	-0.06924621	-0.16638426	-0.6053501	0.11726287	-0.08084503
0.15767293	0.12693857	0.12354717	-0.10677663	-0.19700103	-0.48969406	0.112186864	0.51248807	-0.11463043	-0.34180978	-0.30102614	0.5832288	0.313846	-0.68425405	0.35189286	0.23233575	-0.66584	-0.29195774	0.014922667	0.10474365	-0.15368214	0.20730953	0.3107499	0.14951195	0.42067325	-0.051329523	-0.118007176	-0.5996802	-0.036407918	-0.0889821
0.1585135	0.14187187	0.1286691	-0.12825337	-0.20598608	-0.4747026	0.12302842	0.50412345	-0.11514544	-0.32935768	-0.29697746	0.55769634	0.3286556	-0.6929814	0.3378018	0.23438093	-0.6687678	-0.2777206	0.034792885	0.10547904	-0.14304353	0.21734303	0.29585734	0.14077286	0.39617267	-0.03289421	-0.14473645	-0.5810966	-0.022276144	-0.076592565
0.17309983	0.13127682	0.10820418	-0.0962241	-0.18531032	-0.45665258	0.12434829	0.5084436	-0.11174274	-0.31522536	-0.28329968	0.5582456	0.33286268	-0.68835145	0.3434693	0.22623323	-0.65351546	-0.27429628	0.022883564	0.09407128	-0.12810056	0.19111069	0.29611534	0.13701859	0.38511807	-0.042862117	-0.13350725	-0.5791183	-0.010406719	-0.065484226
0.17968382	0.13504383	0.13096057	-0.090933196	-0.19853875	-0.4661322	0.13332121	0.5228345	-0.09914751	-0.33989727	-0.27520847	0.57723844	0.33137536	-0.66814893	0.3267362	0.23580863	-0.6485417	-0.29325375	0.020382607	0.11169488	-0.16597462	0.21424945	0.3003758	0.15835701	0.41460475	-0.038983874	-0.11325141	-0.5972887	-0.008634211	-0.07150358
0.16459532	0.10233486	0.10947974	-0.1028942	-0.19261143	-0.45228451	0.14031756	0.49609125	-0.08373413	-0.30167067	-0.28881517	0.5243751	0.30688745	-0.6346783	0.29810712	0.21223712	-0.6212239	-0.24767071	0.037700474	0.08947369	-0.14794472	0.19262552	0.25070703	0.12886494	0.3852402	-0.046186324	-0.14208706	-0.55415595	-0.03708214	-0.07817982
0.16783397	0.08380374	0.09827361	-0.098471455	-0.19234668	-0.41303667	0.13427518	0.48037386	-0.062233653	-0.3135146	-0.26435617	0.52055216	0.2890376	-0.6052655	0.2788735	0.23021433	-0.57122344	-0.25058675	-0.021765599	0.11949819	-0.135781	0.2089408	0.22288634	0.07969387	0.3452331	-0.041755993	-0.13581078	-0.54334605	-0.03079504	-0.040816948
0.16931842	0.1437431	0.11369624	-0.10290592	-0.17518555	-0.4759353	0.10376404	0.51955056	-0.08500313	-0.33728102	-0.26466787	0.53109956	0.31704068	-0.69341797	0.3500026	0.24264683	-0.6527428	-0.2639394	0.049407113	0.11420185	-0.122949034	0.20504788	0.28426751	0.1336435	0.39690953	-0.027052633	-0.13320366	-0.567001	-0.009727526	-0.08273351
0.19260277	0.09923005	0.17125274	-0.112358816	-0.19275364	-0.58913743	0.14437784	0.65160495	-0.10221359	-0.3482191	-0.44447747	0.5594062	0.33839682	-0.72177166	0.37956437	0.314962	-0.72106653	-0.30946723	0.04189052	-0.02496625	-0.15054846	0.3300572	0.314864	0.122033514	0.41292977	-0.06474834	-0.13122532	-0.630371	0.12261883	-0.08988768
0.21482539	0.1016994	0.15999907	-0.13237903	-0.16711438	-0.5341976	0.13502811	0.6243777	-0.08488716	-0.3240908	-0.4041126	0.54838634	0.33316016	-0.732008	0.37966153	0.29136884	-0.73739696	-0.28646985	0.047345914	-0.0020378586	-0.15015593	0.28913632	0.3117209	0.1096049	0.3958116	-0.07913746	-0.15605031	-0.63238543	0.087550335	-0.10632775
0.14715683	0.12491934	0.08484515	-0.10836363	-0.19604066	-0.4294408	0.11631365	0.5022954	-0.067560606	-0.3130234	-0.2672636	0.52871424	0.31083336	-0.6259393	0.30756488	0.22126575	-0.63389945	-0.26399538	-0.012127048	0.08757148	-0.15206581	0.2207342	0.25800285	0.09795568	0.38327056	-0.04781108	-0.11745005	-0.5412424	-0.037183043	-0.05643692
0.16338827	0.113712415	0.11077901	-0.07992492	-0.18246245	-0.45590928	0.11686145	0.5407869	-0.09571568	-0.34916192	-0.27810624	0.53332675	0.31141278	-0.6526489	0.3419414	0.25017792	-0.6313994	-0.26552472	-0.006604261	0.0958929	-0.16760734	0.20152704	0.29178247	0.13210385	0.42659384	-0.039728343	-0.14095505	-0.57752573	-0.014854177	-0.06261347
0.14751379	0.1344751	0.106851645	-0.11207033	-0.19705822	-0.47110108	0.10795985	0.509818	-0.087242015	-0.32595977	-0.26582587	0.56066406	0.32839167	-0.68032336	0.31052068	0.21798407	-0.63126385	-0.28315127	0.026378866	0.11762979	-0.16044953	0.22547059	0.26622513	0.11883755	0.38726217	-0.06570781	-0.12574609	-0.571155	-0.036023416	-0.08055918
0.15756966	0.12118162	0.10195444	-0.08644453	-0.18477695	-0.43237928	0.12324678	0.50971514	-0.07932444	-0.3239067	-0.25389537	0.5312497	0.33476633	-0.6616923	0.30171478	0.23804747	-0.6228888	-0.24918386	0.0016231292	0.10657117	-0.14563875	0.1962547	0.28565034	0.12077001	0.37924185	-0.035428032	-0.13053985	-0.5565069	-0.02855324	-0.0638404
0.16003999	0.10154747	0.09845077	-0.1119192	-0.18580596	-0.46200886	0.110749885	0.49841404	-0.08067156	-0.29235718	-0.27558753	0.5265537	0.29575434	-0.6589556	0.31502303	0.23026557	-0.61056775	-0.27547792	0.01912017	0.08726545	-0.13299881	0.2265345	0.27699375	0.14374414	0.3632661	-0.04348598	-0.10851947	-0.568303	0.008955611	-0.07685487
0.16563225	0.10232414	0.095692284	-0.10663241	-0.1924336	-0.43730882	0.1242465	0.51134706	-0.077433854	-0.29038423	-0.27052355	0.53958523	0.32277712	-0.6512879	0.3139968	0.2166014	-0.59918433	-0.2805741	0.036371466	0.10263637	-0.15988593	0.20879033	0.24886812	0.13875301	0.36882016	-0.06534401	-0.10277579	-0.55063903	-0.005852335	-0.04801556
0.16301045	0.11972518	0.13183726	-0.115793884	-0.19903886	-0.49161866	0.11349024	0.5221428	-0.11135702	-0.31272912	-0.3005922	0.5413093	0.33733454	-0.67682576	0.33558685	0.21770519	-0.6462938	-0.26738435	0.03658395	0.1096795	-0.13971534	0.2085892	0.26444253	0.13661295	0.39950496	-0.06515026	-0.13039619	-0.5629315	-0.04663786	-0.060174666
0.13826881	0.045837257	0.071731076	-0.06511791	-0.22520937	-0.37464312	0.1521866	0.42960554	-0.04303822	-0.24881645	-0.2090452	0.46887338	0.22347234	-0.51676357	0.24344932	0.23525472	-0.49932206	-0.25782678	-0.05724852	0.10045078	-0.14088315	0.18832818	0.16413361	0.04871714	0.32167587	-0.03425132	-0.13993494	-0.47669175	-0.044475455	-0.037723035
0.18430682	0.11656786	0.09812518	-0.12455185	-0.19314435	-0.46535802	0.1400173	0.50568914	-0.08935374	-0.32935834	-0.28894395	0.52287745	0.32427406	-0.67034596	0.31043625	0.21217307	-0.63918287	-0.28660783	0.032542035	0.091841675	-0.14829403	0.20534208	0.29055125	0.11998302	0.3949176	-0.06755327	-0.113527216	-0.5715107	-0.030163651	-0.08746085
0.20357636	0.08814594	0.13711555	-0.13857716	-0.19663167	-0.5712616	0.14260998	0.6534513	-0.110939115	-0.36077893	-0.41243	0.57952	0.35853493	-0.75943923	0.40104255	0.32726288	-0.75620085	-0.31986925	0.058170766	0.02994373	-0.18212417	0.31574938	0.3004427	0.12790453	0.4141489	-0.04918133	-0.14657207	-0.6550166	0.08609615	-0.105627164
0.1808528	0.11267927	0.11249912	-0.0976457	-0.161953	-0.45636496	0.12420011	0.5113892	-0.10657855	-0.31284875	-0.2750804	0.527602	0.29041892	-0.6578492	0.3036863	0.2462281	-0.6243372	-0.27237457	0.028636351	0.076436594	-0.13769609	0.21548449	0.25874752	0.118731715	0.3866807	-0.065781236	-0.13016605	-0.5487563	-0.030859232	-0.07114895
0.18709187	0.1276167	0.1298898	-0.09475171	-0.20017847	-0.46906614	0.11058448	0.5027341	-0.109502666	-0.3368012	-0.2762801	0.5310637	0.32870382	-0.6822101	0.32397428	0.22012627	-0.6578859	-0.26318645	0.025304874	0.10695418	-0.13304187	0.19421324	0.29471144	0.1605149	0.40271506	-0.05112736	-0.1265915	-0.59372467	-0.002077378	-0.089772634
0.15501668	0.10948395	0.10260544	-0.11272863	-0.20130274	-0.46340713	0.11234424	0.5138464	-0.112215385	-0.30969602	-0.27831003	0.5262074	0.32962048	-0.6701642	0.33051768	0.23586857	-0.6395415	-0.27054486	0.043712277	0.09892082	-0.1562458	0.20302932	0.2823927	0.13336296	0.37842727	-0.04968922	-0.13674784	-0.5750736	-0.039408732	-0.07271356
0.16539897	0.123518325	0.11914801	-0.09143405	-0.206609	-0.47249728	0.14349727	0.5401088	-0.09082275	-0.32042763	-0.2730718	0.54575944	0.31646848	-0.6817388	0.33514705	0.24780121	-0.62045443	-0.29706326	0.020364815	0.10985822	-0.14798065	0.24192429	0.28716162	0.13983835	0.38049987	-0.06397081	-0.11746644	-0.56040925	-0.02072603	-0.07322731
0.12119607	0.06962897	0.080818586	-0.06940627	-0.20518698	-0.39067516	0.112459615	0.4474144	-0.06461712	-0.2518948	-0.22451033	0.47660217	0.23667319	-0.5400054	0.24133594	0.20636323	-0.5301186	-0.25162068	-0.025154892	0.1025635	-0.11990449	0.20167178	0.19355267	0.06817718	0.30875975	-0.037232965	-0.11962166	-0.48014146	-0.053146813	-0.051874064
0.17896537	0.11023594	0.101102434	-0.086247645	-0.1876146	-0.473597	0.12035154	0.51471895	-0.105099455	-0.31536844	-0.27907526	0.55712074	0.33432558	-0.64865834	0.32136953	0.22245511	-0.6363268	-0.2680398	0.043527983	0.09267191	-0.12799841	0.1970658	0.28816396	0.12718557	0.38371956	-0.030339368	-0.13565847	-0.5621315	-0.034884054	-0.05380401
0.14518015	0.1226804	0.10663145	-0.088576965	-0.18486507	-0.46296242	0.11553682	0.5220098	-0.096991524	-0.32155296	-0.28404164	0.5348288	0.32229882	-0.6400682	0.28704426	0.24184386	-0.60922	-0.2633666	-0.011861479	0.122122824	-0.12997581	0.19636154	0.2468615	0.1363253	0.37535152	-0.026470365	-0.132443	-0.55169356	-0.04135311	-0.06844469
0.15526624	0.11002064	0.095042475	-0.094337724	-0.18332373	-0.46670467	0.12979473	0.48999518	-0.10857854	-0.3013688	-0.2837327	0.5523689	0.32912531	-0.68081254	0.3309307	0.21811953	-0.6173997	-0.28406075	0.027297037	0.117394865	-0.13490105	0.20509411	0.2820839	0.1312449	0.40490076	-0.066437095	-0.09956704	-0.55550647	-0.01892505	-0.093461506
0.13464406	0.099448234	0.08679667	-0.09329668	-0.1883798	-0.3938138	0.105568275	0.4586639	-0.09790711	-0.30450037	-0.2539264	0.50339305	0.28688896	-0.6031604	0.28535703	0.22205104	-0.59130365	-0.22893701	-0.0047497163	0.10941865	-0.12448373	0.17755163	0.26294714	0.09927777	0.34947947	-0.056461986	-0.10783678	-0.528555	-0.025473738	-0.06598913
0.14513123	0.10015933	0.08342293	-0.10016437	-0.21171248	-0.41993532	0.15423472	0.49752107	-0.09007926	-0.29094046	-0.27573705	0.5177909	0.31223932	-0.61714786	0.2818444	0.21780989	-0.58526045	-0.24920268	0.010696239	0.11396947	-0.15922183	0.20575902	0.24786602	0.08078777	0.3741459	-0.03273188	-0.13492715	-0.5491008	-0.019790068	-0.043127064
0.18879545	0.12317975	0.11762912	-0.113075145	-0.20237845	-0.45964053	0.11171019	0.50352126	-0.11056389	-0.3299573	-0.27666354	0.539097	0.31653005	-0.68040526	0.34578988	0.24957977	-0.6548643	-0.28793055	0.028819643	0.12063695	-0.14665443	0.19840497	0.2981162	0.123645306	0.41733247	-0.036329634	-0.11575858	-0.57536364	-0.02274563	-0.086960934
0.16116962	0.12175939	0.11644643	-0.10560542	-0.17617562	-0.48337743	0.13533923	0.52938145	-0.08676951	-0.3274287	-0.30390015	0.5429804	0.3348849	-0.7075252	0.33159962	0.24236576	-0.63575697	-0.29968005	0.022591548	0.12682632	-0.13327774	0.2227546	0.2757113	0.13475786	0.40399694	-0.048398	-0.12318494	-0.60224766	-0.03837965	-0.051102575
0.1752158	0.11715243	0.09309048	-0.089591324	-0.18051904	-0.44006693	0.11824828	0.49071476	-0.08381664	-0.32265568	-0.26194397	0.5156772	0.32331654	-0.64200896	0.29153338	0.20598324	-0.59437585	-0.2654918	0.01127677	0.08801044	-0.13223831	0.20166922	0.28301987	0.14232554	0.36665767	-0.051795088	-0.12549895	-0.5344828	0.0032784627	-0.073467776
0.17949957	0.13727032	0.13101552	-0.11636604	-0.1962077	-0.5045712	0.1484598	0.541854	-0.124332294	-0.3443683	-0.31673878	0.5876445	0.37461334	-0.7222822	0.36250004	0.2446522	-0.68483734	-0.3087545	0.019891564	0.13486034	-0.14002034	0.23282467	0.30526015	0.15026312	0.42611295	-0.030058697	-0.16584986	-0.6059296	-0.042004988	-0.09506746
0.17104982	0.13081057	0.11972359	-0.08400651	-0.17612386	-0.44431323	0.13925107	0.5085404	-0.09322073	-0.29389736	-0.281318	0.51918954	0.3318202	-0.6287164	0.32590702	0.22335768	-0.5956179	-0.2599149	0.02367654	0.085578464	-0.13054855	0.20996912	0.26334813	0.13553631	0.37613258	-0.04694956	-0.13240759	-0.54672885	-0.016938042	-0.06573249
0.18116029	0.122071534	0.10095834	-0.13681962	-0.22282703	-0.5188829	0.14342153	0.551967	-0.08704385	-0.3403291	-0.2897862	0.61299753	0.33119977	-0.752277	0.3633788	0.2619459	-0.674113	-0.30847183	0.04009567	0.12629502	-0.15693264	0.21784994	0.29375735	0.13815808	0.4497398	-0.033469517	-0.11680472	-0.61170536	-0.03796062	-0.0779374
0.19116198	0.07710077	0.13893412	-0.1062256	-0.165854	-0.5017716	0.15024237	0.5589576	-0.08840451	-0.32866627	-0.3245277	0.53190297	0.32106757	-0.6821308	0.34368756	0.23246357	-0.6523278	-0.2925395	0.022357171	0.043932304	-0.14924821	0.23033471	0.26482096	0.11019683	0.4136913	-0.037055347	-0.14933582	-0.5564131	0.010784848	-0.07838285
0.18391655	0.11200583	0.12790325	-0.109875485	-0.19423738	-0.4595863	0.13688162	0.51830024	-0.08113522	-0.33843556	-0.28388998	0.5486681	0.34800795	-0.7066952	0.33499098	0.23874746	-0.6619802	-0.27884218	0.02091943	0.091027014	-0.13020259	0.21040967	0.3022671	0.13343346	0.40855306	-0.045968108	-0.13954428	-0.60470134	-0.007253811	-0.073355116
0.14062688	0.1335906	0.08603193	-0.11073184	-0.19100723	-0.43704858	0.12956731	0.49608055	-0.101492725	-0.31089824	-0.26335734	0.528331	0.32151803	-0.64154994	0.29850385	0.222046	-0.61582965	-0.24927688	0.0030941144	0.10656791	-0.13618627	0.19047114	0.27495134	0.11754552	0.37258682	-0.030634804	-0.12035253	-0.54428905	-0.017123345	-0.06703619
0.18102816	0.13919683	0.1123846	-0.0995337	-0.21553743	-0.46418115	0.14056464	0.53684646	-0.115051314	-0.3236009	-0.30916104	0.57663244	0.3367444	-0.7141361	0.35585493	0.2298919	-0.6483	-0.26606	0.04373072	0.09743628	-0.1509656	0.22633398	0.27265748	0.1294808	0.41797274	-0.06777418	-0.100918695	-0.6025226	-0.033948705	-0.08395404
0.18049493	0.12277453	0.10996205	-0.108665936	-0.17277804	-0.4740821	0.113628656	0.5202791	-0.08639692	-0.33488646	-0.2615229	0.5298329	0.32662663	-0.6694198	0.31432027	0.24645478	-0.6632209	-0.27929175	0.028676072	0.126597	-0.13601181	0.21238513	0.29806462	0.14665069	0.39559793	-0.035717357	-0.13661295	-0.58478326	-0.031896833	-0.057120692
0.19574429	0.063744046	0.1741495	-0.110251404	-0.17421475	-0.5693594	0.11403006	0.65456074	-0.11271827	-0.32470787	-0.434469	0.56021947	0.3169285	-0.75535285	0.37201464	0.3184374	-0.72936904	-0.27822387	0.07393642	-0.010202413	-0.16621082	0.33296055	0.31913725	0.09863608	0.41193655	-0.03996255	-0.13764434	-0.6264084	0.09033673	-0.09836181
0.17885962	0.1068253	0.10538566	-0.11468933	-0.19558315	-0.47449705	0.12430147	0.52181745	-0.10973421	-0.31882975	-0.28020033	0.5442238	0.3356778	-0.6717438	0.33960885	0.24404176	-0.63641226	-0.26654163	0.035002444	0.09045204	-0.13554154	0.20399636	0.2949662	0.1398723	0.39356	-0.06444146	-0.11219072	-0.5773453	-0.008376305	-0.08381034
0.14509542	0.09424786	0.11047557	-0.1070509	-0.17964545	-0.45475549	0.12861487	0.48684445	-0.09271327	-0.3181632	-0.2846012	0.5183728	0.31509435	-0.6519931	0.2961813	0.24169213	-0.6206143	-0.27411726	0.03373196	0.09649656	-0.14841782	0.20472431	0.25339922	0.14064777	0.38153756	-0.0529111	-0.11272732	-0.5540289	-0.0035515274	-0.05636309
0.18242592	0.13886018	0.09635651	-0.10875891	-0.21390785	-0.4474522	0.14163622	0.52426505	-0.09326741	-0.32456297	-0.2891508	0.563525	0.3197531	-0.68888426	0.3439305	0.24435186	-0.6274184	-0.27286816	0.009199941	0.12381009	-0.17376359	0.20751733	0.26359868	0.13576713	0.40012896	-0.048407827	-0.101988465	-0.5701803	-0.030891525	-0.07110425
0.16961038	0.13021187	0.114435814	-0.08994411	-0.20677735	-0.4533569	0.12892199	0.50301737	-0.09145318	-0.30347875	-0.29131505	0.53569144	0.32792252	-0.6692698	0.32945737	0.21766475	-0.64003575	-0.27760214	0.030869916	0.09172647	-0.15437348	0.20440534	0.27734634	0.14543879	0.37901494	-0.05147734	-0.13248909	-0.568293	-0.024469096	-0.06983039
0.18031363	0.12148133	0.11783308	-0.09871776	-0.19393681	-0.44086257	0.12669525	0.49111792	-0.087337986	-0.29568273	-0.28090003	0.52070767	0.3163266	-0.65952146	0.31087032	0.23523682	-0.61645544	-0.24503514	0.041834384	0.093337275	-0.1499894	0.22503576	0.2763885	0.115963496	0.39898095	-0.062338255	-0.124423355	-0.5658209	-0.01188882	-0.05956174
0.13763554	0.08198391	0.07571008	-0.09808449	-0.18701161	-0.4231209	0.13430469	0.47883427	-0.09285093	-0.30148298	-0.23985285	0.50324637	0.30021802	-0.5715079	0.29529643	0.22820404	-0.5774592	-0.252992	0.010196673	0.09385446	-0.14838749	0.20919079	0.254056	0.10606736	0.36078942	-0.024951817	-0.11731806	-0.5090199	-0.039026678	-0.058551706
0.1822982	0.09197406	0.112056896	-0.09773527	-0.16787803	-0.44298407	0.13348882	0.5128933	-0.10993679	-0.32137173	-0.30413455	0.5403043	0.32906613	-0.6370154	0.31333393	0.22865717	-0.62316847	-0.25205085	0.03478614	0.06529949	-0.13479434	0.21556759	0.278659	0.11416875	0.3941481	-0.049137965	-0.14130864	-0.5538536	-0.027547682	-0.06893703
0.16310196	0.108317025	0.123652756	-0.100447066	-0.19496426	-0.45667782	0.12141702	0.49621013	-0.08870993	-0.31342146	-0.2953918	0.54189116	0.3165407	-0.6627113	0.31806192	0.21634416	-0.6358007	-0.2564477	0.023400756	0.07945075	-0.14190155	0.19020683	0.2907126	0.1390544	0.40719804	-0.03255055	-0.12380046	-0.55826914	-0.03208778	-0.060830515
0.14445151	0.12868679	0.115338996	-0.11210018	-0.17054445	-0.43330953	0.09871516	0.4960808	-0.084659114	-0.31569505	-0.2775387	0.5237847	0.31812498	-0.62829304	0.3326248	0.22601783	-0.592694	-0.27249452	0.01972223	0.105640665	-0.1336495	0.185327	0.26418197	0.14911567	0.38612068	-0.05774807	-0.11429289	-0.5355808	-0.020748623	-0.087020226
0.15563664	0.13299419	0.092145786	-0.100315124	-0.19887842	-0.44102368	0.14045073	0.5032863	-0.08420758	-0.30171198	-0.28348342	0.55990714	0.333874	-0.68207157	0.34199518	0.24297577	-0.649998	-0.25543764	0.030326683	0.10726645	-0.13112172	0.22380802	0.25860888	0.13685025	0.3981304	-0.04390044	-0.134693	-0.57559025	-0.02814394	-0.085619554
0.17520636	0.11438357	0.09039525	-0.09737445	-0.17790535	-0.45329416	0.12659468	0.4955784	-0.08125979	-0.32507852	-0.27823177	0.52889055	0.30037615	-0.64789706	0.3285935	0.22355375	-0.615915	-0.2630348	0.0021071986	0.09632397	-0.15020575	0.18349694	0.24923833	0.14855672	0.377845	-0.06750887	-0.11691202	-0.5512472	-0.0316538	-0.08002258
0.1853803	0.116077416	0.12065811	-0.09346891	-0.20414336	-0.45780239	0.14391194	0.5522484	-0.11134627	-0.30623454	-0.29252777	0.55628526	0.33930036	-0.6836528	0.3335997	0.24306136	-0.6585217	-0.29595795	0.025729697	0.09015009	-0.17280273	0.21010773	0.28097787	0.12685399	0.42040074	-0.05852658	-0.123588264	-0.603426	-0.02604867	-0.08918219
0.15560167	0.105902255	0.09434714	-0.1155588	-0.18691058	-0.4641049	0.12891604	0.50296414	-0.0967087	-0.2953698	-0.28985584	0.54789597	0.3082119	-0.6737676	0.33548117	0.23640916	-0.60760045	-0.2723538	0.0057983175	0.10654284	-0.14344864	0.2004197	0.27960694	0.1483247	0.38455448	-0.05698805	-0.11260408	-0.5536717	-0.02646831	-0.08823312
0.16095817	0.10245453	0.09324513	-0.10851915	-0.19082567	-0.4692099	0.113010265	0.5096584	-0.07747077	-0.32276505	-0.2777146	0.5591275	0.3446554	-0.7027607	0.3227813	0.24322319	-0.6220439	-0.2659696	0.011795725	0.10526389	-0.15413152	0.22026347	0.26747054	0.11708067	0.4120817	-0.06596044	-0.1354459	-0.5858456	-0.025830824	-0.088034295
0.15108724	0.11622153	0.096247405	-0.11184369	-0.17166276	-0.46064362	0.14002292	0.5214538	-0.10582654	-0.34182367	-0.27571857	0.542893	0.32689255	-0.68359125	0.35034144	0.23653316	-0.66362315	-0.2654307	0.040297374	0.12206814	-0.13477978	0.21702361	0.2835776	0.13247298	0.4112873	-0.03424204	-0.13075142	-0.5788696	-0.019859863	-0.077510804
0.12605277	0.04749027	0.07288177	-0.060754307	-0.234816	-0.3843185	0.14306007	0.4292972	-0.06995448	-0.25236085	-0.21044257	0.50540537	0.24013819	-0.50519186	0.24797063	0.2356424	-0.5107247	-0.252229	-0.060295057	0.08792176	-0.13922967	0.20718452	0.19191574	0.03337971	0.31096303	-0.032506295	-0.14576885	-0.4654883	-0.05767151	-0.026313223
0.14514005	0.116710976	0.11185009	-0.11319764	-0.1843683	-0.46171483	0.14123015	0.50162137	-0.102488756	-0.3313861	-0.29231927	0.5215462	0.30796802	-0.672653	0.33398354	0.21888606	-0.633501	-0.26578465	0.032505263	0.11249109	-0.14510156	0.20916001	0.2743163	0.1361005	0.3962034	-0.04967823	-0.12313655	-0.5760914	-0.040349696	-0.055032007
0.15103456	0.12953538	0.1122761	-0.09031994	-0.18813029	-0.45455638	0.13183537	0.50509787	-0.0807412	-0.3282336	-0.25760406	0.5535316	0.3245151	-0.64710724	0.32649326	0.24379502	-0.64692163	-0.27298415	0.021416746	0.09238531	-0.15920219	0.20743687	0.29157537	0.10727128	0.40312988	-0.03927632	-0.14229584	-0.5699492	-0.021740394	-0.080487356
0.18221045	0.1304917	0.1129889	-0.11639725	-0.18064077	-0.48418832	0.13016921	0.53420043	-0.11227113	-0.30954766	-0.26852906	0.56842786	0.31641462	-0.6908578	0.3164572	0.22978583	-0.6543021	-0.2778761	0.039055604	0.09698876	-0.15170768	0.2185002	0.2833987	0.1428546	0.40384546	-0.036535945	-0.13647711	-0.59728056	-0.027164869	-0.056343585
0.14987856	0.12438777	0.12728533	-0.12173296	-0.18881473	-0.45082027	0.122230746	0.5137773	-0.10250406	-0.31326634	-0.25971362	0.5533578	0.31815302	-0.6864209	0.31543925	0.24458124	-0.6494749	-0.29569137	0.015331676	0.118744515	-0.13010205	0.21975365	0.284618	0.13375127	0.40670395	-0.06329294	-0.14349021	-0.5843241	-0.04367819	-0.068880975
0.18869582	0.12615696	0.10946751	-0.124841034	-0.19769959	-0.48996216	0.13971719	0.5472333	-0.106232844	-0.34841684	-0.27969718	0.591875	0.32887152	-0.7178967	0.33025098	0.23689593	-0.6784222	-0.2992478	0.03591531	0.09584139	-0.1602229	0.21168777	0.28588173	0.1650977	0.43672195	-0.044476524	-0.11381332	-0.609587	-0.017328965	-0.08241932
0.1789012	0.1335938	0.12768018	-0.09193612	-0.17470534	-0.46119273	0.11084192	0.50958294	-0.11703394	-0.31257984	-0.29029843	0.5432284	0.3332883	-0.6785727	0.34653574	0.23116487	-0.61799115	-0.27266702	0.029491879	0.11562833	-0.1607134	0.20352076	0.29308528	0.13587348	0.39369062	-0.054245207	-0.14463682	-0.5679158	-0.004766649	-0.07440504
0.12737976	0.105086625	0.07263948	-0.0827001	-0.18920848	-0.40001246	0.09443057	0.4655561	-0.07112437	-0.27911323	-0.22590773	0.4681931	0.2811865	-0.5722759	0.27741805	0.20922546	-0.55088156	-0.25019747	-0.015935203	0.0876421	-0.12206173	0.1869732	0.23562968	0.08665361	0.34508944	-0.05278818	-0.13675666	-0.5158593	-0.025056519	-0.05604235
0.15352952	0.13120368	0.11799897	-0.08207125	-0.19266762	-0.41642022	0.10174022	0.49335375	-0.08649184	-0.31772715	-0.26188195	0.51910967	0.31996202	-0.6303769	0.31394327	0.2019628	-0.5927765	-0.24141356	0.029806359	0.10620838	-0.1303422	0.202504	0.25869107	0.1050321	0.37915882	-0.0600031	-0.13072675	-0.5304006	-0.02655425	-0.06387763
0.15037064	0.100048244	0.09344917	-0.08799507	-0.19665194	-0.4551272	0.10878321	0.5050093	-0.0787664	-0.31428108	-0.25682023	0.51913404	0.3016139	-0.64753944	0.2993834	0.2319314	-0.6260208	-0.26076365	0.023960501	0.11003071	-0.12970784	0.20201486	0.2548663	0.12534851	0.38640586	-0.028579505	-0.12954383	-0.57176095	-0.01452202	-0.07217345
0.14928101	0.12548612	0.09587136	-0.090306506	-0.1854265	-0.44357014	0.11670839	0.51508915	-0.08102642	-0.31391084	-0.26474673	0.5336551	0.31743112	-0.64888024	0.30314556	0.24105406	-0.63023275	-0.26626477	0.020750284	0.08944069	-0.13769226	0.21954587	0.2681314	0.14247465	0.38407326	-0.04020398	-0.12357933	-0.5481761	-0.016158234	-0.077578776
0.18043458	0.12103879	0.12838905	-0.094947286	-0.16090204	-0.48783568	0.14153361	0.5703732	-0.0771334	-0.30789044	-0.34282357	0.5377457	0.2945568	-0.6629919	0.3103322	0.2567272	-0.657983	-0.2646073	0.03136501	0.046107113	-0.12639457	0.25650695	0.26892892	0.12827002	0.3936583	-0.06956557	-0.16790223	-0.5861005	-0.011977858	-0.0690515
0.17641707	0.100624874	0.12433454	-0.096940234	-0.20116976	-0.46800476	0.13456485	0.51099324	-0.10272472	-0.3146171	-0.2825952	0.5558853	0.3291178	-0.6834134	0.3210855	0.23086934	-0.62047464	-0.25725374	0.021620527	0.09665119	-0.1274224	0.22685339	0.2636173	0.12403729	0.37636355	-0.06701555	-0.10175619	-0.58277535	-0.032293886	-0.07818218
0.18510571	0.13137233	0.11256299	-0.110722154	-0.1759729	-0.4442095	0.10974039	0.49727246	-0.084416546	-0.30429965	-0.29914513	0.5647566	0.32502222	-0.6593033	0.34166354	0.2405542	-0.6425675	-0.28078744	0.042127132	0.11182249	-0.14338781	0.2242202	0.26055315	0.14286023	0.38268012	-0.03848356	-0.13746284	-0.56365395	-0.019684298	-0.077131025
0.12337892	0.08326638	0.08145162	-0.07535449	-0.16269675	-0.37306002	0.12229277	0.4445017	-0.07044253	-0.2734798	-0.21528244	0.47414708	0.26856104	-0.5234585	0.2560522	0.18574436	-0.52034706	-0.23569138	0.010603348	0.083301246	-0.13790865	0.19802824	0.20384955	0.078410976	0.32984915	-0.04121496	-0.1251779	-0.4736703	-0.032606766	-0.031822175
0.16297872	0.1286465	0.100281134	-0.105739504	-0.16875815	-0.4566255	0.14443548	0.53387487	-0.1130746	-0.3120213	-0.2740709	0.56621706	0.32234654	-0.6992084	0.34205824	0.25261912	-0.6604897	-0.27220157	0.033086773	0.10983351	-0.17069887	0.21429257	0.28176436	0.13678087	0.38420328	-0.033766743	-0.11731657	-0.5645144	-0.029823013	-0.05187056
0.16031651	0.09731239	0.1289215	-0.09851273	-0.17157176	-0.4829816	0.12878387	0.5463185	-0.10897423	-0.3032563	-0.28525138	0.547256	0.31532174	-0.6638392	0.30979714	0.22459717	-0.64896226	-0.26960018	0.009149928	0.07450645	-0.15541516	0.22291598	0.2531028	0.12976721	0.373118	-0.054733515	-0.15482663	-0.5856436	-0.028914977	-0.07411291
0.16034514	0.10984084	0.13141203	-0.09705746	-0.21003762	-0.47309655	0.13779463	0.5369851	-0.11039987	-0.3413364	-0.2905474	0.5879364	0.35041475	-0.72190034	0.33756384	0.2511655	-0.66704404	-0.27538896	0.015684078	0.12655635	-0.1619066	0.21743727	0.30652004	0.1518165	0.42407688	-0.03570316	-0.12577155	-0.59872866	-0.021810653	-0.07846778
0.13585067	0.12503585	0.10848509	-0.10787302	-0.19743331	-0.47446564	0.12739287	0.4891875	-0.094444446	-0.31235954	-0.27200913	0.54746425	0.3291142	-0.6587	0.32376033	0.23311272	-0.61119556	-0.25460234	0.041867383	0.11800264	-0.1464794	0.21758421	0.27513146	0.11523696	0.37429845	-0.06459605	-0.115271084	-0.54947084	-0.011397223	-0.060706332
0.14356439	0.12362425	0.084037334	-0.09339407	-0.1870409	-0.41834944	0.13455106	0.48812535	-0.102027714	-0.32017922	-0.27488574	0.5286402	0.29420018	-0.62841636	0.32246995	0.22899121	-0.5978593	-0.2721958	0.02322753	0.11014222	-0.12814349	0.21180066	0.25300133	0.13717493	0.39341614	-0.038717184	-0.10174713	-0.5290214	-0.012159505	-0.07261151
0.18916179	0.12323903	0.107735746	-0.11881538	-0.19739807	-0.4770748	0.13640152	0.5295029	-0.084065415	-0.33286905	-0.29806486	0.531128	0.33197722	-0.69234264	0.33172646	0.21959646	-0.63527495	-0.2638732	0.016190311	0.10525912	-0.15169235	0.20134562	0.2915844	0.14419203	0.40982506	-0.055240624	-0.102657996	-0.5955088	-0.024487449	-0.078794576
0.15023741	0.10743189	0.12198887	-0.11654323	-0.21158402	-0.46319494	0.12448936	0.5334604	-0.09798297	-0.31874394	-0.29072788	0.5740243	0.34395283	-0.6652157	0.3306393	0.2491093	-0.6602	-0.2623704	0.012386863	0.118342176	-0.15567845	0.22698368	0.2622264	0.14075644	0.397692	-0.043447804	-0.13836952	-0.5895604	-0.047590684	-0.08074927
0.15630506	0.11193805	0.09211812	-0.080410704	-0.194298	-0.46161044	0.11153606	0.503427	-0.08811206	-0.29357743	-0.27607733	0.5197345	0.3300988	-0.6635692	0.31061253	0.22036119	-0.63216764	-0.25748488	0.030166427	0.090034015	-0.12574755	0.22795375	0.2621237	0.11436842	0.36917982	-0.037006117	-0.12685467	-0.55832076	-0.0147841	-0.049110964
0.15386641	0.14423567	0.10447438	-0.095698796	-0.18437421	-0.47191316	0.12972236	0.5312362	-0.10722958	-0.31581753	-0.27511773	0.5616771	0.32876214	-0.68923146	0.35730416	0.2176268	-0.6452939	-0.26737797	0.045440745	0.10776595	-0.15902479	0.21767645	0.29553896	0.15908343	0.42064336	-0.065376334	-0.11847545	-0.5814395	-0.03547204	-0.07035712
0.15846178	0.10426187	0.11401284	-0.08808314	-0.16058747	-0.428695	0.10616975	0.4949298	-0.093339525	-0.30962253	-0.2581589	0.52635914	0.3038059	-0.65896845	0.3365062	0.2257187	-0.62163675	-0.2646254	0.021420335	0.09661035	-0.14862062	0.20232472	0.2625766	0.12880947	0.40041408	-0.062103335	-0.13057514	-0.56492776	-0.0035652574	-0.0724034
0.17697473	0.13632195	0.11565917	-0.11093709	-0.21478416	-0.4732104	0.11426868	0.52773833	-0.093710236	-0.30749148	-0.3079503	0.57828707	0.3538114	-0.6736541	0.34476274	0.2146186	-0.65684533	-0.28774703	0.032582738	0.10012993	-0.15148118	0.22733182	0.26591417	0.15346198	0.40727577	-0.057825353	-0.14038947	-0.5869077	-0.037728764	-0.05760128
0.1698565	0.11130397	0.08851247	-0.08519218	-0.19485155	-0.43853775	0.1218673	0.48016608	-0.095224	-0.29926342	-0.27391014	0.53373694	0.31132406	-0.64155924	0.33360922	0.20621863	-0.5986731	-0.27598816	0.008841321	0.09466209	-0.13866414	0.21367659	0.2542227	0.12631474	0.3657244	-0.041990448	-0.120537475	-0.53951776	-0.037987426	-0.061914664
0.14776689	0.09593412	0.10521985	-0.09150642	-0.18234897	-0.44467688	0.12719114	0.5079242	-0.08010246	-0.30064145	-0.25337425	0.52129745	0.31148222	-0.6260942	0.30653334	0.24162704	-0.60934913	-0.24600463	0.011871554	0.0940863	-0.13262132	0.21520275	0.244744	0.12698272	0.38111874	-0.056067348	-0.107692346	-0.53000015	-0.033254996	-0.05400889
0.16585842	0.12752095	0.10916033	-0.12046732	-0.22223765	-0.49830127	0.14295071	0.55042315	-0.08767997	-0.31370378	-0.31853124	0.5658807	0.32078594	-0.6947495	0.3570166	0.21752934	-0.6550723	-0.28361326	0.047488816	0.09186101	-0.1456877	0.20905466	0.3054838	0.15904546	0.4351329	-0.05109655	-0.14389984	-0.6083348	-0.026697326	-0.057761252
0.15940285	0.12057679	0.11374212	-0.09569872	-0.17482556	-0.41837236	0.10163979	0.49187833	-0.099865146	-0.30802158	-0.2555022	0.5018994	0.28702313	-0.64494413	0.29245013	0.1975305	-0.6076507	-0.25391367	0.011962946	0.11957362	-0.12874144	0.21332563	0.27217352	0.14610477	0.3674971	-0.04794128	-0.102763824	-0.5357708	-0.02776462	-0.05217346
0.13480872	0.11047431	0.08285531	-0.0952933	-0.1646704	-0.44442517	0.12885	0.47740504	-0.090739034	-0.28774267	-0.2670691	0.53080034	0.32615584	-0.6320584	0.2976883	0.20381927	-0.5916446	-0.254522	0.017555268	0.111607306	-0.12479168	0.2033703	0.2682056	0.13394639	0.3515689	-0.031530805	-0.13384128	-0.52721393	-0.031757362	-0.08330143
0.19649652	0.13175315	0.12171591	-0.1262401	-0.19515762	-0.49565125	0.12895386	0.5482401	-0.09324797	-0.32894692	-0.29070777	0.58759034	0.323643	-0.7234519	0.3739635	0.25439686	-0.6779109	-0.30148616	0.025084086	0.10899813	-0.17655513	0.2291349	0.2809204	0.15098223	0.44219142	-0.055215932	-0.12989478	-0.62805545	-0.046094954	-0.083453506
0.17948562	0.10489157	0.10256015	-0.087681435	-0.21544607	-0.4605081	0.13308793	0.5163855	-0.10443786	-0.3078695	-0.28457168	0.5708534	0.33562064	-0.69243705	0.34166017	0.21471894	-0.63268656	-0.2814975	0.0213821	0.115264885	-0.14781535	0.20052959	0.28397015	0.14717989	0.4163071	-0.04980658	-0.12958589	-0.56528103	-0.02912015	-0.06053589
0.17446591	0.08049955	0.15394753	-0.12844144	-0.21176504	-0.5251331	0.13901643	0.63154745	-0.13004044	-0.36609945	-0.39391816	0.5936738	0.34861943	-0.765961	0.3484524	0.31483802	-0.7311315	-0.31159514	0.02527686	0.020400565	-0.15611443	0.30242723	0.31753564	0.11579078	0.4470579	-0.03120215	-0.14677437	-0.64265716	0.0526905	-0.08584465
0.15798719	0.10371058	0.10628938	-0.105366975	-0.16632244	-0.4362789	0.12831232	0.4994746	-0.08455265	-0.30102405	-0.28360873	0.5213959	0.32093045	-0.6547146	0.32903522	0.2211183	-0.5880804	-0.27456188	0.02625905	0.0813431	-0.12415844	0.19625805	0.2667634	0.14777538	0.36726898	-0.035088185	-0.119966395	-0.5620455	-0.006905083	-0.07354357
0.16401295	0.117264345	0.12077696	-0.08667413	-0.1959505	-0.47505224	0.129771	0.51072896	-0.07829141	-0.32254517	-0.2786258	0.53609383	0.306067	-0.6521238	0.31458429	0.22519366	-0.65859485	-0.27217945	0.022037933	0.09113138	-0.12776476	0.22829047	0.28060368	0.12178191	0.3768212	-0.035777416	-0.13805702	-0.5548172	-0.040301286	-0.06941008
0.14655502	0.12604205	0.09613658	-0.098590784	-0.20241594	-0.46869856	0.12519486	0.51929104	-0.10815537	-0.31088573	-0.28439024	0.54003096	0.31236783	-0.68611366	0.33888054	0.22816995	-0.631217	-0.2637634	0.04431316	0.10308316	-0.123641245	0.23030996	0.27224872	0.15034132	0.3799534	-0.042834923	-0.11793335	-0.5703224	-0.029162018	-0.072819956
0.18606274	0.14932014	0.12800619	-0.106030434	-0.19206199	-0.48673797	0.12867378	0.5564153	-0.0971166	-0.35067898	-0.29400378	0.55941546	0.3310646	-0.7297941	0.330515	0.2513997	-0.6932472	-0.29743138	0.013913179	0.14004958	-0.1370394	0.2322284	0.2847636	0.14683567	0.40620977	-0.054957192	-0.12574627	-0.61275303	-0.052328188	-0.064181246
0.19744043	0.1241274	0.12565915	-0.10768585	-0.19896966	-0.51616096	0.15281333	0.5847841	-0.10940744	-0.3934202	-0.30230862	0.60867345	0.38817725	-0.79096717	0.39680517	0.27772617	-0.7345728	-0.3139774	0.022382421	0.14237063	-0.16064222	0.23430169	0.32984725	0.15993036	0.47278824	-0.035954237	-0.15145074	-0.6656988	-0.025025068	-0.08519076
0.14899202	0.10238116	0.10328524	-0.089856885	-0.20440535	-0.42154965	0.15211485	0.49630988	-0.094734974	-0.30019242	-0.25556746	0.52536756	0.28654432	-0.62419546	0.3155713	0.23782742	-0.60675824	-0.27791995	-0.004939498	0.088672586	-0.16003993	0.21913737	0.2689279	0.115729965	0.36919284	-0.036426723	-0.14908102	-0.5496943	-0.042216316	-0.040356174
0.16649531	0.106974766	0.11734992	-0.116268426	-0.20419535	-0.47726458	0.124024495	0.5186564	-0.08801542	-0.3452437	-0.27397	0.5819485	0.34694538	-0.680664	0.35170105	0.23234819	-0.65322685	-0.28394705	0.008387476	0.091309495	-0.14845937	0.22554082	0.3022603	0.14999051	0.42078158	-0.065473706	-0.12756844	-0.58364576	-0.01985004	-0.08306469
0.15395579	0.057701685	0.102546826	-0.07468974	-0.22325653	-0.3632261	0.12787956	0.44329667	-0.06153561	-0.27474275	-0.21496865	0.50564206	0.26652917	-0.5552687	0.2660115	0.22795965	-0.52935106	-0.2419695	-0.027322132	0.0875225	-0.12195831	0.18142824	0.20463137	0.06305064	0.3330332	-0.03699253	-0.14160834	-0.48187298	-0.049733225	-0.036360726
0.13121475	0.08018866	0.10540407	-0.087528005	-0.17724572	-0.3909845	0.12842053	0.47306597	-0.06519669	-0.27305278	-0.2431215	0.4689189	0.28028587	-0.5643153	0.26376837	0.21306872	-0.5268145	-0.22783643	-0.006789569	0.07399414	-0.1437007	0.18052533	0.21642901	0.09976529	0.3316665	-0.04528918	-0.13708529	-0.47847146	-0.025251845	-0.03211673
0.17961401	0.10099087	0.12796658	-0.09958188	-0.19515228	-0.4747432	0.12918472	0.51932466	-0.07665855	-0.32407314	-0.26728803	0.5272197	0.30495274	-0.64892596	0.33643472	0.21953093	-0.6419318	-0.2807929	0.021494083	0.1086424	-0.13403969	0.21376784	0.27513057	0.12615356	0.38165936	-0.04780917	-0.14128007	-0.5664176	-0.020958887	-0.05713629
0.18065456	0.13051827	0.11541795	-0.11904198	-0.1894921	-0.5100759	0.12765704	0.5592159	-0.1215329	-0.34946635	-0.2965691	0.60961634	0.33207813	-0.73045653	0.35435003	0.26419	-0.7065476	-0.28252968	0.030930208	0.13065167	-0.1686148	0.24774277	0.31963956	0.17136206	0.4343459	-0.06612673	-0.13851497	-0.6337265	-0.016920546	-0.07337452
0.16050057	0.108572304	0.11909999	-0.08382606	-0.18455674	-0.4924256	0.13068004	0.5219224	-0.09468197	-0.32060343	-0.31750464	0.5452184	0.3288854	-0.669398	0.32695404	0.25625098	-0.6473918	-0.29420575	0.032326296	0.104745865	-0.14538576	0.20905581	0.29078978	0.14984083	0.38247156	-0.03865906	-0.12770098	-0.57828104	0.0035328728	-0.0877111
0.17435735	0.11151048	0.11615022	-0.115579195	-0.17742395	-0.47949183	0.117947325	0.5238297	-0.08865959	-0.3286229	-0.30128488	0.5484764	0.3123763	-0.64077765	0.30686694	0.23519403	-0.6103462	-0.2833082	0.019837927	0.10176634	-0.14375907	0.20303038	0.295218	0.15098523	0.38038504	-0.04537797	-0.11013659	-0.5468199	-0.032089107	-0.07510652
0.13562047	0.06910823	0.09022554	-0.06354396	-0.20431398	-0.37538826	0.11628339	0.4083546	-0.053979382	-0.27256638	-0.21021996	0.4402642	0.25789464	-0.5302611	0.23280439	0.19519801	-0.49216348	-0.24353646	-0.0040148636	0.08604762	-0.11872848	0.19595364	0.20849769	0.07841098	0.30601358	-0.015604548	-0.122113615	-0.45086843	-0.03800679	-0.030005202
0.14947861	0.10344236	0.1052222	-0.105187945	-0.19086665	-0.46189028	0.10059083	0.49921718	-0.08717496	-0.3139302	-0.26082027	0.54053134	0.3164808	-0.6510358	0.31423426	0.21116212	-0.636929	-0.26956263	0.040268205	0.09714583	-0.12360279	0.22615798	0.27552155	0.14096515	0.37566754	-0.031192986	-0.12153048	-0.5742932	-0.033151995	-0.08923555
0.17050022	0.112350576	0.11527787	-0.096645586	-0.17268969	-0.44263208	0.1128992	0.50676113	-0.09971623	-0.3119006	-0.27663875	0.53313124	0.3178575	-0.65958506	0.31352618	0.23821	-0.62035227	-0.24678704	0.02322137	0.116526805	-0.14165746	0.21925382	0.28803223	0.12651972	0.39684248	-0.06604024	-0.14569189	-0.583568	-0.042325996	-0.080144
0.15596026	0.12184472	0.10930233	-0.12010952	-0.19287847	-0.45866382	0.12617792	0.53940344	-0.09592141	-0.35873514	-0.28332368	0.5525388	0.32725114	-0.69701815	0.352449	0.24103285	-0.6742251	-0.29898396	-0.0007229578	0.097171865	-0.16612774	0.23735884	0.2956825	0.15784293	0.42722633	-0.03175213	-0.122264095	-0.57974553	-0.019978182	-0.05545888
0.15196018	0.12384337	0.11693875	-0.09946922	-0.17271845	-0.4573261	0.10400523	0.5183623	-0.1212396	-0.33413807	-0.29080993	0.5538899	0.354098	-0.70518774	0.353477	0.2327393	-0.6521107	-0.26774463	0.045769695	0.10461603	-0.13821764	0.22890231	0.2887897	0.16177066	0.41301256	-0.037714064	-0.14407796	-0.57328486	-0.018623427	-0.0769509
0.15848595	0.105965756	0.08723433	-0.06801847	-0.16447885	-0.41459763	0.107627824	0.4563758	-0.080858	-0.2830743	-0.25013998	0.48602897	0.2775355	-0.5772039	0.2961713	0.20428257	-0.56768936	-0.2676795	0.0009028037	0.07827921	-0.12883765	0.19419461	0.22090292	0.11408404	0.34849393	-0.038211726	-0.111003615	-0.514128	-0.021635424	-0.038326588
0.16974223	0.11922897	0.10336131	-0.10372795	-0.16110699	-0.44475025	0.10443263	0.514626	-0.096805446	-0.3179534	-0.27667585	0.5159009	0.32210252	-0.62620455	0.30112368	0.2115307	-0.6178674	-0.24365038	0.0009710664	0.11360315	-0.14994073	0.21429507	0.26731515	0.11837921	0.3670459	-0.026352093	-0.13284169	-0.55823624	-0.030132983	-0.058495518
0.13334326	0.09508505	0.10044978	-0.09746008	-0.17851287	-0.4084799	0.12830672	0.45792845	-0.08111966	-0.30062893	-0.26337	0.49287182	0.30389822	-0.58328444	0.30354238	0.19757983	-0.5813446	-0.2529769	0.023339966	0.07313573	-0.12272136	0.19252527	0.24833272	0.13130286	0.34906268	-0.028449688	-0.11229309	-0.4962689	-0.0053068264	-0.04447932
0.17636755	0.09614632	0.09681533	-0.0949594	-0.16792518	-0.43929723	0.10735802	0.5240687	-0.10956164	-0.30065057	-0.3105211	0.5212678	0.31944686	-0.65808815	0.2961228	0.2320762	-0.6078292	-0.28182358	-0.00035518126	0.0694348	-0.14381702	0.21046114	0.26057035	0.09869294	0.38944644	-0.04035462	-0.12254619	-0.5622128	-0.005692584	-0.065496065
0.14909883	0.111243844	0.09988948	-0.088514276	-0.20023412	-0.44638667	0.10838517	0.5105912	-0.096811034	-0.30144408	-0.27767238	0.52675426	0.31459767	-0.64889306	0.32897747	0.22180219	-0.6305244	-0.2533984	0.037361555	0.10108875	-0.15700269	0.21333359	0.25425673	0.12581466	0.37861505	-0.06042158	-0.1357606	-0.54504293	-0.012142358	-0.051507823
0.1484874	0.11395571	0.11615403	-0.1082174	-0.17617053	-0.47161955	0.14455636	0.53660244	-0.108847685	-0.33861178	-0.2791359	0.54668164	0.34324598	-0.6532059	0.32119006	0.22924799	-0.6343468	-0.27957827	0.041804943	0.12053046	-0.13751669	0.22491947	0.2723846	0.14224032	0.37306586	-0.046487752	-0.12656926	-0.59334576	-0.04272796	-0.08133462
0.15704255	0.12230423	0.11197112	-0.114342235	-0.19057466	-0.46208537	0.14082186	0.51188225	-0.071910895	-0.30474564	-0.28366002	0.55604476	0.3229614	-0.6460996	0.32211325	0.23220605	-0.6118347	-0.27873352	0.034726918	0.105844855	-0.1613117	0.22228552	0.27551705	0.14259173	0.3792673	-0.05469351	-0.10656092	-0.5716039	-0.01497162	-0.08185922
0.16441034	0.10550556	0.11470591	-0.10519533	-0.17299934	-0.46192974	0.13361636	0.52131844	-0.07571812	-0.32308763	-0.28963038	0.5231415	0.2967957	-0.64390904	0.30030692	0.21590926	-0.61490506	-0.27583754	0.014084317	0.11253896	-0.13712826	0.1972664	0.26014957	0.14029501	0.37097827	-0.043281227	-0.12685154	-0.56918967	-0.045400523	-0.049796768
0.17337102	0.11044512	0.1290528	-0.10639578	-0.20308445	-0.51115423	0.13357577	0.55396515	-0.08214935	-0.3460831	-0.31683373	0.5964231	0.33060908	-0.71069837	0.3606097	0.23113029	-0.6786044	-0.30257267	0.015830958	0.10832982	-0.14243732	0.21851487	0.28744468	0.16572967	0.42913243	-0.07223553	-0.11354097	-0.6215414	-0.018316263	-0.089789726
0.1850469	0.107196115	0.110116445	-0.0979763	-0.18641447	-0.4448866	0.13806778	0.5250657	-0.09430842	-0.31694055	-0.27144858	0.53889894	0.29974034	-0.64648145	0.33098176	0.24889624	-0.61994463	-0.26596326	0.0060494184	0.08586156	-0.16469418	0.22681123	0.28413016	0.14169133	0.3822554	-0.052124903	-0.11100987	-0.5600388	-0.030790398	-0.07321719
0.15800582	0.13745299	0.13082892	-0.11093267	-0.17966063	-0.46841875	0.09763265	0.48953858	-0.09851785	-0.32094955	-0.28222483	0.5416761	0.31823364	-0.67850196	0.33799583	0.23532207	-0.6439978	-0.28408718	0.015049761	0.10428064	-0.13868627	0.19296414	0.2995785	0.12959985	0.41790652	-0.0729788	-0.12784038	-0.5911889	-0.03391153	-0.08760631
0.15273991	0.112702325	0.12325202	-0.085215576	-0.20096728	-0.47678316	0.12846664	0.5039201	-0.07563746	-0.32104453	-0.25857112	0.5309295	0.34197086	-0.63185215	0.33999097	0.24928412	-0.63009435	-0.2807808	0.005178883	0.115012504	-0.13753593	0.22162554	0.28633672	0.14504048	0.40342814	-0.072779514	-0.11987248	-0.5541218	-0.04582002	-0.07544465
0.12492691	0.06472214	0.0803397	-0.08770054	-0.2277768	-0.36952195	0.13832283	0.45000845	-0.04217595	-0.27158007	-0.21446681	0.50487345	0.25245693	-0.5223652	0.25219482	0.2362246	-0.5194259	-0.26870817	-0.019913916	0.10599702	-0.13853963	0.20632125	0.22041243	0.06466446	0.30135864	-0.0064542815	-0.15199095	-0.5044229	-0.0660466	-0.017733077
0.15428664	0.0950861	0.11995745	-0.08869841	-0.1826389	-0.4335141	0.1438999	0.51222986	-0.09312531	-0.3226945	-0.25418082	0.53361994	0.30068263	-0.62623	0.28825924	0.2363579	-0.603612	-0.28305304	0.021135733	0.10595191	-0.14036542	0.21123184	0.25492957	0.10633945	0.37496015	-0.053564258	-0.13715297	-0.5546251	-0.04021759	-0.06676296
0.19470212	0.11196063	0.1297499	-0.09729587	-0.19275567	-0.50924665	0.15205485	0.6272595	-0.12758401	-0.33835894	-0.38340387	0.58867085	0.32250074	-0.72615016	0.35999396	0.2987784	-0.7205615	-0.30520317	0.036531337	0.05152686	-0.185574	0.28790483	0.30662924	0.114645354	0.39329058	-0.066784985	-0.15520781	-0.6011973	0.022795562	-0.06933394
0.22037284	0.09067164	0.15226261	-0.13852887	-0.15350859	-0.5744835	0.15990865	0.67679554	-0.12550597	-0.32583076	-0.44586557	0.57006484	0.31865427	-0.7282771	0.38233656	0.33068204	-0.7417513	-0.31474596	0.040147394	-0.025780873	-0.18067853	0.30895224	0.30093542	0.12617975	0.41937637	-0.076545954	-0.17784016	-0.63774204	0.11024004	-0.09864969
0.16672152	0.12103192	0.13276257	-0.091916755	-0.18526618	-0.50508225	0.13898245	0.5430905	-0.10996386	-0.32102856	-0.31998023	0.5737437	0.35908204	-0.70162416	0.35239837	0.24458925	-0.68971306	-0.2925597	0.03980316	0.103918776	-0.14985687	0.22051045	0.2961941	0.14963102	0.4051594	-0.04463243	-0.15935783	-0.5918758	-0.010775301	-0.06611582
0.17693283	0.12471548	0.13155308	-0.1237646	-0.22066094	-0.50375855	0.11082879	0.55303955	-0.117632546	-0.35164484	-0.2739728	0.575143	0.3397403	-0.7324195	0.34020555	0.25737515	-0.68816954	-0.2891726	0.032291442	0.13486806	-0.1397357	0.23921329	0.3148124	0.13664983	0.41710034	-0.063069694	-0.15309821	-0.6262907	-0.03988792	-0.087335
