-0.39771935	-0.062902614	0.65170425	-0.5844614	0.41811642	0.6394182	0.09628496	0.32699415	-0.047810264	0.22111191	0.053179786	0.20088887	0.043096945	0.41445473	0.4375819	0.26533315	0.12559049	-0.27489516	-0.20539112	-0.71227396	0.19211733	-0.5769035	-0.07398808	0.48198548	-0.20832863	-0.18213373	0.2775442	0.3684645	0.04705985	-0.1049334
-0.36291513	-0.13695431	0.64129645	-0.48031873	0.33235937	0.6176567	0.054110646	0.33463308	-0.04227377	0.2502025	0.06900404	0.18140453	0.09095086	0.40175176	0.37262326	0.12334948	0.06841123	-0.28877336	-0.2683056	-0.69788355	0.16442588	-0.43985483	-0.09829827	0.44257128	-0.28080508	-0.2304722	0.27433306	0.41590253	0.11240835	-0.1767233
0.047917	-0.39798117	0.40589345	-0.3356015	0.056183018	0.86263144	-0.23289305	0.122280106	0.29817557	-0.12689354	0.37505105	0.38311493	0.03397033	0.21234234	0.30468482	-0.3537385	-0.12534694	-0.11871526	-0.31751293	-0.84063864	-0.040811695	-0.13397555	0.024659269	0.2470542	-0.33509347	-0.16886394	0.3362864	0.9820417	-0.044131547	-0.46180278
0.052321993	-0.11043675	0.4519118	-0.45937258	0.2964931	0.9873799	0.08086411	0.15116616	0.12512587	-0.12336884	0.3358777	0.10840522	-0.026366375	0.4066162	0.2858184	-0.057416834	-0.009105157	-0.28006735	-0.2501051	-0.5977673	0.11512892	-0.39894617	-0.04606103	0.2300832	-0.048744094	-0.2634656	0.2742902	0.56357986	-0.03693582	-0.19274186
0.1116995	-0.16106272	0.33177748	-0.46911985	0.2488097	0.9622219	0.008614922	0.10140005	0.14812398	-0.18682684	0.4080009	0.32380655	-0.022291157	0.21840905	0.34886837	-0.056355696	-0.04414891	-0.16491602	-0.14123018	-0.63460535	-0.027053744	-0.34718972	0.00847276	0.15114461	-0.08146267	-0.10168608	0.30054387	0.4634305	-0.08432825	-0.25216067
0.35630488	-0.47276065	0.33635166	-0.20343609	-0.0896045	1.153522	-0.5408529	-0.013490859	0.45787695	-0.2140615	0.60601777	0.65986717	-0.08099665	0.07905438	0.24427237	-0.6023264	-0.17212705	-0.10979071	-0.26999995	-0.9619029	-0.186929	-0.027929159	0.067221455	0.12466542	-0.36344358	-0.13094895	0.3355926	1.2171682	-0.11464301	-0.6511548
-0.30229396	-0.13447274	0.63166	-0.47796354	0.43031076	0.7408857	0.08157345	0.24038067	-0.09952515	0.22784363	-0.053747654	0.12218873	-0.014121715	0.3935501	0.35500225	0.19951132	0.18751176	-0.2377447	-0.21324459	-0.5841083	0.22782542	-0.5812567	-0.19945624	0.393386	-0.15086071	-0.28488111	0.12859762	0.4357782	-0.003093317	-0.12922888
0.3669509	-0.48480704	0.35174173	-0.2544068	-0.08523128	1.1017674	-0.44865367	-0.006329708	0.44911632	-0.25994694	0.6316837	0.6093721	-0.056373775	0.044735603	0.25150356	-0.5436721	-0.18806292	-0.09023772	-0.28596193	-0.9500932	-0.18115558	-0.046338	0.09821327	0.11546074	-0.3601887	-0.12286432	0.36631796	1.1414398	-0.16190568	-0.63496685
-0.12446974	-0.20636721	0.57237226	-0.3399209	0.28522584	0.8044399	-0.24038827	0.15722503	0.0044042612	0.109576404	0.19854711	0.45351207	-0.100680426	0.1230378	0.3196699	0.05325844	0.12341857	-0.2639907	-0.14171523	-0.608139	-0.011653692	-0.42173463	-0.13204141	0.2981133	-0.19298431	-0.10942033	0.16834675	0.44278347	-0.087305695	-0.16782348
-0.11614048	-0.1821409	0.569973	-0.35857227	0.26376244	0.8371947	-0.22861387	0.1750125	-0.008264239	0.0855827	0.18758078	0.4271569	-0.06638892	0.15084046	0.28613582	0.0045712492	0.108832985	-0.25209087	-0.100975946	-0.61754036	0.0013979784	-0.42963383	-0.16607864	0.2714281	-0.18826148	-0.12472425	0.15696141	0.4827829	-0.08359991	-0.18509045
0.20792197	0.04146603	0.47129607	-1.0513661	1.0265787	1.5179328	0.8945822	0.3115069	0.0392162	-0.23227946	0.36525217	0.23350288	-0.15699445	0.74936694	0.3111271	0.4743186	0.31827256	0.16729814	0.020803444	-0.042306192	0.0776897	-1.3081785	-0.45053083	-0.19429903	0.67883456	-0.48427784	-0.016715877	-0.099568166	-0.35570306	-0.08967822
0.42298892	-0.5412763	0.20415251	-0.3909334	0.45056355	0.98811275	-0.18186036	0.14919399	0.63570035	-0.46385822	0.4060053	1.106324	-0.35615745	0.07360126	0.014742422	-0.35107616	0.24131356	0.415241	-0.09918885	-0.17117465	-0.5362954	-0.37028113	-0.1902521	-0.15572543	0.1040759	-0.07021274	-0.095578425	0.86583585	-0.82773477	-0.63750225
0.24072881	-0.40086818	0.39084947	-0.37071013	-0.17650557	1.0580984	-0.22059739	0.0847242	0.3071646	-0.14303558	0.66602224	0.35919914	0.16288804	0.2873089	0.24937455	-0.43142956	-0.34628978	-0.23549896	-0.34797716	-1.1076721	0.06802071	-0.12810612	0.13674128	0.13954824	-0.3327093	-0.25545928	0.5730471	0.9459693	0.18964124	-0.5289073
0.23449942	-0.33297905	0.35825464	-0.28565973	-0.119885646	1.0804409	-0.36156055	0.04337761	0.30716196	-0.058000088	0.60782546	0.3518372	0.15026918	0.22450471	0.3849105	-0.4871002	-0.37305865	-0.31619027	-0.32763967	-1.1573187	-0.008993453	-0.013978322	0.20205003	0.25346705	-0.46480334	-0.14449625	0.54730743	1.0585773	0.24350543	-0.5621637
-0.27134234	-0.14077216	0.57762307	-0.5755385	0.3747542	0.7197704	-0.04621555	0.11552594	-0.029730402	0.06262699	0.11323815	0.2764849	-0.12941031	0.16905925	0.4403004	0.3040162	0.22388457	-0.12885422	-0.12512274	-0.6483981	0.09613804	-0.6399105	-0.14211148	0.3133891	-0.1132916	-0.03852055	0.19487514	0.38714102	-0.16563979	-0.083509505
0.07530737	-0.17719923	0.42741266	-0.75646234	0.9128368	1.2223806	0.6630571	0.13918369	-0.054079857	0.026548475	0.11093613	0.21974237	-0.16435632	0.48235002	0.2898252	0.32345164	0.39322695	0.2848801	-0.078541055	-0.025296716	0.019301223	-1.0589269	-0.47738156	-0.08949333	0.45293388	-0.3895946	-0.20369312	0.064905114	-0.25536305	-0.23307268
0.40801767	-0.4999921	0.30799413	-0.2797105	-0.14980124	1.3308649	-0.4431791	-0.065697916	0.3985089	-0.18262951	0.7226818	0.37775075	0.06690242	0.1472591	0.3760439	-0.66121787	-0.35162798	-0.22718488	-0.395212	-1.1868731	-0.055829894	-0.032211326	0.12550087	0.13696408	-0.43856478	-0.18052506	0.5385202	1.2951983	0.14422312	-0.69362104
0.3584926	-0.49649435	0.29224542	-0.2897368	-0.16077718	1.2873092	-0.28631732	-0.12680912	0.29583618	-0.19577952	0.68823814	0.23053528	0.112324536	0.16409375	0.3994678	-0.5763858	-0.33926135	-0.19584857	-0.3892941	-1.0965014	-0.00030879484	-0.071945675	0.15642634	0.13744012	-0.35988536	-0.19017796	0.5490955	1.1217141	0.17138205	-0.61252785
-0.30185485	-0.14837009	0.58687353	-0.5038061	0.42709666	0.67501056	0.16306487	0.33419895	-0.032383855	0.17987269	-0.0046772906	0.19956581	0.050796986	0.43535012	0.32117483	0.22141011	0.14295042	-0.22691615	-0.24648194	-0.55586696	0.15258455	-0.5242348	-0.16495977	0.42713693	-0.1259961	-0.303009	0.15469001	0.35617012	-0.012130665	-0.13229562
-0.14395872	-0.16817808	0.5402053	-0.4466096	0.2950462	0.76856285	-0.058711015	0.16281001	0.0019229935	0.09539483	0.14836425	0.3381879	-0.07608856	0.16707976	0.30038348	0.1389506	0.1379799	-0.19013111	-0.11545401	-0.566859	0.07547772	-0.4691813	-0.14706747	0.2525824	-0.14475524	-0.116950564	0.1774018	0.37627846	-0.09480709	-0.16385178
0.19101357	-0.37236798	0.3516287	-0.3326739	-0.09449756	1.0437508	-0.27567506	0.030759104	0.29953027	-0.09126507	0.63311976	0.34180534	0.1901842	0.23785137	0.33453855	-0.43988046	-0.33953062	-0.26552227	-0.33500725	-1.098436	-0.014365896	-0.07142189	0.17295098	0.19736919	-0.4639869	-0.15572011	0.55894494	1.0267106	0.1985967	-0.551219
0.41472042	-0.41309255	0.26723132	-0.23335932	-0.19705139	1.2743802	-0.48058882	-0.1355246	0.3483483	-0.15913902	0.6887724	0.29819348	0.07816388	0.13220121	0.37153018	-0.6155761	-0.3734998	-0.2535047	-0.35887343	-1.1924441	0.020317847	-0.027147645	0.16522007	0.15713587	-0.4281109	-0.14933902	0.5186277	1.2476609	0.21096653	-0.6679203
-0.22530523	-0.2004279	0.5782103	-0.46643507	0.44668162	0.82721555	0.06961767	0.2617192	-0.029191708	0.19988854	0.12060294	0.34754887	0.015083383	0.37747145	0.31437024	0.14171393	0.14727874	-0.19964351	-0.19150352	-0.5637918	0.060015265	-0.5563563	-0.157002	0.29272398	-0.13530144	-0.25034475	0.12923095	0.3750798	-0.0007263279	-0.1985597
0.45473754	-0.58068436	0.27821296	-0.25511146	-0.22886214	1.3149314	-0.45302942	-0.104573436	0.44595912	-0.27083793	0.7731852	0.4541671	0.11968526	0.090074144	0.32665977	-0.6951774	-0.39069605	-0.12276372	-0.38493404	-1.181081	-0.111117624	-0.00036168727	0.15840507	0.09408511	-0.463145	-0.15434429	0.5347258	1.334731	0.115071304	-0.74429196
0.37150267	-0.69602865	0.35373446	-0.32708192	0.055124655	0.92737645	-0.41652322	0.2833483	0.807489	-0.4134673	0.45163104	1.2896518	-0.3943465	0.10458445	-0.1710652	-0.57524127	0.16478427	0.32698685	-0.2444444	-0.6390733	-0.5049404	-0.20720607	-0.07152853	0.0141538195	-0.18044527	-0.119690865	0.066230014	1.3281379	-0.89041626	-0.71253335
0.40855452	-0.46860504	0.2752924	-0.24256092	-0.19844021	1.3175834	-0.41419062	-0.1300296	0.34162754	-0.19570196	0.69224447	0.29849797	0.1377226	0.105952695	0.37767315	-0.6770697	-0.39561498	-0.23399699	-0.38106164	-1.163072	0.0047678486	-0.029080698	0.16247715	0.13087587	-0.44226837	-0.1617336	0.54364765	1.2602584	0.21373641	-0.6661641
0.13563447	0.07659222	0.3233399	-0.80011874	0.9288358	1.2344722	0.64182746	0.22840682	0.024075996	-0.14527954	0.26209727	0.24668331	-0.14893882	0.55622137	0.3250162	0.36910358	0.27055767	0.09985686	-0.029565195	-0.07512249	0.013761523	-0.9614561	-0.28868786	-0.05211641	0.43613017	-0.31820068	-0.03463344	-0.042384215	-0.28623334	-0.12041979
0.39489326	-0.45580345	0.2661681	-0.24336065	-0.20271194	1.3399818	-0.40279934	-0.10708719	0.35878316	-0.18844758	0.7175084	0.25127783	0.12578864	0.13273537	0.41530317	-0.66463226	-0.4064437	-0.2589478	-0.4055441	-1.188862	0.026272155	0.0004506593	0.20680782	0.17991753	-0.45196944	-0.18862678	0.5718022	1.2556859	0.23591095	-0.66021556
-0.10458644	-0.25248438	0.536284	-0.53908074	0.17325796	0.66805303	-0.02709928	0.30843696	0.25809997	0.010721053	0.27837434	0.49218705	0.0018787785	0.4284776	0.14610787	-0.03747319	0.013523249	-0.12612848	-0.19493102	-0.7620899	0.05445854	-0.40310827	-0.029744808	0.17776732	-0.1968168	-0.21476191	0.3290007	0.61799127	-0.10972063	-0.2924344
-0.23494855	-0.158067	0.53554446	-0.45114934	0.35213038	0.6680775	0.10602289	0.24334922	-0.016582254	0.14359608	0.04274479	0.16939487	-0.0020874527	0.35593474	0.30735013	0.13297859	0.15154235	-0.14922987	-0.23277435	-0.5206838	0.13349296	-0.51422673	-0.16950297	0.31391016	-0.13970576	-0.25691816	0.14041342	0.45272303	-0.050550442	-0.15185107
0.19207312	0.034184746	0.3295208	-0.89481086	0.9846723	1.3186415	0.67237794	0.20058161	0.07133651	-0.22144832	0.30074343	0.24367042	-0.16348359	0.55972904	0.3500254	0.33365205	0.30386025	0.103012726	-0.0029896859	-0.06063727	-0.025107395	-0.97925156	-0.29773492	-0.11142948	0.51522994	-0.27423483	-0.0418922	-0.045914028	-0.310577	-0.13220476
-0.1725474	-0.62576234	0.6650205	-0.41776735	0.55743587	1.0058793	0.19221473	0.026739107	-0.22932637	0.4787287	-0.14011556	0.27355775	-0.0035882501	0.3477762	0.13823618	0.21673955	0.41999912	0.17394167	-0.24882746	-0.32518035	0.17560954	-0.85148805	-0.60017633	0.1400718	0.028866114	-0.5250432	-0.24156773	0.38751268	-0.028349228	-0.41805097
0.40323964	-0.68247235	0.31731528	-0.26668563	0.07751102	0.9566911	-0.4534751	0.21372452	0.7797774	-0.41441464	0.476835	1.2204231	-0.34334484	0.032674253	-0.073999	-0.62039363	0.14831759	0.32012957	-0.254888	-0.6305411	-0.54582477	-0.15649799	-0.023169108	0.059446823	-0.27728587	-0.065348096	0.07742578	1.3577604	-0.81138957	-0.73008776
0.32685974	-0.77519137	0.3448973	-0.20271187	0.19695953	0.9002064	-0.45891446	0.12876102	0.6505431	-0.27322268	0.30368084	1.1571609	-0.31352317	0.012765423	-0.07532874	-0.5391865	0.22857763	0.3584714	-0.23589115	-0.45742902	-0.45785168	-0.18579131	-0.18365248	0.034219	-0.21744207	-0.15779726	-0.071628496	1.2723626	-0.7407095	-0.7961217
0.21435745	0.07583293	0.33174527	-0.85408884	0.9596905	1.294327	0.6875599	0.20770316	0.072392404	-0.19855331	0.31686953	0.25671312	-0.15754536	0.5462982	0.3417687	0.31329554	0.2480959	0.10895002	0.015915165	-0.025734032	-0.042227883	-0.98358816	-0.31121826	-0.1314669	0.51851124	-0.29609898	-0.06728868	-0.048140626	-0.31104615	-0.12359766
0.41628394	-0.54672676	0.28815854	-0.25332755	-0.24716784	1.3589854	-0.40281913	-0.13862865	0.35811982	-0.21101734	0.815397	0.3049975	0.17141236	0.15002221	0.41475627	-0.70410186	-0.4549584	-0.19008468	-0.42060566	-1.2689854	-0.031931378	0.016248774	0.20227192	0.12174469	-0.46878755	-0.19412784	0.6179077	1.309247	0.19346072	-0.6965384
-0.06984542	-0.27930558	0.42084843	-0.37537774	0.28569794	0.79525495	-0.05835204	0.09499507	0.08039489	0.071561866	0.14968649	0.29848847	-0.07756719	0.22754566	0.252933	0.012383051	0.095833614	-0.09421706	-0.1790268	-0.52739406	0.027631763	-0.44299823	-0.17495477	0.16003175	-0.07474842	-0.19738992	0.09991576	0.5590805	-0.120376706	-0.26053664
0.22787777	-0.5921542	0.39988217	-0.28683925	0.19158594	0.84076786	-0.5299178	0.22153495	0.5964736	-0.29060295	0.35480556	1.1530186	-0.34642518	0.048404496	0.058395486	-0.44461337	0.17012723	0.19150382	-0.17128675	-0.50478053	-0.40539476	-0.17545298	-0.13303639	0.093164824	-0.18129784	-0.07419541	0.04874111	1.163369	-0.6730852	-0.6360585
-0.2413778	-0.1531187	0.5653525	-0.49495387	0.39446908	0.72507143	0.1003214	0.28589007	-0.0137527175	0.10338514	0.060357094	0.16903147	-0.009358564	0.3774016	0.30959344	0.1080596	0.16945902	-0.23122615	-0.25417984	-0.5530801	0.17492029	-0.49629074	-0.1662731	0.37574553	-0.13304122	-0.24493667	0.18615572	0.4358726	-0.03847156	-0.124343894
-0.05160933	-0.19217396	0.5024659	-0.35850886	0.26223543	0.81633776	-0.28869483	0.16231492	0.054693136	0.08336354	0.19715422	0.46278575	-0.1437308	0.118092075	0.2565383	0.00010861471	0.091887265	-0.22410761	-0.10435892	-0.6014246	-0.012378233	-0.40879992	-0.13316284	0.23949416	-0.12843832	-0.12961435	0.14723437	0.5753225	-0.1139865	-0.21865346
0.3007872	-0.55132365	0.35824645	-0.30143574	0.0838301	0.9181349	-0.42292365	0.10473076	0.5088606	-0.32167327	0.47063062	0.90723187	-0.21051557	0.07444167	0.07712771	-0.40593368	-0.004065655	0.10242965	-0.1573388	-0.5858669	-0.27846056	-0.17347263	-0.11161203	0.031453278	-0.19411357	-0.14553452	0.11751253	1.0557809	-0.48809496	-0.62317675
-0.17723848	-0.16180255	0.5308532	-0.44090977	0.28559184	0.71791893	-0.032261	0.28443733	0.081107214	0.156519	0.23182072	0.33698633	0.0770985	0.37728217	0.30213058	0.034128122	0.011401193	-0.27874413	-0.22364749	-0.74363863	0.0809813	-0.37660262	-0.010742638	0.33996847	-0.26248196	-0.23287937	0.2853436	0.51615316	0.088420875	-0.27870154
-0.29907185	-0.3099979	0.6499655	-0.44730017	0.51889145	0.75536615	0.22966446	0.31114975	-0.10261832	0.3825224	-0.04237666	0.31754154	0.06438763	0.48086467	0.2943527	0.27356163	0.25389993	-0.114867814	-0.21815522	-0.45697305	0.20515107	-0.6530499	-0.32133543	0.37046996	-0.053237494	-0.40498075	-0.018920412	0.36554173	0.056674767	-0.2794804
0.2835364	-0.5455887	0.3975222	-0.30107483	0.1308796	0.92599046	-0.47639143	0.084466055	0.50975	-0.28472072	0.4620107	0.8807583	-0.18278383	0.078630626	0.15093063	-0.46767294	-0.0119453175	0.06116727	-0.19342828	-0.6713073	-0.30282858	-0.1069506	-0.085700914	0.06340959	-0.25440586	-0.13022143	0.16273397	1.08361	-0.43917707	-0.6463051
0.34404036	-0.5400759	0.2941788	-0.29822496	-0.2481857	1.1756706	-0.09309622	-0.15245116	0.1697737	-0.14449766	0.5686843	0.07639194	0.16603927	0.24796608	0.23159513	-0.4541719	-0.30568403	0.02728034	-0.35871854	-0.93655217	0.13516633	-0.26507375	-0.03675285	-0.043498162	-0.1931368	-0.34455234	0.43669516	0.9717455	0.23566112	-0.5370822
0.34498468	-0.5366468	0.28810626	-0.2834144	-0.240888	1.1946051	-0.09528778	-0.14633578	0.15672828	-0.103039764	0.5633424	0.04912804	0.1482765	0.25582638	0.19327277	-0.48178497	-0.28257346	0.06150636	-0.32972565	-0.9121346	0.19089396	-0.29442057	-0.060726415	-0.0638558	-0.17336746	-0.38867253	0.45116034	0.96347195	0.20970349	-0.55142295
-0.11656029	-0.13865538	0.5128735	-0.61228895	0.47407132	0.8264942	0.121119104	0.164842	0.038835727	0.0069031515	0.12828718	0.27274987	-0.10345642	0.3177061	0.38664496	0.20479514	0.23160732	-0.10034177	-0.09328065	-0.57995796	0.12248762	-0.6695688	-0.13259938	0.23370226	0.009761592	-0.1404368	0.14539613	0.3334712	-0.2149092	-0.08154958
0.2638233	-0.59136975	0.40845937	-0.2665901	0.20406385	0.8509177	-0.5117989	0.21850976	0.6352756	-0.2892954	0.33991015	1.1010191	-0.3486707	0.08290294	0.055709828	-0.4605671	0.13017713	0.16764158	-0.17595182	-0.53558034	-0.39883026	-0.17869319	-0.10544597	0.051877983	-0.2238884	-0.12330942	0.034035202	1.2032349	-0.6646713	-0.6713352
-0.110344455	-0.23280151	0.4744253	-0.45598948	0.38040662	0.80072176	0.06725441	0.17306203	0.06435059	0.05774054	0.11312927	0.2935761	-0.04416695	0.32631123	0.23452935	0.08790938	0.15114088	-0.06115492	-0.17071246	-0.5259656	0.088782914	-0.519666	-0.20028245	0.20918588	-0.08087001	-0.25815377	0.12526672	0.45802048	-0.10000951	-0.22244667
-0.17668688	-0.2013962	0.54981	-0.4350021	0.3877091	0.81098896	-0.031866267	0.21766798	-0.0016070846	0.15140389	0.1261728	0.34105316	-0.044939395	0.26655927	0.25079364	0.102440305	0.1293044	-0.19371405	-0.15530598	-0.53705823	0.05488832	-0.5188488	-0.17699833	0.24209766	-0.14303298	-0.16364977	0.14871803	0.38167313	-0.08988249	-0.19484839
0.24933286	-0.59376186	0.39654475	-0.2913938	0.1977752	0.82033676	-0.46073118	0.16751507	0.6165898	-0.3106745	0.3676485	1.0954087	-0.30385968	0.071709156	0.0032571515	-0.44347847	0.15465969	0.2349187	-0.16159476	-0.4947029	-0.39770055	-0.19528563	-0.10196735	0.013499854	-0.2025398	-0.10440821	0.062050715	1.1563948	-0.67225116	-0.6687607
0.258675	-0.5630923	0.33730844	-0.27130574	0.15204473	0.8366801	-0.39047223	0.18450283	0.58062786	-0.31462833	0.38943335	0.9923457	-0.2768246	0.03860664	0.036553983	-0.44474864	0.14351788	0.2111269	-0.22490244	-0.5538912	-0.4044769	-0.16943914	-0.09117589	0.06617504	-0.18192245	-0.09559873	0.09782912	1.1326331	-0.63024485	-0.6389966
-0.1141947	-0.12938343	0.5041482	-0.66871893	0.53459096	0.88544494	0.19463979	0.115846284	-0.011432375	-0.0024202128	0.12328893	0.22189663	-0.095429875	0.3271965	0.39307836	0.28483295	0.2847532	-0.042221583	-0.10503046	-0.5306433	0.14838512	-0.7737064	-0.15840593	0.20751573	0.09770527	-0.14034136	0.10381211	0.2678241	-0.23143034	-0.049889687
-0.04150147	-0.32900172	0.4890984	-0.4116925	0.2697868	0.8178959	-0.06859633	0.079544574	0.116123185	-0.10399593	0.26393515	0.1800612	-0.08536058	0.32130384	0.23119555	-0.039840486	0.110233314	-0.19973591	-0.26649716	-0.5738949	0.058262195	-0.2964203	-0.13256547	0.15561596	-0.13034034	-0.23876195	0.27150825	0.62860537	-0.15951309	-0.20930244
-0.039871477	-0.23929873	0.46360493	-0.3321384	0.28458193	0.8451001	-0.19627768	0.117261134	0.10232438	0.014252696	0.17976055	0.47034982	-0.13135076	0.18060187	0.24073888	-0.058382176	0.1322379	-0.1266693	-0.13783644	-0.53843045	-0.047795318	-0.43362585	-0.17874679	0.20703425	-0.11038816	-0.14280133	0.114673235	0.5730148	-0.1874978	-0.25924125
0.03481594	-0.26833937	0.36856306	-0.32821488	0.23755929	0.7028953	-0.056098606	0.05454828	0.11461053	0.030959303	0.17747809	0.2809482	-0.07619606	0.17799738	0.19390365	-0.029292857	0.09274243	-0.06417621	-0.15463181	-0.45188305	-0.006437387	-0.35221186	-0.115850165	0.11355421	-0.07727059	-0.17808364	0.12732519	0.51773936	-0.083150834	-0.27624285
-0.10369851	-0.7805917	0.6749956	-0.332216	0.6106184	1.1570019	0.031347875	-0.08884348	-0.2623476	0.65288275	-0.29125342	0.31120178	-0.054461263	0.21253958	0.17080373	0.053682856	0.5321607	0.23887026	-0.25982884	-0.34979934	0.17770736	-0.8466865	-0.6951654	0.12982678	0.0044748657	-0.53098637	-0.43366885	0.61278206	-0.022423016	-0.6026763
-0.073704086	-0.14047897	0.5555238	-0.7307859	0.54744977	0.94872487	0.2437514	0.1406532	0.017987456	-0.031293876	0.13102476	0.3016499	-0.1505342	0.38383523	0.34677243	0.28654882	0.2847563	0.034331262	-0.047850836	-0.5407421	0.15649208	-0.8789046	-0.21944495	0.13985021	0.1769314	-0.20018524	0.09263388	0.24430972	-0.32419467	-0.029828912
-0.25651264	-0.25902304	0.5881672	-0.51832646	0.4536649	0.7280392	0.18100412	0.23156212	0.022462863	0.17735948	0.05912962	0.2551242	-0.005757879	0.39683872	0.30435047	0.21473648	0.21646081	-0.072022386	-0.20722868	-0.5241865	0.108296156	-0.6615962	-0.25922364	0.30660376	-0.05602267	-0.29515806	0.07951185	0.4375134	-0.023218596	-0.24382325
-0.14314616	-1.1203061	0.7168708	-0.36765125	0.7718589	1.2730016	0.13420878	-0.22382696	-0.395652	0.8210438	-0.40119436	0.33820724	-0.058951013	0.16583116	0.12312288	0.10931214	0.7183599	0.58873063	-0.31199723	-0.16951187	0.13429904	-1.0740513	-1.0014254	0.049062632	0.06541793	-0.68051785	-0.6714534	0.64995545	-0.12328458	-0.7306529
-0.18539856	-0.2115418	0.59845793	-0.5452164	0.40007398	0.90299183	0.09213821	0.23278064	0.029891307	0.08334665	0.07446642	0.30834115	-0.048816063	0.4121211	0.30125064	0.14785247	0.20988688	-0.13920702	-0.17779271	-0.58055127	0.15836298	-0.65308917	-0.1863651	0.29302666	-0.08472286	-0.28598806	0.14388649	0.5071272	-0.13351567	-0.20648992
-0.14912584	-0.23826589	0.53602326	-0.49243718	0.43914792	0.86933243	0.061007503	0.19861373	-0.0061497055	0.10769641	0.06865064	0.29896346	-0.044652134	0.3438664	0.28007224	0.120005846	0.21232143	-0.07661877	-0.20631784	-0.54772174	0.070171714	-0.5897918	-0.24141842	0.24086496	-0.077988915	-0.2671725	0.07841999	0.46889812	-0.10834904	-0.18852901
-0.14782757	-0.059722554	0.5162831	-0.73139256	0.67147315	0.93356645	0.22502126	0.13343675	-0.01480294	0.004705529	0.05353498	0.23495513	-0.13633387	0.36410224	0.43975857	0.32864052	0.31484342	-0.06998245	-0.06650027	-0.5575599	0.17290546	-0.87346596	-0.21417482	0.2266042	0.11611076	-0.15750547	0.09561906	0.22498865	-0.22571386	-0.0142361
-0.14892584	-0.33479214	0.613232	-0.4990419	0.43442187	0.83161396	0.030544106	0.13612443	0.09840561	-0.046830583	0.17454086	0.18072438	-0.17005351	0.40455264	0.217301	0.09307964	0.2602894	-0.19583528	-0.2764114	-0.45673674	0.03502582	-0.4119973	-0.21030453	0.23229139	-0.102866404	-0.2969105	0.17495263	0.5106553	-0.28527284	-0.14767441
-0.06057734	-0.20635217	0.5401856	-0.3704547	0.3146922	0.8740055	-0.20103504	0.15806404	0.05339936	0.096266754	0.1353973	0.4628571	-0.107440196	0.19371125	0.27380082	-0.04938949	0.17148753	-0.13847859	-0.1346732	-0.5737929	0.016601693	-0.45895717	-0.21204779	0.23416507	-0.1138051	-0.20598546	0.10118244	0.5601374	-0.13081877	-0.27059627
-0.1893852	-0.1877285	0.54257125	-0.50424373	0.39210165	0.9329436	0.021019066	0.23680155	0.018224895	0.11167968	0.10353905	0.34128895	-0.069763325	0.3479221	0.2599443	0.10083551	0.11750413	-0.19675402	-0.18500774	-0.56002986	0.14276806	-0.5862915	-0.15742363	0.32693323	-0.118139535	-0.25726056	0.15473194	0.47591949	-0.10939395	-0.17739801
-0.10128468	-0.22941817	0.50959563	-0.48802206	0.4411953	0.82317084	0.08064906	0.17642435	0.0341492	0.108060546	0.11583901	0.27224588	-0.042248894	0.34278375	0.30097905	0.12615855	0.17424624	-0.105724834	-0.1847118	-0.5192622	0.08591427	-0.5514099	-0.1850038	0.25011998	-0.05554601	-0.2626923	0.09594846	0.4305782	-0.097176634	-0.24416019
0.017780976	-0.48786932	0.5114785	-0.5438325	0.19214563	0.76798177	0.007438047	0.23284231	0.33395225	-0.079823606	0.19971967	0.63587797	-0.23043762	0.39230508	0.0188903	-0.07123594	0.19957988	0.23484059	-0.17167594	-0.5502662	0.00311457	-0.6442764	-0.2737648	-0.028609723	0.04490823	-0.35486236	0.11482431	0.7612146	-0.4114836	-0.3934579
0.2741423	-0.42853132	0.27388328	-0.2965162	-0.0787568	1.1437407	-0.22465812	-0.040704194	0.2528473	-0.14645799	0.5818842	0.20689486	0.070395246	0.17516083	0.33952132	-0.43714842	-0.25043514	-0.17302118	-0.33538544	-0.9322933	0.028276892	-0.13756996	0.0655629	0.13491634	-0.29695663	-0.19137163	0.44601166	0.9572379	0.07525383	-0.51327443
-0.16709499	-0.21463707	0.5185773	-0.44376063	0.34542686	0.78201973	-0.055485692	0.19669361	-0.018369857	0.12041815	0.14167464	0.3691859	-0.029270792	0.22965376	0.24097453	0.048521284	0.12955111	-0.14134575	-0.17432244	-0.50545603	0.029213559	-0.48767453	-0.1531538	0.26526773	-0.1235257	-0.17580724	0.14167221	0.39975524	-0.09643663	-0.17121874
-0.14266536	-0.10746347	0.49694267	-0.74210596	0.6042086	0.9279771	0.2405727	0.15878667	-0.012952222	-0.0012017939	0.11184772	0.2608019	-0.16547956	0.34990576	0.4073107	0.3147267	0.32209882	-0.023347689	-0.026708571	-0.54062206	0.13477376	-0.81981015	-0.17244107	0.20671226	0.15242305	-0.1218695	0.1083664	0.23264228	-0.29212788	-0.018276129
0.23841438	-0.44241822	0.28447986	-0.32250535	-0.078543164	1.1564226	-0.23134218	-0.10809966	0.22495778	-0.18119176	0.593283	0.21438037	0.110105805	0.15273777	0.34784484	-0.45627657	-0.29048148	-0.16900596	-0.3533727	-0.95375705	-0.0044456027	-0.15455246	0.10494168	0.13362789	-0.26617023	-0.19828121	0.4544685	0.9321529	0.12008044	-0.51674193
0.24043584	-0.0053595477	0.39629033	-1.1292179	0.9628951	1.552311	0.8537098	0.30472767	0.12694591	-0.37870142	0.39451855	0.3158948	-0.20627575	0.71900886	0.2848802	0.44753498	0.3337211	0.24229114	0.024953393	-0.08825994	0.08488125	-1.3559376	-0.40973088	-0.29937685	0.72979736	-0.42978272	0.101399966	-0.08661857	-0.4487417	-0.07226089
-0.028456053	-0.10038783	0.5199816	-0.3928371	0.29119757	0.88374203	-0.17830405	0.20568684	0.13338305	0.15599501	0.2369153	0.32197896	0.00675685	0.34274936	0.3317425	-0.042840816	-0.03721192	-0.4081127	-0.19744657	-0.8377571	0.09441192	-0.30502945	-0.0025293652	0.27690896	-0.24022676	-0.17160164	0.27976745	0.673925	0.118193105	-0.29659203
0.083820686	-0.7677558	0.46546474	-0.2774767	0.38669592	0.8796361	-0.24159835	0.058481403	0.27654734	0.10916955	0.04357894	0.8376245	-0.23546016	0.13887517	0.024833685	-0.21717039	0.3680887	0.33567894	-0.16863562	-0.31878543	-0.22596177	-0.48332328	-0.38798383	0.03775881	-0.09040271	-0.2890573	-0.23242576	0.8839803	-0.48895785	-0.637528
-0.1021353	-0.35817572	0.58122134	-0.4555904	0.41765365	0.8114832	0.018533032	0.09054589	0.068530686	-0.08453814	0.13658923	0.16203599	-0.19073719	0.41206062	0.23451898	0.058996864	0.2540909	-0.2377136	-0.23342873	-0.42432114	0.053739887	-0.42078432	-0.23161079	0.1946916	-0.056446224	-0.2652529	0.16645434	0.53217995	-0.24516064	-0.097426645
-0.19717453	-0.39688593	0.6495301	-0.50267214	0.5604862	0.96929216	0.06833254	0.026378741	-0.18395641	0.37871853	-0.18836895	0.094489254	-0.05637247	0.32567215	0.28539172	0.16956599	0.4054236	0.049074784	-0.26679948	-0.5530256	0.20292546	-0.81471646	-0.49608982	0.19460878	-0.00746529	-0.38571143	-0.11242754	0.49994823	0.006397359	-0.31104746
-0.05959448	-0.19385771	0.49139374	-0.4174846	0.30295497	0.80241156	-0.074507356	0.18115538	0.06417563	0.10401944	0.1516021	0.32936192	-0.038745448	0.26859114	0.24298419	0.0015275966	0.108274594	-0.15761577	-0.18456791	-0.5519078	0.071649395	-0.45345473	-0.1218636	0.20901278	-0.10926878	-0.18222384	0.154621	0.483493	-0.05946477	-0.21673854
-0.1793734	-0.25953257	0.5217818	-0.45624122	0.4366999	0.764805	0.10147229	0.22818424	0.019424569	0.15010922	0.046538018	0.30375487	-0.020723257	0.37270582	0.25161555	0.20066968	0.21468417	-0.081960864	-0.20796074	-0.49409452	0.0898177	-0.5889358	-0.21723016	0.2788006	-0.06750465	-0.27755207	0.061680403	0.3922437	-0.038048446	-0.23145445
-0.13945073	-0.35277754	0.5821961	-0.49499717	0.4215365	0.81512094	0.007760905	0.08970253	0.058500003	-0.066603184	0.15514553	0.1925081	-0.19129418	0.41216704	0.20819144	0.113629125	0.25759393	-0.20093584	-0.2537572	-0.44227257	0.017756367	-0.41994634	-0.22637823	0.15630765	-0.04529653	-0.23878478	0.19114721	0.47182307	-0.25817862	-0.11858655
-0.16436219	-0.32866323	0.6114618	-0.4391237	0.45369262	0.76642185	0.0046339273	0.14074741	0.045221917	-0.07822448	0.11877318	0.15404835	-0.19414988	0.3989823	0.1908068	0.09080769	0.26372862	-0.25321096	-0.25038424	-0.40950105	0.05185018	-0.4159853	-0.23914018	0.1959417	-0.05869175	-0.27878353	0.18610783	0.52405703	-0.28745386	-0.090861864
-0.112681516	-0.25327337	0.5357267	-0.5023913	0.36707628	0.86654216	0.051982813	0.18179931	0.07363748	0.05646594	0.14030212	0.3321474	-0.04653965	0.37568474	0.23330717	0.08395502	0.14037691	-0.099777	-0.1833502	-0.54555917	0.08207664	-0.5678158	-0.1722122	0.2434701	-0.07723572	-0.27526036	0.12790701	0.5028925	-0.123996526	-0.21696487
-0.0101995785	-0.2957225	0.4842274	-0.38792196	0.27565944	0.879042	-0.12937425	0.09079425	0.10434031	-0.0021805633	0.22468449	0.4169773	-0.06984987	0.1952669	0.2568468	-0.054704223	0.10250079	-0.09569505	-0.18358009	-0.58198714	-0.010437406	-0.4179172	-0.15210477	0.19619575	-0.106579	-0.18283051	0.1259699	0.59556156	-0.15677643	-0.2995394
-0.12434832	-0.22556172	0.51633555	-0.44981313	0.3594865	0.8113772	0.022624975	0.16533636	0.040627994	0.111371726	0.10351494	0.3367002	-0.06909157	0.3087497	0.25841722	0.123308115	0.16208506	-0.0881146	-0.17095618	-0.53866315	0.08030928	-0.549134	-0.21697111	0.2078624	-0.078608744	-0.24529591	0.08416474	0.4688453	-0.12852208	-0.2183764
0.1980014	0.064984396	0.32210174	-1.1112686	1.140094	1.531132	0.79794747	0.25907472	0.11614083	-0.30689073	0.36523902	0.30730358	-0.25078338	0.6044857	0.4731712	0.45702556	0.39090672	0.1698585	-0.015613294	-0.04436451	-0.076896705	-1.2173162	-0.3045875	-0.16686417	0.60567784	-0.25654662	0.008284783	-0.08509773	-0.45341823	-0.08624229
-0.14261694	-0.21650936	0.5149406	-0.45289797	0.36377358	0.7475048	0.06282603	0.24621871	0.066117406	0.14539763	0.1740265	0.32992062	0.044971075	0.36158222	0.31059736	0.118215255	0.09758271	-0.16813572	-0.19451138	-0.61412024	0.079722054	-0.47503504	-0.10955027	0.2659279	-0.14661461	-0.25644776	0.1550193	0.43550682	0.039781846	-0.2686156
-0.03613717	-0.24099253	0.47741187	-0.40505868	0.28032812	0.78721565	-0.12659837	0.084074594	0.0016869012	0.05318613	0.21154977	0.37800217	-0.07405036	0.10706912	0.2584658	0.09017734	0.088907205	-0.13983546	-0.12771852	-0.50818783	0.024220636	-0.4243602	-0.13099147	0.20416868	-0.080996625	-0.14137371	0.13249148	0.4106159	-0.12353641	-0.17905237
-0.014145326	-0.26065078	0.45133826	-0.39741558	0.2632851	0.75398105	-0.10742252	0.12995382	0.052231997	0.0028234767	0.2200562	0.3893374	-0.07662611	0.119936734	0.23851305	0.05066597	0.08771044	-0.10141615	-0.105877586	-0.53661764	0.036360215	-0.4351591	-0.12380932	0.17178534	-0.09652236	-0.1277292	0.12644593	0.46948227	-0.119217604	-0.21113925
0.26398742	0.083973505	0.30442232	-1.1218588	1.147628	1.5335526	0.7835642	0.26581624	0.14176767	-0.32901657	0.35583928	0.3745069	-0.26803914	0.57772195	0.4667044	0.43836808	0.39704028	0.16227712	0.018635415	-0.013059646	-0.09276967	-1.2109699	-0.31412596	-0.17079727	0.645662	-0.2623809	0.029405551	-0.068552665	-0.48358357	-0.094953366
-0.13771063	-0.16604592	0.44634178	-0.4474777	0.35578993	0.7077896	0.032520156	0.15775454	-0.0043635247	0.06296394	0.11603965	0.23634279	-0.06524863	0.26414025	0.2473681	0.16263847	0.16286132	-0.08985237	-0.15818706	-0.48142442	0.0955442	-0.48126286	-0.14104404	0.24614294	-0.08097811	-0.16288593	0.13963798	0.34116587	-0.09640614	-0.18353017
-0.11292655	-0.2490365	0.46959946	-0.46174622	0.40178555	0.8298962	-0.010563759	0.12869479	0.051873706	0.11088572	0.07924375	0.32432702	-0.087245956	0.2718376	0.25405282	0.08866022	0.18516614	-0.085762955	-0.17117865	-0.5200689	0.051915493	-0.55417603	-0.17780809	0.218048	-0.04591721	-0.2310178	0.09836178	0.4740383	-0.12389191	-0.23850828
0.2294023	0.07543222	0.3117246	-1.0542891	1.1580901	1.4920287	0.80087525	0.26391554	0.09882877	-0.31441683	0.37496653	0.29924855	-0.22546846	0.6161425	0.46220624	0.43399626	0.3590529	0.15976149	0.022058893	-0.019527365	-0.051531024	-1.1958007	-0.32994714	-0.15564963	0.5984473	-0.28697038	0.018029071	-0.11024478	-0.435761	-0.09332894
0.29341555	0.09439313	0.32486758	-1.1473936	1.2314469	1.5862815	0.8299881	0.26591557	0.15258853	-0.3775711	0.39120567	0.36284715	-0.2798313	0.61762756	0.44521257	0.45042095	0.41285932	0.18170433	-0.005144704	0.02318073	-0.08032052	-1.2541542	-0.3589915	-0.1981033	0.6585708	-0.29166493	-0.012578667	-0.13029416	-0.49661797	-0.07938462
0.26146996	0.07552205	0.29085505	-1.0958836	1.1523447	1.5046846	0.7526739	0.2645609	0.15668827	-0.36846128	0.38755426	0.3704973	-0.27310643	0.5737614	0.45265853	0.39927495	0.36922798	0.15871596	-0.0128434	-0.032031156	-0.10609478	-1.2003554	-0.30962643	-0.1934135	0.6104932	-0.2706856	0.019774705	-0.07181332	-0.45880732	-0.08218606
0.26171347	0.027180273	0.32485625	-1.0526743	1.1171501	1.4424549	0.736015	0.23893666	0.16924033	-0.36038798	0.35975277	0.3732695	-0.23588535	0.54542553	0.40571406	0.38740015	0.36411282	0.18600522	0.0228445	-0.015791168	-0.095460616	-1.1472635	-0.29883277	-0.17499632	0.5823978	-0.24332894	0.020278398	-0.050775185	-0.5004689	-0.094675
-0.14804082	-0.49380115	0.57970285	-0.47524142	0.49925876	0.96732247	0.07563043	0.018132033	-0.103185795	0.26719916	-0.07519131	0.16572796	-0.08095782	0.25092557	0.2689001	0.091428086	0.3501567	0.17133732	-0.2739378	-0.4778002	0.09712872	-0.74720925	-0.46854693	0.14795165	-0.005448696	-0.38622165	-0.07837852	0.5682709	-0.09613757	-0.36653897
-0.06863883	-0.20316167	0.48688364	-0.43666908	0.32561046	0.8029115	-0.015856203	0.17843066	0.054984123	0.06908599	0.18188794	0.32201603	-0.013145357	0.28255752	0.25622514	0.032752845	0.0982193	-0.1590008	-0.16285357	-0.54827094	0.049048133	-0.43863845	-0.14245364	0.21287279	-0.11202912	-0.18766893	0.15940663	0.45991856	-0.056500457	-0.22265044
-0.16357619	-0.22614577	0.5361163	-0.48746008	0.36703667	0.81392103	0.06176429	0.20086342	0.0021513929	0.118822776	0.060593776	0.27505696	-0.02883526	0.35747683	0.30008507	0.10702623	0.15698184	-0.10986529	-0.19990884	-0.570508	0.16181003	-0.5775427	-0.18577054	0.26718473	-0.087492965	-0.26433498	0.1164309	0.50752	-0.089432895	-0.22173588
0.1880384	-0.50228244	0.37543237	-0.309493	0.17867784	0.80203205	-0.34237796	0.13101877	0.42934513	-0.19607224	0.33496502	0.80153525	-0.19718847	0.08627466	0.09760445	-0.30207214	0.07091249	0.110415064	-0.14716974	-0.48063403	-0.24167782	-0.25146422	-0.15071929	0.047123354	-0.13498665	-0.16181402	0.06496201	0.89892256	-0.4208083	-0.5417773
0.1807135	-0.51844436	0.40837243	-0.2890976	0.18577065	0.796167	-0.3682948	0.1440914	0.45607919	-0.22762612	0.29244575	0.8514179	-0.24132554	0.09723671	0.121067606	-0.29751432	0.12603362	0.12928188	-0.17587233	-0.5183147	-0.23188125	-0.23802306	-0.15229358	0.028874997	-0.16682461	-0.16080794	0.051998176	0.93759614	-0.48129618	-0.5498943
-0.014726549	-0.20360929	0.5845348	-0.47234833	0.4339613	1.0625337	-0.09041116	0.1648651	0.07435927	0.18658465	0.12024279	0.33363092	-0.089395925	0.3105958	0.3352118	0.055189677	0.13712032	-0.30903167	-0.21609628	-0.7268287	0.17645429	-0.54130423	-0.19377798	0.27808768	-0.111930855	-0.2906508	0.1295253	0.69886917	0.034508374	-0.30210525
-0.54222184	-0.17294028	0.5876287	-1.3320832	0.5759911	0.68480784	0.3451809	-0.11259804	0.2198651	0.0022200162	-0.04371912	0.044318814	-0.42845288	0.31656924	0.8933834	0.8417656	0.6152406	0.33453494	-0.222293	-0.93859637	0.23782945	-1.4818314	-0.25100762	0.115179196	0.031138653	0.10273967	0.34225363	0.65474683	-0.46005815	0.029241871
-0.04098518	-0.5095448	0.7057279	-0.628271	0.31204766	1.1114942	0.45945334	0.13129123	-0.121931635	0.122106396	0.062253226	0.04808336	-0.028407454	0.5830949	0.038032945	0.21959999	0.28682324	0.33211875	-0.18237726	-0.36814487	0.39893964	-1.0807719	-0.64843225	-0.13473333	0.32417372	-0.703666	-0.0084905755	0.39959723	-0.08194652	-0.28053382
-0.09590902	-0.2858972	0.47455984	-0.42232594	0.35252395	0.76240283	0.033355426	0.14161064	0.042507667	0.09390541	0.100305945	0.29244068	-0.04801027	0.30531916	0.24491844	0.08836897	0.14423275	-0.047514293	-0.19421588	-0.5158572	0.090151265	-0.5091975	-0.21039604	0.2132264	-0.08897368	-0.26642317	0.09489618	0.44858378	-0.09121799	-0.25939298
0.062276553	-0.48762518	0.64469963	-0.70216006	0.021218708	1.0066842	0.24876033	0.32399315	0.20686543	-0.105818555	0.29694837	0.5002318	-0.15959959	0.67295533	-0.22979195	0.06798951	0.1364455	0.1858999	-0.15563393	-0.5836633	0.24695647	-0.8920554	-0.34058887	-0.21192233	0.31912386	-0.6286758	0.20042677	0.4963124	-0.3243183	-0.2029461
0.053816937	-0.42596063	0.6450518	-0.6044915	0.13984351	1.0454426	0.26002577	0.27071726	0.11084383	-0.058181677	0.27031612	0.36835408	-0.061905876	0.57586455	-0.10406563	0.0659654	0.14696321	0.11984712	-0.15467194	-0.5075002	0.27795228	-0.8479151	-0.3964739	-0.108350724	0.24675632	-0.5776514	0.1748717	0.47307953	-0.23982199	-0.26031184
0.2735452	-0.4940884	0.32866982	-0.276189	0.07505636	0.884201	-0.3031514	0.09510967	0.43378657	-0.25025034	0.42226377	0.75674474	-0.18683584	0.08812494	0.093178764	-0.39027146	0.04342026	0.10161142	-0.23634961	-0.6226778	-0.26325247	-0.18797417	-0.03465976	0.09692556	-0.21579577	-0.10547002	0.12696443	0.97131985	-0.4329602	-0.54105276
0.036478166	-0.69152635	0.5692164	-0.28807995	0.34931436	1.0748461	-0.006811508	-0.07418396	-0.089336544	0.3575355	0.016324976	0.4108092	-0.016090836	0.22468397	0.19392666	-0.082211934	0.27441967	0.19776377	-0.18965553	-0.41641712	0.08555954	-0.5772799	-0.46224785	0.12645665	-0.08286417	-0.3959213	-0.17748708	0.7108594	-0.101139	-0.5671669
-0.18164621	-0.31842098	0.5933341	-0.570805	0.38344812	0.82438976	0.19174734	0.12014991	-0.027853582	0.14192295	0.060561646	0.17239615	-0.08221671	0.28500342	0.37106177	0.13458204	0.21344253	0.038289163	-0.22817692	-0.6178631	0.17041366	-0.7240706	-0.2900411	0.2398173	-0.056946084	-0.27797464	0.11451082	0.5648429	-0.04626574	-0.24392268
-0.45979288	-0.26382113	0.5658019	-0.99193877	0.49998927	0.6413507	0.34041414	0.016759329	0.092095286	0.090396866	-0.054385297	0.026193252	-0.24163647	0.32256234	0.6348458	0.5706728	0.46841753	0.2583551	-0.21842512	-0.7691173	0.2047176	-1.2028607	-0.34454697	0.17600925	0.026965525	-0.10757477	0.22535738	0.610801	-0.25505364	-0.088736266
-0.121136	-0.2950215	0.55149806	-0.51215947	0.3731819	0.9339987	0.036213577	0.16180038	0.04680307	0.06906234	0.1335629	0.3549792	-0.042214982	0.3379386	0.28283232	0.07231721	0.17949	-0.08391682	-0.22497167	-0.5858988	0.09062687	-0.57679075	-0.21032764	0.24832182	-0.09396917	-0.26484492	0.11722238	0.54453164	-0.10028125	-0.27698404
-0.15252595	-0.5786136	0.62597877	-0.4993663	0.55575633	1.0305094	0.11072983	-0.07017658	-0.15589856	0.39269978	-0.15236525	0.107419826	-0.0776815	0.24419335	0.2653737	0.1633986	0.4526608	0.25331357	-0.30904964	-0.47769764	0.15687236	-0.87240666	-0.5553944	0.13829726	-0.0035271728	-0.42393202	-0.15193935	0.5652243	-0.03494541	-0.3905462
-0.07299665	-0.61152315	0.68374723	-0.43229797	0.47198287	1.1030487	0.15505388	0.1172883	-0.10708477	0.31914923	0.025659377	0.43052748	-0.071427725	0.41155738	0.14238848	0.09903337	0.31063983	0.16490008	-0.1457983	-0.38795003	0.19218314	-0.810002	-0.5414407	0.082217515	0.097223684	-0.47351956	-0.13642257	0.5427404	-0.18598665	-0.42078048
-0.029574126	-0.22501281	0.42463624	-0.36607417	0.1713761	0.7602091	-0.097535074	0.14337736	0.15844394	0.04505144	0.30347967	0.32132322	0.07266619	0.3014801	0.27196002	-0.08171817	-0.064052604	-0.18678394	-0.22742891	-0.69658226	0.03361873	-0.2641862	0.016919207	0.19141324	-0.24523583	-0.18199314	0.30406076	0.6023994	0.011894757	-0.32623234
-0.045867268	-0.25179258	0.4712738	-0.42478588	0.3387782	0.82279617	0.0026689554	0.15227984	0.09755638	0.090980984	0.19046646	0.3146228	-0.034669224	0.2787794	0.23590969	0.03391171	0.11125368	-0.107075624	-0.18546845	-0.57633346	0.0627337	-0.47020444	-0.13764536	0.18336126	-0.12128319	-0.21913071	0.16055728	0.51717037	-0.07481621	-0.27311838
-0.20963006	-0.25244683	0.5461458	-0.44573948	0.4296632	0.7283316	0.16163607	0.27746323	0.025664065	0.21448967	0.07513623	0.3201065	0.017798012	0.4037062	0.28379294	0.2145181	0.18637954	-0.08576907	-0.18111266	-0.45969573	0.11442703	-0.6091163	-0.22769089	0.26752475	-0.07676414	-0.3238158	0.045589466	0.36762112	-0.020193415	-0.2429879
-0.12829095	-0.21332839	0.4997911	-0.4128981	0.32482433	0.7909378	-0.024843115	0.17399894	0.025460416	0.11015961	0.13709956	0.31279424	-0.03348355	0.24638815	0.24278502	0.049413517	0.09945729	-0.12121737	-0.15878998	-0.5448603	0.034938544	-0.4825691	-0.17295034	0.20728898	-0.12315917	-0.20363136	0.14944734	0.44314152	-0.08672349	-0.19149642
-0.12092819	-0.8984864	0.7103053	-0.36081585	0.58515877	1.1450872	0.15163317	-0.10580535	-0.2634735	0.6029329	-0.2147052	0.317584	-0.07041965	0.2577418	0.19893119	0.105901726	0.5526865	0.40524843	-0.25631982	-0.29176182	0.16539858	-0.9224443	-0.76088446	0.10475101	0.026637558	-0.5329867	-0.38633507	0.6441817	-0.10928586	-0.59124947
-0.03872185	-1.162739	0.63783467	-0.27964318	0.76480025	1.2711996	0.07957277	-0.1877528	-0.29950482	0.7586667	-0.3529512	0.61513054	-0.111824445	0.16874349	0.05959216	0.059810124	0.6787391	0.5704889	-0.21022107	-0.031401217	0.023736708	-0.95850796	-0.975675	0.03011327	0.096269	-0.60953254	-0.75050974	0.63578844	-0.302287	-0.7765484
-0.03357957	-0.19403598	0.5031786	-0.5199252	0.456746	0.87435627	0.12001905	0.15780936	0.036812276	0.055895567	0.16999762	0.30642354	-0.07199331	0.3271183	0.25033548	0.10155453	0.17889577	-0.08328544	-0.15805817	-0.4622807	0.038731426	-0.5723143	-0.2088344	0.16471799	0.015677923	-0.24452032	0.09343832	0.3838312	-0.112536974	-0.19843279
-0.082754865	-0.19798985	0.49691433	-0.41989464	0.27112135	0.7866712	-0.031638578	0.1921804	0.07207206	0.102727294	0.24537897	0.3363684	0.020862728	0.31654075	0.26131508	-0.0063828034	0.01579315	-0.19477092	-0.18028523	-0.66646147	0.01622986	-0.38762176	-0.08014001	0.2586619	-0.1720711	-0.19222525	0.24500263	0.51543134	-0.029103331	-0.25684747
0.17620926	-0.5760993	0.41054732	-0.34072027	0.20945087	0.8302473	-0.3458664	0.21666105	0.5388837	-0.22175266	0.29478398	0.9690794	-0.29750833	0.1556718	0.05516331	-0.3550027	0.19989984	0.22517958	-0.165565	-0.5016654	-0.29834306	-0.28881037	-0.1671938	0.0347098	-0.15627185	-0.1544396	0.06613575	1.0253781	-0.56499267	-0.6037283
0.12837636	-0.5639872	0.41940337	-0.36024472	0.24549963	0.81604856	-0.27162412	0.19535783	0.5178705	-0.17618921	0.27287954	0.90576065	-0.28527784	0.17210332	0.026918361	-0.2802871	0.16720892	0.19494155	-0.15189835	-0.5150535	-0.26639697	-0.31607383	-0.14744441	0.023662549	-0.14557879	-0.19477105	0.029728651	1.008291	-0.56547046	-0.58308244
-0.07348119	-0.19942346	0.47916606	-0.43927523	0.2570859	0.7660434	-0.050721	0.17787695	0.09786619	0.09888648	0.257015	0.3414365	0.048231892	0.3282416	0.26949832	0.012903991	-0.005086343	-0.2030474	-0.19773868	-0.6766104	0.034189653	-0.3634703	-0.04621354	0.21761091	-0.20181614	-0.19645323	0.23634581	0.5299482	-0.0038531385	-0.2629204
-0.06146491	-0.1038878	0.6202377	-0.5089981	0.51669	1.055259	-0.022865184	0.19785386	-0.016298693	0.20383523	0.04260549	0.2215411	-0.09772742	0.4241577	0.34544945	0.10773979	0.21509548	-0.2517211	-0.17864591	-0.67737275	0.22469224	-0.65840447	-0.26818308	0.2442561	-0.005966693	-0.31552836	0.04631006	0.5259434	0.0021471623	-0.2519357
-0.012465737	-0.27775264	0.57319367	-0.49655917	0.37149474	0.9989081	0.08241758	0.12250385	0.11015868	-0.023482583	0.20866193	0.3290073	-0.09007168	0.31199986	0.26803938	0.059268594	0.1700589	-0.09466509	-0.2224653	-0.56791407	0.06498692	-0.5524423	-0.19160767	0.2336567	-0.07245635	-0.28331795	0.13169013	0.57227916	-0.18883716	-0.27013686
-0.06133748	-0.8012144	0.640765	-0.31910416	0.5297724	1.0729774	0.007895046	-0.010488486	-0.13408294	0.45446193	-0.12526815	0.50019383	-0.10361507	0.23873375	0.1387842	0.041969273	0.4423556	0.2797686	-0.20185581	-0.26322627	0.052128896	-0.72246015	-0.64011395	0.12958625	0.02151537	-0.472048	-0.3449306	0.6209386	-0.23394915	-0.5628914
0.1279189	-0.38634676	0.40441847	-0.38388926	0.21447456	0.8829602	-0.15235724	0.061737332	0.22079384	-0.122291975	0.32616293	0.4638579	-0.12478842	0.18076226	0.20606971	-0.158668	0.039710242	-0.042929802	-0.18321864	-0.5614434	-0.059218183	-0.3152144	-0.1325665	0.107251965	-0.11524359	-0.20263581	0.14424098	0.7127582	-0.21669798	-0.40005362
-0.26374072	-0.19734485	0.5542385	-0.78966963	0.45621407	0.7457099	0.13739902	0.061111126	0.09590471	0.048747573	0.06033687	0.21549346	-0.20477186	0.29997516	0.49867976	0.37153575	0.3546706	0.06037539	-0.14264262	-0.7043723	0.16260302	-0.8752458	-0.18760157	0.19103056	-0.022900026	-0.07947267	0.20193513	0.48317668	-0.28872618	-0.10841669
0.074017994	-0.1255451	0.54336476	-0.428898	0.4236028	1.0942935	-0.22209391	0.20336454	0.123926215	0.17786053	0.16397251	0.32346925	-0.10468026	0.3133631	0.35837084	-0.03483967	0.09112276	-0.4285772	-0.19975866	-0.7852814	0.14617842	-0.48005873	-0.14028342	0.26664454	-0.14992909	-0.2686339	0.1444717	0.76884055	0.05001528	-0.32992738
-0.0674809	-0.26806065	0.46510965	-0.45349059	0.36426684	0.83493704	0.003911875	0.15096952	0.085374236	0.043997414	0.12142773	0.31082702	-0.073298536	0.30698967	0.24107093	0.08149626	0.14424282	-0.069067076	-0.16445512	-0.5200691	0.05481875	-0.5368456	-0.2052022	0.19445081	-0.071583614	-0.24383003	0.11383435	0.51108336	-0.15214014	-0.25842342
-0.12823185	-0.25764936	0.5400912	-0.5273451	0.34802094	0.89106995	0.11189154	0.21913072	0.050903756	0.0912156	0.13430132	0.31960484	-0.06954043	0.39347622	0.21629134	0.08727921	0.16290799	-0.12635432	-0.20711362	-0.54136264	0.12875482	-0.5930651	-0.19308653	0.24649985	-0.032825273	-0.32253292	0.12841015	0.4828529	-0.09248493	-0.23684372
-0.22016497	-0.37680814	0.59779716	-0.61764556	0.4456498	0.8384592	0.2219822	0.10701807	-0.040766153	0.15585704	-0.016122628	0.12854879	-0.11063669	0.32321218	0.38005564	0.17817798	0.31471387	0.13947281	-0.20896827	-0.554095	0.16776952	-0.84257585	-0.32828036	0.18192022	0.000795231	-0.30822295	0.03883464	0.5135085	-0.09170532	-0.22956021
-0.3767285	-0.20968561	0.5737417	-0.9613628	0.4866572	0.7298862	0.16938311	0.018654002	0.13806583	0.03908925	0.04389514	0.17316315	-0.27281415	0.29210076	0.61378616	0.53710485	0.4423173	0.14831464	-0.19208746	-0.7846983	0.16666141	-1.0841192	-0.23546655	0.19534338	-0.0038399259	-0.027238261	0.2582879	0.595631	-0.31792948	-0.041525625
-0.12759225	-0.65555626	0.5966301	-0.45317918	0.5957593	1.0673516	0.065014996	-0.07265871	-0.19218779	0.45598266	-0.13832806	0.21485445	-0.06598644	0.20943235	0.22709458	0.12946494	0.44909626	0.22789823	-0.28966236	-0.42494178	0.11245673	-0.8075216	-0.58381546	0.131322	-0.017042296	-0.45634207	-0.20729084	0.55843455	-0.06643038	-0.46324804
0.089151554	-0.08651979	0.59299177	-0.3947415	0.44058904	1.2188098	-0.35437474	0.2095402	0.14815879	0.23676391	0.18208392	0.31981543	-0.14405769	0.30409312	0.3978519	-0.06384872	0.0780322	-0.54306656	-0.19421168	-0.9271058	0.17064674	-0.44559	-0.11374536	0.27510762	-0.19961934	-0.28385273	0.15122265	0.8965547	0.1033453	-0.39129633
-0.15366845	-0.21814346	0.49546862	-0.52802753	0.3757067	0.7963521	0.038665198	0.13807327	0.07589175	0.05123062	0.10264895	0.30845243	-0.075269274	0.2968496	0.3228964	0.15256676	0.20114577	-0.09008358	-0.18243077	-0.6001602	0.09214671	-0.5686484	-0.16158442	0.23989819	-0.088621795	-0.1779938	0.15469876	0.49707967	-0.15192999	-0.18926594
-0.061392512	-0.31241542	0.64402986	-0.54758775	0.4352876	1.0583781	0.09208698	0.154923	0.066778906	0.04481372	0.17478612	0.32447624	-0.07942458	0.35709792	0.2523785	0.064995974	0.2153359	-0.119689286	-0.2194832	-0.5941044	0.10024097	-0.61939275	-0.25015184	0.2744732	-0.07743262	-0.33173802	0.12753853	0.56277764	-0.18353315	-0.2737381
-0.017431421	-0.4191688	0.51053345	-0.3958503	0.22687852	1.0336515	0.0040848777	0.057622444	0.037680767	0.079593405	0.19504741	0.37959456	-0.018877864	0.22580397	0.244698	-0.06142716	0.14664158	-0.045585196	-0.2415076	-0.62710154	0.123518504	-0.5159555	-0.2260858	0.20192613	-0.1082031	-0.28318232	0.10217569	0.7121326	-0.03143	-0.37140918
-0.020631937	-0.8360814	0.57584465	-0.39860928	0.57200587	1.1103415	0.12789807	-0.07001965	-0.1240219	0.4339061	-0.16698214	0.48928204	-0.10786298	0.2520486	0.032311965	0.06935544	0.48745066	0.38857532	-0.19667034	-0.18701504	0.08485433	-0.87882483	-0.72470933	-0.015575137	0.15521589	-0.55486196	-0.43644208	0.49200374	-0.2732401	-0.5502272
-0.16615163	-0.21316947	0.5357821	-0.4825186	0.40002543	0.7898487	0.110509604	0.23497202	0.03337694	0.13566823	0.10823465	0.28675395	-0.015663058	0.35232478	0.25752068	0.11578157	0.14206131	-0.12838466	-0.20815334	-0.5477958	0.104417786	-0.5360907	-0.17116141	0.2694626	-0.06899235	-0.2879109	0.09655811	0.45087713	-0.04635595	-0.23009819
0.045218807	-0.18847889	0.47723088	-0.4553511	0.42411664	0.9530233	-0.054796677	0.14144547	0.09979174	0.05392646	0.15957771	0.35053688	-0.12184723	0.3131134	0.29671144	0.041041717	0.13998376	-0.20247433	-0.14375292	-0.5857706	0.077371135	-0.51360446	-0.15361466	0.16833551	-0.031094102	-0.24919368	0.10230433	0.57320404	-0.0896932	-0.27945623
0.020608172	-0.45772037	0.61501986	-0.66856253	0.116386294	0.9578637	0.20078039	0.3017184	0.20437719	-0.065233976	0.29332167	0.4997833	-0.14157729	0.6003931	-0.13325801	0.07207798	0.13388151	0.11612877	-0.16626713	-0.5892117	0.213093	-0.8439099	-0.33334702	-0.111514375	0.22018519	-0.5408435	0.16836149	0.49844888	-0.30552685	-0.19853869
0.06462878	-0.49497303	0.6499426	-0.67177314	0.023392197	1.0005941	0.24503678	0.35153463	0.22907469	-0.086663865	0.31658602	0.52240956	-0.13895588	0.64771414	-0.19073819	0.055509634	0.1558978	0.16090572	-0.12364705	-0.60602844	0.24160558	-0.8989306	-0.3313014	-0.21017635	0.27992836	-0.58929026	0.2417194	0.47539878	-0.3336939	-0.18631905
0.03333105	-0.42880428	0.6976436	-0.6879919	0.2483467	1.2012503	0.4249991	0.23975483	0.009929033	-0.037048988	0.23253456	0.2552583	-0.03643833	0.67151153	-0.06941461	0.19585975	0.20761752	0.17143905	-0.13458489	-0.43074098	0.3813864	-1.0654644	-0.5197852	-0.19163528	0.3809602	-0.7008133	0.13290207	0.34384298	-0.21159941	-0.23697244
0.013796262	-0.0887181	0.64711964	-0.4660461	0.4754969	1.1314862	-0.19479354	0.19179797	0.09544858	0.21707167	0.09610227	0.27510247	-0.120664984	0.37655383	0.36592963	-0.010850997	0.11187038	-0.42060944	-0.1662394	-0.84685105	0.1923429	-0.5587253	-0.19583774	0.27712038	-0.114783965	-0.30502915	0.10816287	0.7381505	0.0565144	-0.28062046
-0.09181084	-0.20969951	0.4725896	-0.4710794	0.36468494	0.8067194	0.055110916	0.178873	0.041802093	0.07493438	0.14786588	0.2703476	-0.046958115	0.3220359	0.26492038	0.08332678	0.122900456	-0.0980694	-0.18910858	-0.51065844	0.08435025	-0.5122332	-0.1463916	0.22083296	-0.08141468	-0.24507503	0.1346247	0.44566205	-0.11092829	-0.2014549
-0.06964738	-0.2153444	0.50276536	-0.5136323	0.37988037	0.90985453	0.08738321	0.15014274	0.053602073	0.025988903	0.14868256	0.30687422	-0.048550777	0.34092063	0.28340566	0.06935417	0.12224463	-0.120655864	-0.18634807	-0.5654296	0.10782667	-0.57959086	-0.1875467	0.2103393	-0.057196006	-0.25622302	0.119104214	0.48201734	-0.12295247	-0.24637485
-0.024599386	-0.33551297	0.5440927	-0.43758595	0.25322247	1.0063004	0.011859633	0.050040916	0.04191786	0.05977906	0.1869018	0.32179937	-0.020273078	0.23424803	0.28262594	-0.06534827	0.09933049	-0.086900495	-0.23400657	-0.6498441	0.14538516	-0.4889518	-0.19095053	0.21241456	-0.15342095	-0.2647672	0.17955427	0.68428653	-0.025372125	-0.3653358
-0.3024396	-0.15942095	0.5364201	-0.8507055	0.4785594	0.713697	0.13711241	0.037958104	0.06791976	0.05853096	0.0051203594	0.16569802	-0.23268007	0.24998544	0.5701214	0.47261867	0.39181104	0.062429924	-0.10645392	-0.7548019	0.18707009	-0.95734763	-0.18943498	0.21684977	-0.031809434	-0.044981103	0.19811371	0.43298906	-0.30299234	-0.013566027
-0.21492305	-0.29059607	0.51866746	-0.5582859	0.39919895	0.70997435	0.2025521	0.15260889	0.028762745	0.10270122	0.030885566	0.14204869	-0.07422422	0.3244438	0.34148282	0.1742829	0.25121653	0.04153063	-0.19923733	-0.5452618	0.13482498	-0.71105933	-0.2656883	0.1787124	-0.033954855	-0.28244805	0.07870399	0.5005207	-0.08555741	-0.21317166
-0.11050761	-0.27177888	0.5456654	-0.5522158	0.38887036	0.96455413	0.07616711	0.19090937	0.056844927	0.080038026	0.124623515	0.36982435	-0.09290354	0.4040807	0.23898172	0.06361841	0.16405416	-0.098542094	-0.19795728	-0.5810215	0.11109448	-0.6348028	-0.22492439	0.21132727	-0.05048258	-0.3245734	0.14441542	0.53450555	-0.14866105	-0.23647717
-0.090913735	-0.21414334	0.60603815	-0.53302664	0.41280988	0.8958124	0.06091335	0.2266586	0.029231882	0.069768466	0.09508509	0.28088102	-0.057649277	0.3922958	0.22434688	0.12565841	0.16665205	-0.18345146	-0.16304576	-0.5622065	0.15331459	-0.6278787	-0.20990515	0.25341216	-0.018032238	-0.34089777	0.1399275	0.46631742	-0.077675894	-0.21941778
-0.093230926	-0.25602716	0.45933905	-0.4391491	0.32977766	0.7999155	-0.0028273205	0.12536448	0.05147831	0.07712634	0.13425805	0.3068592	-0.071210705	0.28787196	0.25592205	0.05017081	0.13661344	-0.065414935	-0.1842268	-0.53956133	0.06879578	-0.49202514	-0.14725779	0.20507915	-0.08798406	-0.21965727	0.13657004	0.47166333	-0.10446152	-0.24834332
-0.054542255	-0.24373074	0.4828173	-0.43795133	0.34599096	0.82823026	0.032154217	0.12354659	0.06157623	0.06683774	0.14239763	0.28487125	-0.03391346	0.2883358	0.27268273	0.038757607	0.1438437	-0.09049729	-0.20803395	-0.5342144	0.06603625	-0.52940553	-0.20048901	0.18942718	-0.08449841	-0.2501409	0.10253124	0.5072573	-0.095193066	-0.22000782
-0.012609308	-0.107463166	0.6428989	-0.45715234	0.4677952	1.1068803	-0.18595482	0.18121195	0.03559653	0.24407266	0.05755149	0.24976721	-0.07072536	0.40092638	0.33036587	-0.038678527	0.16453601	-0.38784352	-0.17906068	-0.78905463	0.248512	-0.533138	-0.19315977	0.2714591	-0.09352015	-0.28189042	0.10232645	0.6787185	0.08953689	-0.29710212
-0.07950456	-0.21285935	0.4948293	-0.45535246	0.38728377	0.85308915	-0.0026818176	0.1784083	0.062073965	0.060475506	0.10764709	0.27170223	-0.07171671	0.33493367	0.25720194	0.057428263	0.145006	-0.15715703	-0.20090246	-0.5419464	0.09787273	-0.49112538	-0.17581055	0.23661098	-0.083854176	-0.26136103	0.111666925	0.5348865	-0.082830824	-0.21470314
-0.0976974	-0.22567596	0.46138015	-0.4269917	0.36617434	0.8173159	0.008289289	0.17533007	0.08073754	0.09477844	0.14052513	0.31026378	-0.060681507	0.28747317	0.2731489	0.04940623	0.1341817	-0.09610962	-0.16619658	-0.5480196	0.06773016	-0.4816442	-0.16777909	0.21854973	-0.08048472	-0.23003063	0.12984456	0.506601	-0.08044667	-0.24474612
0.21799245	-0.46208075	0.34603098	-0.3000959	0.120207965	0.8281952	-0.2657662	0.12408029	0.42445573	-0.23292273	0.36101934	0.7209146	-0.1788988	0.12487028	0.068046525	-0.33548892	0.09459244	0.11091626	-0.19252522	-0.5722298	-0.25583887	-0.24674384	-0.08036625	0.10254001	-0.14324047	-0.13676748	0.10603044	0.8892252	-0.43365327	-0.5188948
0.089426495	-0.4003461	0.46703142	-0.33478975	0.12150464	1.0014247	-0.101629496	0.028930247	0.12331191	-0.013768023	0.3220237	0.40614414	-0.039280575	0.15215968	0.2422999	-0.21564192	0.039578885	-0.04872552	-0.21998015	-0.6733406	0.034876484	-0.36377695	-0.11710075	0.18361554	-0.20529193	-0.22813919	0.21257561	0.7756617	-0.03595818	-0.43018305
-0.027875153	-0.2918756	0.56479746	-0.50987756	0.37597266	1.0314702	0.07544898	0.1243818	0.097212754	-0.0198246	0.224208	0.3264238	-0.053575035	0.3241654	0.25229102	0.014964898	0.17641309	-0.11890367	-0.2393206	-0.61705583	0.08458392	-0.5411444	-0.19158866	0.22878061	-0.09190552	-0.29264304	0.13146025	0.5991918	-0.16290525	-0.2736321
-0.10232973	-0.20700216	0.477425	-0.43604055	0.35852158	0.7420784	0.02751058	0.16715701	0.063547805	0.088649005	0.14357823	0.3211237	-0.024619782	0.26765344	0.23144554	0.0538956	0.12700744	-0.12066628	-0.16057579	-0.51176685	0.037788577	-0.45579803	-0.14696798	0.19935368	-0.08924553	-0.18945111	0.13591479	0.39262497	-0.08125635	-0.20356679
-0.12842879	-0.26886028	0.5177231	-0.5050768	0.41472372	0.90640396	0.053174455	0.13026726	0.065858535	0.047855336	0.13260752	0.30206037	-0.08247273	0.27383697	0.2936014	0.10414388	0.20970933	-0.05610798	-0.22413021	-0.5992343	0.04136293	-0.6174132	-0.20605385	0.18986009	-0.05659082	-0.24469976	0.11523816	0.5717318	-0.14202037	-0.2270268
0.08064287	-0.46394905	0.63455576	-0.70966995	0.08151153	1.0340008	0.3218779	0.31474435	0.16732626	-0.08116872	0.31089756	0.46326375	-0.14267527	0.70545125	-0.18913499	0.09754084	0.17818454	0.21215157	-0.15683791	-0.5739011	0.2963056	-1.0004658	-0.40105423	-0.20759407	0.36530334	-0.6528236	0.19965394	0.45088	-0.30121803	-0.2095886
0.042114075	-0.40290174	0.7561574	-0.7014823	0.24899258	1.2460264	0.44583485	0.26367188	-0.03633412	-0.078035004	0.28983265	0.22486955	-0.035538785	0.73896074	-0.12826699	0.20842665	0.18978734	0.21301347	-0.11752372	-0.39793733	0.4071255	-1.1261953	-0.5906156	-0.2128987	0.41897285	-0.7721859	0.11621342	0.31255814	-0.22974554	-0.24009869
0.054178856	-0.36259815	0.7477412	-0.7139561	0.3431337	1.2223696	0.4516392	0.27894622	0.0061447006	-0.037754033	0.24515815	0.22766969	-0.045497704	0.68336356	-0.024545597	0.2579492	0.19491835	0.13558492	-0.09478632	-0.3546749	0.38228437	-1.0827992	-0.5657891	-0.1569174	0.3726981	-0.70288837	0.08176752	0.34558588	-0.22269425	-0.22528967
0.026936352	-0.35614693	0.73913836	-0.65945613	0.3352805	1.2290945	0.34927627	0.24657965	-0.020103669	-0.07380057	0.2269852	0.24941641	-0.052794185	0.6387913	0.0035712195	0.22832869	0.18707745	0.113554135	-0.116413064	-0.38519767	0.3525381	-1.0039027	-0.51797	-0.118990436	0.32012862	-0.65173477	0.09743443	0.40175116	-0.23206247	-0.22417681
0.017550936	-0.37484434	0.68497723	-0.6282348	0.36168426	1.1703126	0.31142	0.20558047	0.018899325	-0.03578331	0.24524887	0.26664796	-0.037924375	0.58539236	0.08917245	0.18390927	0.19129957	0.084513545	-0.12963042	-0.4256638	0.26476976	-0.9429051	-0.45178306	-0.059943	0.23726861	-0.5753063	0.13203983	0.4132065	-0.22621313	-0.26397026
0.08812449	-0.07932428	0.61664665	-0.44147414	0.4549252	1.2241236	-0.27530035	0.1907077	0.097445935	0.25579327	0.11260977	0.26008633	-0.11429613	0.39496154	0.39906597	-0.044116355	0.09512475	-0.52573335	-0.17579213	-0.9165582	0.2505449	-0.5136056	-0.15306947	0.3162695	-0.15471767	-0.3028805	0.14186975	0.8582672	0.121882044	-0.34628582
0.019594055	-0.12316286	0.601149	-0.45151487	0.44034797	1.0558902	-0.16842337	0.19117539	0.030517502	0.21304244	0.07212597	0.28061312	-0.082488954	0.36491385	0.32023442	-0.022190394	0.12173814	-0.32282022	-0.16958249	-0.7383503	0.2113283	-0.5374486	-0.18692064	0.24813612	-0.097067654	-0.2811972	0.103258625	0.6756348	0.058461566	-0.32322222
-0.39809507	-0.19861534	0.55882	-1.0949875	0.51039755	0.77225286	0.24419619	-0.04528867	0.15441409	0.024721004	0.02957029	0.13366924	-0.3298221	0.3289812	0.70690596	0.61438745	0.51233184	0.21354526	-0.22438042	-0.7995779	0.16520846	-1.2361815	-0.23866194	0.103037156	0.04136282	-0.048084002	0.2755485	0.60089636	-0.36670956	-0.04963217
-0.30218408	-0.2343886	0.55148727	-1.0046706	0.5371951	0.87245464	0.2509612	0.02741696	0.16249907	0.007348699	0.07251188	0.22059293	-0.28050217	0.32081625	0.62445027	0.5026696	0.44651306	0.18188281	-0.20592858	-0.7797545	0.15110321	-1.1620058	-0.23400328	0.11289883	0.04763048	-0.05097502	0.24885954	0.6017598	-0.3371899	-0.09663902
0.033136632	-0.38991943	0.67946917	-0.725398	0.2159851	1.1207968	0.3170084	0.27367294	0.12663296	-0.08291703	0.2853321	0.39158735	-0.10447885	0.66670346	-0.07022526	0.1587663	0.1808758	0.14842819	-0.16148199	-0.5387142	0.29737774	-0.9953501	-0.4252828	-0.15862274	0.32542253	-0.6270627	0.16279368	0.43165377	-0.28252777	-0.2164099
0.09182736	-0.41416118	0.6624753	-0.73775464	0.14642915	1.1796389	0.43610406	0.26198316	0.04842187	-0.13817163	0.31453875	0.29031223	-0.07695522	0.69765794	-0.12921987	0.1403464	0.12032044	0.20139433	-0.12697977	-0.4530241	0.3921526	-1.0681734	-0.48467875	-0.25519583	0.41867182	-0.7111374	0.18304226	0.37513092	-0.23861678	-0.18110034
-0.1904318	-0.44770977	0.56313527	-0.57419914	0.44254586	0.83851194	0.24355747	0.049680162	-0.0027028387	0.20916602	-0.024320032	0.11433865	-0.11818106	0.3101507	0.30631194	0.12355589	0.31712097	0.2437399	-0.24925764	-0.54187816	0.14089775	-0.82735807	-0.41614887	0.114739485	-0.0066651246	-0.34551153	0.025529118	0.62306374	-0.080636926	-0.31925094
-0.14218168	-0.51460725	0.55488753	-0.53769517	0.4184718	0.86267245	0.22093207	0.05912307	-0.0595311	0.2179929	-0.020634394	0.10247104	-0.072459266	0.2784913	0.27766973	0.09313083	0.3231967	0.273901	-0.2331115	-0.50934124	0.13072336	-0.8189014	-0.4698741	0.09776815	0.033047426	-0.3806228	-0.044054728	0.6243802	-0.0965221	-0.33746505
-0.044364363	-0.12375245	0.6504105	-0.4894986	0.45782778	1.0707145	-0.12963463	0.1739371	0.009264048	0.21352842	0.06293949	0.27394772	-0.06696998	0.41165856	0.3462393	-0.0056331223	0.19263446	-0.31469253	-0.17507003	-0.7678144	0.20910552	-0.621208	-0.24008334	0.24446012	-0.052554935	-0.293037	0.075346485	0.66330856	0.022983002	-0.3103406
-0.032587096	-0.2847758	0.45963883	-0.41429386	0.31713712	0.84505075	-0.039344437	0.12370633	0.08575839	0.0440192	0.16798036	0.36455056	-0.07839723	0.24815114	0.25258535	0.0065021846	0.12680961	-0.058455408	-0.1638667	-0.5263056	0.03970023	-0.47983584	-0.19431067	0.16043434	-0.07780266	-0.21351585	0.09876317	0.5186534	-0.14263533	-0.26295418
-0.113475606	-0.23254111	0.5048182	-0.49939775	0.3505445	0.9031577	0.07140783	0.19180647	0.048839424	0.034958683	0.12273969	0.34302077	-0.061818875	0.36787295	0.2026522	0.0849042	0.12222535	-0.13149852	-0.1695244	-0.5478947	0.13734299	-0.5616624	-0.17618355	0.24342333	-0.056520876	-0.2766345	0.117780685	0.4556131	-0.161806	-0.22791378
-0.0746451	-0.2401294	0.47942838	-0.44968086	0.3770798	0.81187046	0.013715266	0.13220283	0.029822234	0.045530915	0.11386577	0.3221256	-0.078782134	0.24608241	0.25196093	0.076679036	0.16883028	-0.04992514	-0.17457235	-0.5181872	0.06387095	-0.5213662	-0.18666603	0.19823547	-0.06125777	-0.1997158	0.11877971	0.47577018	-0.1603292	-0.22526565
-0.11120352	-0.2603543	0.4800527	-0.46842298	0.36040282	0.81713504	0.03671186	0.15179047	0.037316818	0.06607671	0.11922071	0.29496005	-0.05659775	0.27556035	0.2501122	0.09100841	0.15603635	-0.06996867	-0.15834641	-0.5224477	0.058059745	-0.5219164	-0.16904838	0.21633257	-0.06366005	-0.23110716	0.12270409	0.45902434	-0.14227113	-0.2217749
-0.43496326	-0.17378628	0.5679448	-1.061486	0.49448648	0.66004884	0.21989433	-0.03758673	0.1446414	0.052309334	0.008244797	0.1351519	-0.30434644	0.27595147	0.71834433	0.65551764	0.49711674	0.20272735	-0.18828017	-0.83334106	0.2020644	-1.2016692	-0.20914894	0.16749305	-0.0039026723	-0.0015062795	0.29629216	0.5279446	-0.36531356	-0.010833008
-0.049291197	-0.24848896	0.47907546	-0.49235705	0.38885763	0.90334743	0.057496633	0.15033728	0.06481811	0.005924976	0.15081297	0.30121893	-0.0864749	0.2807306	0.28514957	0.071732156	0.1618257	-0.045054086	-0.1970302	-0.5283667	0.062361587	-0.6098925	-0.2062639	0.1502701	-0.040915016	-0.22414842	0.10838976	0.514312	-0.14258054	-0.2149425
0.06664324	-0.45134947	0.6489665	-0.73869145	0.12679514	1.1471329	0.32451984	0.31512502	0.13251583	-0.09412199	0.31051028	0.38823667	-0.08208695	0.6997003	-0.13461693	0.10792885	0.16578564	0.13990057	-0.13897473	-0.5484997	0.31256992	-1.0121758	-0.41755113	-0.17687884	0.35287124	-0.6486441	0.2013694	0.43795252	-0.2599207	-0.19612971
-0.027852394	-0.2668926	0.45180103	-0.42567432	0.35254294	0.7898497	0.013398207	0.12484782	0.073964804	0.045442782	0.16547084	0.32135263	-0.051920835	0.28109244	0.23676349	0.048470907	0.14565125	-0.040464085	-0.16252196	-0.49542764	0.04858263	-0.48994014	-0.16739091	0.16231866	-0.0341654	-0.22911057	0.113430575	0.48672104	-0.12400775	-0.26124638
-0.12960212	-0.63627476	0.5971749	-0.4734644	0.51856464	1.0315636	0.17932627	-0.09751254	-0.17178488	0.40452945	-0.14609303	0.040234983	-0.047468938	0.23728263	0.26165795	0.08419124	0.4174164	0.33840668	-0.3076517	-0.46064335	0.17817059	-0.8685676	-0.61664903	0.06519902	0.010974975	-0.46188372	-0.18794881	0.6000073	0.007687627	-0.44099057
-0.15647778	-0.7977761	0.6437167	-0.47213486	0.73269844	1.1836132	0.107892536	-0.16138323	-0.27883014	0.61216927	-0.29039532	0.23495278	-0.051063046	0.18871678	0.22790076	0.16062766	0.57192194	0.35306677	-0.34869984	-0.39004272	0.08721168	-0.949755	-0.71911865	0.09593082	-0.013704695	-0.55504423	-0.36407778	0.5902044	-0.075071864	-0.56320363
-0.12823029	-0.87366545	0.6669401	-0.553612	0.78788453	1.2973839	0.07121896	-0.15824449	-0.2511857	0.6244215	-0.27121973	0.28757522	-0.085670166	0.17855369	0.21398537	0.13838196	0.58966404	0.37360474	-0.40053916	-0.43792453	0.088391304	-1.0193173	-0.7424888	0.09323097	-0.019709932	-0.573473	-0.35498637	0.63860834	-0.1021429	-0.6429902
-0.14645378	-0.9362867	0.71	-0.5543509	0.83127224	1.363655	0.06129988	-0.19795878	-0.240908	0.65234077	-0.28004542	0.34254465	-0.07845307	0.1949158	0.21671619	0.14830557	0.6828797	0.4099502	-0.39261156	-0.4072739	0.050261162	-1.0480762	-0.8085212	0.1192619	-0.03911546	-0.6369176	-0.4475491	0.6572394	-0.12625593	-0.66743046
-0.151962	-0.97299886	0.6757508	-0.56525195	0.8622867	1.3667231	0.05408016	-0.17673814	-0.27749264	0.7001177	-0.29321772	0.39734122	-0.07398455	0.15601793	0.17119572	0.12260285	0.6692696	0.40457636	-0.41462722	-0.3622584	0.03956231	-1.0759045	-0.832611	0.10725992	-0.022874888	-0.6606415	-0.4934258	0.6487802	-0.105486795	-0.69817066
-0.10632849	-1.0139529	0.651174	-0.5102884	0.85314596	1.3424921	0.07607231	-0.20133027	-0.2713608	0.6818022	-0.32891962	0.4327086	-0.10935712	0.1715052	0.18295656	0.14928682	0.70557064	0.43873307	-0.36535025	-0.3166435	0.056339055	-1.0700727	-0.847028	0.06666395	-0.018644203	-0.63851184	-0.5372805	0.67905927	-0.15957808	-0.68908995
-0.12303623	-0.9975392	0.6681294	-0.52295524	0.8165244	1.3612088	0.04291233	-0.19066721	-0.227488	0.66917235	-0.28914896	0.46482676	-0.10929016	0.1611781	0.16450511	0.101611	0.68030196	0.41922244	-0.3768667	-0.3276053	0.03036432	-1.0180169	-0.8546753	0.10905147	-0.0038522023	-0.6129833	-0.5305579	0.6663395	-0.19429846	-0.7091811
-0.10404176	-1.0275911	0.62465495	-0.44433308	0.81242436	1.2840986	0.044076394	-0.19696447	-0.25094324	0.6749885	-0.30051276	0.50838935	-0.10519345	0.13716625	0.10254927	0.10977155	0.671174	0.44509825	-0.32440057	-0.23461214	-0.0072884723	-0.96650666	-0.86233664	0.0488326	0.018112278	-0.61268896	-0.5572215	0.6499272	-0.20508522	-0.7181373
-0.06599321	-1.0283501	0.609787	-0.39520904	0.7448158	1.2785712	0.04640404	-0.17405231	-0.22810292	0.6380002	-0.30257657	0.5354722	-0.12843671	0.12892994	0.11598324	0.07828898	0.65288424	0.42485702	-0.30639786	-0.23546419	0.008654392	-0.94659334	-0.8241982	0.06971482	0.030647729	-0.6074801	-0.5704557	0.65611637	-0.20975325	-0.68246835
-0.0364595	-0.9464101	0.62382936	-0.31862548	0.62311584	1.1568819	0.055747323	-0.12004603	-0.17550355	0.54190654	-0.19989237	0.5592955	-0.08562705	0.20349087	0.11122831	0.056833122	0.52044225	0.40510407	-0.20353878	-0.14109458	0.05512127	-0.82425123	-0.7743459	0.08067374	0.07984337	-0.51731205	-0.5286761	0.60774684	-0.26415196	-0.6207547
-0.07186505	-0.9259783	0.67472535	-0.3196697	0.6085158	1.2181075	0.08085064	-0.054120716	-0.2159149	0.60576606	-0.16223064	0.54394364	-0.05983207	0.2903521	0.13725701	0.08507368	0.52484506	0.38196236	-0.17239688	-0.199985	0.09597876	-0.8598368	-0.7844735	0.08827539	0.07042992	-0.55731875	-0.44965708	0.59501284	-0.22119184	-0.63329107
-0.08991267	-0.86283135	0.681889	-0.30830166	0.5709782	1.1493543	0.06614604	-0.012445905	-0.18553305	0.5786894	-0.13555737	0.47691768	-0.03659863	0.3036253	0.16867758	0.10956151	0.4525282	0.32881075	-0.15561737	-0.26054868	0.14175592	-0.8251659	-0.7202984	0.12084851	0.05976474	-0.5203205	-0.42249104	0.564468	-0.19621442	-0.57160556
-0.06697839	-0.7180571	0.6635506	-0.35913485	0.49270192	1.1039609	0.06134114	0.032317795	-0.14436539	0.4251797	-0.06105869	0.45308125	-0.038944017	0.32933804	0.17911033	0.07108328	0.40452883	0.22033729	-0.17070444	-0.33399788	0.12788215	-0.78593165	-0.5985322	0.14125825	0.0350098	-0.45767957	-0.25944772	0.5581888	-0.15406242	-0.49896738
0.10764008	-0.116199225	0.60811424	-0.46644238	0.4701011	1.2842175	-0.30831513	0.1658233	0.13034435	0.26734257	0.15327542	0.2850173	-0.12928756	0.3556056	0.41099444	-0.079335846	0.067403376	-0.5372481	-0.21047421	-0.9435893	0.20654468	-0.48114353	-0.11517578	0.29176974	-0.2115882	-0.31528133	0.17385447	0.8979376	0.15125987	-0.40805382
0.119366065	-0.14254664	0.59379923	-0.4530679	0.4110323	1.2706702	-0.29965535	0.2025564	0.15464571	0.2209434	0.19906728	0.35144418	-0.14127775	0.3321878	0.39496776	-0.079921685	0.053623423	-0.47775695	-0.19735797	-0.9260636	0.19158378	-0.49707428	-0.14841282	0.27810463	-0.21425654	-0.27975667	0.20037167	0.9118476	0.113498405	-0.40127409
-0.100750536	-0.0924304	0.57952464	-0.44426313	0.4091112	0.89206797	-0.0802155	0.21195799	-0.002155572	0.19243982	0.030839913	0.20234483	-0.04777696	0.3800082	0.30688345	0.027624352	0.17444554	-0.28731224	-0.1874866	-0.642741	0.20532519	-0.5467672	-0.18879263	0.2738671	-0.06064532	-0.24954931	0.08878848	0.5236875	0.028038923	-0.20026354
-0.03583233	-0.11832785	0.65861964	-0.48692575	0.5114956	1.1044639	-0.12849626	0.21336764	0.03143141	0.2514175	0.02248086	0.2677225	-0.10209466	0.40137205	0.3379645	0.01490105	0.19963045	-0.3222186	-0.19592164	-0.7718133	0.24971771	-0.6104234	-0.25877154	0.2983547	-0.051108904	-0.30414504	0.053053252	0.6584291	0.023002718	-0.29699627
0.03669375	-0.1166347	0.57728654	-0.41580254	0.44577953	1.1523019	-0.2551874	0.17236559	0.076709285	0.23982549	0.119967386	0.28607795	-0.08674463	0.34043524	0.35739276	-0.07280042	0.13371947	-0.38635826	-0.20029727	-0.8080104	0.18581864	-0.52488065	-0.18593496	0.2751944	-0.15049912	-0.29655188	0.119516626	0.7363874	0.078836255	-0.35425067
-0.06698435	-0.26040143	0.4692321	-0.44384634	0.31484675	0.81292546	0.017320514	0.12608738	0.056349576	0.05336657	0.14590736	0.2887329	-0.07711807	0.26500976	0.24514809	0.046827544	0.13644765	-0.037645176	-0.18382	-0.47353008	0.063796446	-0.49167067	-0.16964543	0.14917922	-0.03205147	-0.21999852	0.11467399	0.4984915	-0.13361867	-0.2588218
-0.074726105	-0.21329808	0.53303623	-0.5597474	0.46451443	0.8653472	0.107495695	0.14771707	0.04355888	0.03572701	0.13414222	0.30274123	-0.092327006	0.30725142	0.29391134	0.14679047	0.22468767	-0.03938233	-0.1209521	-0.5739468	0.11239935	-0.6607992	-0.19745788	0.2017869	0.015152756	-0.20449868	0.09722015	0.42183825	-0.21685396	-0.14937742
-0.036600865	-0.2282681	0.43029192	-0.45372564	0.398901	0.84089	0.06649026	0.13199997	0.06742708	0.035698608	0.16898602	0.28917107	-0.08291024	0.28031254	0.22425452	0.05049351	0.15106368	-0.050037555	-0.13548043	-0.4259366	0.025136447	-0.5135769	-0.19581798	0.120481916	0.006715212	-0.21739712	0.08230491	0.4364143	-0.13724004	-0.22144279
-0.03853223	-0.23447019	0.53340894	-0.51642966	0.36822304	0.9312265	0.082431085	0.19647636	0.05205767	0.021502133	0.17725639	0.30590203	-0.054134633	0.37242284	0.19832411	0.097985506	0.14279719	-0.09143816	-0.16551463	-0.50155413	0.13526236	-0.60066086	-0.19422172	0.18187712	-0.026321644	-0.29072657	0.113165006	0.47961593	-0.16317113	-0.26320967
0.29063398	-0.48549655	0.34169453	-0.36954257	0.059173666	0.99969405	-0.23292154	0.14819555	0.49220452	-0.18587938	0.43261254	0.73295367	-0.118563	0.12707886	0.07036561	-0.41700232	0.015879588	0.09666375	-0.2846233	-0.8082626	-0.2899136	-0.24204865	-0.016586164	0.16268995	-0.27777338	-0.12159725	0.19378774	1.0749128	-0.42878237	-0.57023203
-0.19294639	-0.24943538	0.505021	-0.6726605	0.42940068	0.8166469	0.097201504	0.072940454	0.08619609	0.03960703	0.08513561	0.25584352	-0.15625675	0.27321526	0.42314872	0.27334523	0.27973768	0.002877235	-0.16647705	-0.63985056	0.09946378	-0.76237553	-0.20945309	0.19816928	-0.015152377	-0.14152475	0.13672757	0.50415504	-0.21947645	-0.1467729
-0.06051259	-0.22956333	0.45785373	-0.44312146	0.3332076	0.82510316	-0.0024317969	0.14991787	0.06233075	0.046181925	0.18808292	0.33628777	-0.051901624	0.27945733	0.23630843	0.03267717	0.090505525	-0.10258182	-0.1793144	-0.5239338	0.015415689	-0.48356128	-0.16300456	0.18065205	-0.10330478	-0.22147498	0.14404519	0.4862486	-0.088634774	-0.23723127
0.112282164	-0.12797165	0.5639766	-0.43786642	0.40611514	1.2505175	-0.32807314	0.17517292	0.18549928	0.2165802	0.24464405	0.2976342	-0.13206989	0.3084937	0.40392146	-0.08196889	0.030077115	-0.50353837	-0.20368715	-0.96478623	0.18722035	-0.4581839	-0.096830055	0.24781774	-0.19428842	-0.274175	0.2068686	0.9210742	0.11878836	-0.38647407
0.13133788	-0.119986564	0.5452095	-0.4011795	0.38887784	1.1759824	-0.28582162	0.14866789	0.1828469	0.18051216	0.20850788	0.311504	-0.14512968	0.2783813	0.38231954	-0.061305203	0.056346	-0.47647288	-0.20323318	-0.8891711	0.16562407	-0.4513399	-0.089355335	0.2401033	-0.2064576	-0.2646654	0.16690831	0.854748	0.056001242	-0.36558643
0.069341205	-0.12583937	0.52386487	-0.41944802	0.3820619	1.0672251	-0.22748604	0.1617279	0.12800284	0.15096447	0.18956065	0.33059692	-0.14293136	0.2682347	0.343032	-0.030242424	0.04728184	-0.42050382	-0.1843185	-0.73862827	0.13392894	-0.44150025	-0.11377997	0.25550562	-0.15333214	-0.24110053	0.1482962	0.7531149	0.012043638	-0.32987782
-0.055282734	-0.26078779	0.4482726	-0.43422523	0.34369364	0.86325186	-0.0074745067	0.11042565	0.063786626	0.065281115	0.158813	0.29586354	-0.068073876	0.28528416	0.24468155	0.039478637	0.14022517	-0.05680016	-0.17889902	-0.5213485	0.06528802	-0.50780684	-0.19215786	0.17893206	-0.071371235	-0.2560842	0.09399386	0.51444906	-0.09796588	-0.25868154
-0.05757214	-0.2578957	0.4581911	-0.41876784	0.34684452	0.8081638	0.0058893953	0.12676151	0.050366864	0.04195939	0.13953754	0.30418128	-0.07534181	0.24506223	0.22688375	0.054262962	0.12074802	-0.10280933	-0.15949886	-0.5134371	0.045111123	-0.4780954	-0.14974159	0.18069912	-0.088668846	-0.1953779	0.09912546	0.4802916	-0.12924096	-0.22779872
-0.074899755	-0.20472777	0.44831502	-0.4535753	0.3733772	0.80548143	0.047525663	0.1479909	0.040690947	0.051101103	0.13949405	0.2889494	-0.057661746	0.28142983	0.22359021	0.06447303	0.13745627	-0.08916359	-0.15482625	-0.47310147	0.05363854	-0.5245629	-0.18390939	0.18507038	-0.03427166	-0.23397806	0.10674788	0.3898862	-0.10633284	-0.21589224
-0.08314281	-0.2776546	0.49630296	-0.4705072	0.37252933	0.81821525	0.0697513	0.13299426	0.032612663	0.10787316	0.103440784	0.3176414	-0.06963459	0.31290874	0.24138202	0.095608406	0.19561157	-0.024292106	-0.17517108	-0.49352238	0.08134087	-0.58215046	-0.2089312	0.18054648	-0.06149384	-0.26402152	0.08924643	0.47313517	-0.10136091	-0.2080097
0.14777829	-0.4016246	0.34194508	-0.29120186	0.19305098	0.76537347	-0.21324292	0.1268574	0.36990523	-0.15174654	0.27509144	0.6404981	-0.16370605	0.13049498	0.09964061	-0.25873303	0.09357227	0.07574591	-0.17347775	-0.5144229	-0.19232635	-0.28551048	-0.085533544	0.09240458	-0.121901736	-0.14939985	0.096128635	0.79722744	-0.37793368	-0.4380405
-0.024156528	-0.2853903	0.5958487	-0.5006077	0.40167177	0.99985766	0.088755526	0.15913178	0.10967506	-0.025290294	0.19417354	0.329651	-0.0658458	0.34409666	0.25300708	0.06380572	0.1936268	-0.14620163	-0.22345984	-0.5961117	0.10806385	-0.56608033	-0.19693346	0.24480449	-0.1100907	-0.29493934	0.09920403	0.5591216	-0.18484624	-0.24498515
-0.071647696	-0.33046183	0.6571085	-0.5589171	0.37199432	1.0567442	0.07629684	0.13358161	0.09650937	0.017482825	0.18502095	0.3449704	-0.05132401	0.32587823	0.31494066	0.06751893	0.21265297	-0.15166648	-0.21995494	-0.6359487	0.0692919	-0.58027023	-0.19081333	0.3004284	-0.11605407	-0.3321071	0.12197742	0.6024676	-0.14963278	-0.27233496
0.15773164	-0.427139	0.34911585	-0.30903965	0.19656442	0.787788	-0.22354506	0.12190174	0.40159708	-0.16150184	0.2813737	0.71267766	-0.21101668	0.12432679	0.065791085	-0.27104202	0.12499526	0.1387733	-0.18999523	-0.4688367	-0.20100895	-0.2578787	-0.08601229	0.0858312	-0.14968479	-0.13866569	0.07623389	0.84981215	-0.43334588	-0.47765994
0.16338187	-0.44908306	0.35631388	-0.3665243	0.11763361	1.0649427	-0.23955888	-0.0036985385	0.25669983	-0.13001272	0.46695718	0.43749654	-0.0149336625	0.16667315	0.2505203	-0.286633	-0.08580994	-0.06025292	-0.28258285	-0.7704045	-0.08710047	-0.25866047	-0.05934188	0.11827263	-0.16204156	-0.2158764	0.2542404	0.87332726	-0.13364966	-0.46759772
-0.1082596	-0.22726655	0.51772934	-0.5430195	0.37274513	0.8806824	0.042396054	0.16484097	0.052241847	0.06724772	0.124424994	0.30061743	-0.11562247	0.3059403	0.32620144	0.12599865	0.17407934	-0.07949389	-0.17858702	-0.582733	0.10273772	-0.59916604	-0.19199933	0.22278073	-0.063724406	-0.20857166	0.11453798	0.48626474	-0.13656221	-0.22491305
0.13104384	-0.40957686	0.38709903	-0.3994633	0.14917062	1.0433385	-0.22130689	0.030273492	0.26009732	-0.11758803	0.45230475	0.3953161	-0.043422606	0.18369813	0.2607814	-0.25086626	-0.07723765	-0.099066675	-0.29476795	-0.776593	-0.044510413	-0.28740564	-0.06644522	0.115389384	-0.18625204	-0.22533692	0.27324644	0.83109486	-0.13272838	-0.48075014
-0.006542995	-0.261458	0.4277107	-0.3383335	0.26315993	0.7678255	-0.16456637	0.13053012	0.1108748	0.02479869	0.17278919	0.44484967	-0.1120318	0.18612726	0.2303423	-0.039522205	0.118088774	-0.07609772	-0.14390214	-0.4888628	-0.027911635	-0.3844512	-0.16006823	0.14764525	-0.09608295	-0.16176797	0.11999733	0.5250345	-0.155847	-0.2463968
-0.06327079	-0.23061943	0.45653957	-0.39907396	0.3278075	0.7770447	-0.009661361	0.15801689	0.04645188	0.047382966	0.141201	0.34201333	-0.079037674	0.23958935	0.21878222	0.038210873	0.14355576	-0.085098326	-0.15998162	-0.50499904	0.010370784	-0.45698702	-0.17876919	0.16822991	-0.06320849	-0.19460526	0.116928294	0.46182957	-0.1233467	-0.21128215
