0.39617756	-0.40546352	0.22698389	-0.3262645	-0.44212568	-0.2244474	0.08264347	-0.31803554	-0.27912065	0.09053605	-0.0645743	-0.20107272	-0.56797206	0.41677135	0.48279652	0.40088373	-0.39354035	-0.030870756	0.73181754	-0.06648501	0.29660895	0.08299202	-0.084516674	-0.07600484	0.36956647	0.30822286	0.3859437	-0.07148162	0.015288818	0.4024911
0.40451926	-0.4259612	0.22595443	-0.32736877	-0.4469537	-0.20324095	0.07725723	-0.35299966	-0.28013012	0.09504668	-0.07129984	-0.20186856	-0.5533655	0.41425428	0.50043446	0.4292059	-0.40875092	-0.036556456	0.7443346	-0.04758905	0.29941475	0.09294887	-0.08619303	-0.046627365	0.38194323	0.3091245	0.40822494	-0.061502848	0.011162033	0.40824375
0.37550253	-0.4182116	0.22173326	-0.34723952	-0.44664568	-0.21709488	0.088677935	-0.32344282	-0.27072254	0.11363501	-0.083167545	-0.19436057	-0.55826616	0.4093778	0.50696355	0.40973794	-0.39693114	-0.013336109	0.70890516	-0.06479261	0.32194456	0.093121216	-0.06905546	-0.062185146	0.36482978	0.31727797	0.4008152	-0.065517254	0.0015908778	0.38336462
0.37101057	-0.36846942	0.20560238	-0.321748	-0.39296374	-0.20089087	0.07391868	-0.3279914	-0.253971	0.10786485	-0.07258704	-0.19308567	-0.5123542	0.3872109	0.46681675	0.39257437	-0.3951427	-0.018550372	0.6855866	-0.04446232	0.2817913	0.097427815	-0.060441006	-0.06673234	0.34786248	0.31275088	0.38464117	-0.06604157	-0.0011045204	0.37875488
0.36648995	-0.3871812	0.22844948	-0.3249659	-0.41341746	-0.18619914	0.07815375	-0.332671	-0.25796813	0.08370363	-0.08760011	-0.17990685	-0.5272763	0.39133295	0.487364	0.38538876	-0.3954519	-0.02849786	0.68069	-0.06297725	0.30725425	0.10387065	-0.04963575	-0.05151591	0.35879603	0.3004737	0.36067548	-0.06002085	0.00427974	0.38715175
0.360972	-0.38943988	0.2243623	-0.33962372	-0.4202168	-0.21042636	0.063856386	-0.33038792	-0.2738605	0.10965344	-0.089062065	-0.18911669	-0.54384106	0.39107466	0.47651425	0.3901709	-0.38905987	-0.019857751	0.6904611	-0.044646315	0.29799718	0.09971568	-0.0782895	-0.053629186	0.3470146	0.3022026	0.38782012	-0.061054446	0.0050308327	0.4049139
0.38828146	-0.39946726	0.23636466	-0.3413124	-0.4541415	-0.22382356	0.099675916	-0.34675187	-0.29182354	0.095454946	-0.092872895	-0.19899753	-0.5802577	0.41421402	0.5145021	0.41313735	-0.42423797	-0.009038136	0.7377916	-0.04679525	0.3069494	0.11200948	-0.056383625	-0.06322633	0.3852584	0.30949274	0.40150285	-0.04303234	0.0105777355	0.41576678
0.36866885	-0.4116132	0.21851885	-0.33612874	-0.4502749	-0.21060133	0.06711834	-0.33784944	-0.26246753	0.10645111	-0.09406302	-0.21620743	-0.5756728	0.39117005	0.4875573	0.4300501	-0.40584084	-0.022193618	0.7319206	-0.06999568	0.31822473	0.082805455	-0.070588775	-0.06016037	0.3782281	0.32541177	0.39452875	-0.055309862	0.023860767	0.40900418
0.37528908	-0.3828248	0.20878293	-0.3266234	-0.41727716	-0.19739352	0.09064554	-0.3260028	-0.27082485	0.084246255	-0.078662984	-0.184009	-0.52358294	0.3926215	0.46525732	0.38594237	-0.3839142	-0.018307555	0.6799949	-0.059220485	0.29108363	0.08175465	-0.068863004	-0.06565483	0.3386541	0.30967465	0.38147062	-0.069194764	0.0033261164	0.3826425
0.39515564	-0.39826342	0.22634205	-0.3444802	-0.453798	-0.21374238	0.07695636	-0.32445484	-0.27766615	0.1127485	-0.08494927	-0.20621018	-0.5765774	0.4220083	0.490127	0.42553547	-0.4003739	-0.009698502	0.7419505	-0.067076154	0.3111747	0.09299992	-0.07615408	-0.055294003	0.37963876	0.33803424	0.41601217	-0.049477044	0.023585595	0.40177354
0.38459286	-0.41564384	0.24089977	-0.35187897	-0.43448484	-0.21433456	0.07357333	-0.3274809	-0.28515154	0.08417551	-0.07418865	-0.18902251	-0.57143253	0.40793583	0.49960208	0.42120335	-0.41706818	-0.026274443	0.7139403	-0.043177925	0.30931163	0.09932004	-0.077433735	-0.059877258	0.3674218	0.32645136	0.40409592	-0.041010547	0.026421044	0.40303698
0.3470211	-0.3807895	0.22190323	-0.30222043	-0.41774258	-0.18754338	0.06317773	-0.3008625	-0.2548232	0.09038101	-0.06590099	-0.19227602	-0.50865793	0.37803036	0.44450316	0.3963288	-0.38373658	-0.03618893	0.6732635	-0.048625346	0.28031093	0.10375381	-0.056261078	-0.04760668	0.35483876	0.29747722	0.36272973	-0.04111359	0.021130884	0.3601601
0.356844	-0.37859863	0.20059612	-0.2982494	-0.40343142	-0.17338686	0.06857319	-0.3059854	-0.2393366	0.09446606	-0.075966336	-0.17400216	-0.5182099	0.37468025	0.45818332	0.38717	-0.38223553	-0.011143724	0.6657739	-0.0666521	0.29426336	0.071158364	-0.0661347	-0.057625245	0.32884893	0.27674708	0.37215993	-0.04018651	0.025714366	0.36809868
0.36068544	-0.3804709	0.22681998	-0.31745213	-0.41360626	-0.19415502	0.09170887	-0.30127558	-0.2590773	0.08302255	-0.08732977	-0.18821283	-0.5208425	0.39747342	0.48613173	0.3847406	-0.38868815	-0.031225745	0.6908898	-0.06603442	0.293242	0.08708717	-0.06490884	-0.044165988	0.3380967	0.29532683	0.3726898	-0.05743679	0.009428319	0.38326916
0.33920744	-0.34234342	0.18078814	-0.29661784	-0.3716524	-0.18970293	0.057860117	-0.28076506	-0.23958631	0.07880026	-0.05686688	-0.15936543	-0.47101828	0.33481	0.4086472	0.36077392	-0.35419822	-0.019827915	0.6095444	-0.059314787	0.25990692	0.07371093	-0.06735505	-0.05082129	0.30036572	0.2563675	0.31584764	-0.06120994	0.00692438	0.3320594
0.37045437	-0.39073813	0.22610591	-0.31930086	-0.40426484	-0.20500988	0.07414785	-0.33727	-0.26307306	0.105774336	-0.08259457	-0.20196654	-0.5223636	0.39140427	0.48971394	0.40040305	-0.39336553	-0.017496672	0.69409853	-0.06463092	0.29528803	0.101409286	-0.06262748	-0.06544132	0.3417485	0.3168371	0.36929208	-0.0372334	-0.0027371445	0.39770296
0.37163907	-0.3796835	0.21693821	-0.33863014	-0.41959822	-0.19422285	0.0669728	-0.30501747	-0.2716945	0.084725365	-0.07538475	-0.18142611	-0.5206147	0.38478866	0.4791441	0.38657033	-0.37095606	-0.026510138	0.70187885	-0.052272245	0.3056332	0.08391547	-0.065439425	-0.05065485	0.33417886	0.31299	0.37594765	-0.057854213	0.019339677	0.39534956
0.37992653	-0.416245	0.23385985	-0.35597607	-0.4550779	-0.2174018	0.07359249	-0.33481404	-0.2767821	0.112522684	-0.09529729	-0.20157222	-0.54952985	0.39299375	0.4957047	0.41106343	-0.41826457	-0.021200323	0.7280222	-0.04313332	0.3208615	0.083026804	-0.078281276	-0.06377185	0.37262905	0.3184083	0.39063153	-0.06144967	-0.001903372	0.40747583
0.38230133	-0.38432387	0.23805569	-0.31939074	-0.4327772	-0.21394838	0.07853395	-0.33992168	-0.25830773	0.09818582	-0.06581045	-0.20761119	-0.55777365	0.39692342	0.4889341	0.42156646	-0.40224946	-0.017198632	0.7141776	-0.04314675	0.3067981	0.1053802	-0.0811725	-0.047648627	0.35043472	0.3142533	0.3997849	-0.060021304	0.010762609	0.38786054
0.36640206	-0.4122992	0.2456037	-0.34734476	-0.4339465	-0.20190181	0.085320644	-0.3247684	-0.28308895	0.08633195	-0.0659813	-0.20506398	-0.55744445	0.40145853	0.51004666	0.40079653	-0.39208937	-0.019960243	0.71248996	-0.059836317	0.32061955	0.083675765	-0.05665254	-0.072849296	0.3609688	0.32132047	0.4072418	-0.06762351	0.010715875	0.41064432
0.35567608	-0.38739264	0.24038728	-0.31712854	-0.41373923	-0.18709502	0.08067677	-0.32364282	-0.25567365	0.08540371	-0.07586781	-0.20374891	-0.5286362	0.38011795	0.47828716	0.40940452	-0.38633844	-0.021839103	0.7078441	-0.053895622	0.27879402	0.08894957	-0.052485254	-0.053163122	0.35921657	0.304553	0.37278113	-0.07005378	0.00059143006	0.38883707
0.3844397	-0.38868096	0.24640514	-0.35425678	-0.437	-0.22606371	0.077684596	-0.3520747	-0.26773643	0.096402265	-0.06372104	-0.1944823	-0.5473288	0.4084802	0.51242685	0.4300833	-0.4096814	-0.011273914	0.729878	-0.051039353	0.3083688	0.09599341	-0.053579994	-0.069807224	0.3753887	0.32034183	0.41256115	-0.040992856	0.017223598	0.3945045
0.35355398	-0.36934462	0.22162186	-0.29170468	-0.411859	-0.20336993	0.06701307	-0.28959212	-0.26215962	0.100764565	-0.059367213	-0.18246575	-0.5180999	0.37012014	0.4593906	0.39027977	-0.36533552	-0.01609084	0.6726225	-0.04630833	0.28613338	0.08236332	-0.062226113	-0.05924046	0.32605463	0.30121827	0.3615846	-0.06727986	0.010133916	0.38050514
0.36495796	-0.38684216	0.21663924	-0.32610703	-0.43597832	-0.20707723	0.08617331	-0.32019448	-0.27588502	0.09634699	-0.07842292	-0.21504655	-0.5630199	0.40870792	0.4868378	0.39963347	-0.41216117	-0.022835046	0.70044816	-0.05147245	0.2901075	0.08804276	-0.061359577	-0.041754402	0.35485092	0.3159471	0.38368678	-0.04732104	0.012945982	0.39640573
0.3589976	-0.34771016	0.22193533	-0.28883004	-0.38144875	-0.18196772	0.062407337	-0.29976884	-0.25717598	0.07802879	-0.06540957	-0.16750443	-0.49360564	0.36775523	0.45354125	0.3639394	-0.36629692	-0.03743544	0.6536478	-0.054716736	0.27249643	0.09298744	-0.07271034	-0.046470884	0.3351671	0.2876708	0.36237958	-0.047730852	-0.003867437	0.35252854
0.35005233	-0.36454898	0.23320305	-0.31005657	-0.40978423	-0.20034167	0.07361193	-0.31500557	-0.26203457	0.10264281	-0.08289097	-0.19423269	-0.5175297	0.36438555	0.46153462	0.3857077	-0.38310033	-0.017867291	0.6698979	-0.049142256	0.29190475	0.08221733	-0.075694285	-0.058238067	0.34420052	0.29982147	0.3579232	-0.056839943	0.02428659	0.3668134
0.3604495	-0.37893882	0.21577513	-0.32669824	-0.39744022	-0.2134237	0.06817037	-0.33156508	-0.25741515	0.09637932	-0.083964966	-0.1933647	-0.53120404	0.38670644	0.48361027	0.39720634	-0.39703524	-0.02765071	0.6958152	-0.058630593	0.27597427	0.107459486	-0.0727619	-0.06144711	0.3606244	0.3063187	0.38185948	-0.044267617	0.011883887	0.36528447
0.32636577	-0.3572049	0.19279315	-0.3149499	-0.3835812	-0.17746924	0.08207356	-0.3089747	-0.2496528	0.0965623	-0.084305435	-0.19225049	-0.5127023	0.36769828	0.437283	0.37452796	-0.34798884	-0.02635455	0.6351673	-0.06133874	0.26338017	0.101054326	-0.06584903	-0.05426465	0.33237058	0.28876185	0.3643805	-0.06236094	0.002130105	0.36560476
0.39678758	-0.4204969	0.24881002	-0.3242914	-0.4397017	-0.20041233	0.09707781	-0.34857625	-0.2749402	0.10585225	-0.065340206	-0.18859285	-0.5660962	0.41626823	0.501078	0.42852092	-0.42073345	-0.011289732	0.7157306	-0.07386612	0.32251275	0.094062984	-0.06510443	-0.04159187	0.35293344	0.31781834	0.40705228	-0.06081602	0.026633384	0.40821964
0.3535353	-0.39904544	0.22855586	-0.32065713	-0.4097526	-0.20721652	0.092962325	-0.3111988	-0.24806444	0.09764763	-0.073233254	-0.18396778	-0.528038	0.36957	0.47404173	0.39497444	-0.39800122	-0.01536968	0.70572877	-0.05832592	0.285404	0.091760755	-0.07457428	-0.063756496	0.35439122	0.29860625	0.39018565	-0.07022364	0.019169835	0.387272
0.35673702	-0.3452897	0.20731728	-0.29820707	-0.37430796	-0.1905208	0.08468418	-0.30999723	-0.24123299	0.086071424	-0.05936749	-0.18989636	-0.49797335	0.35711557	0.463788	0.38161695	-0.3767461	-0.032345284	0.6598456	-0.0643265	0.26745006	0.09488336	-0.04840426	-0.055446673	0.33604053	0.28629404	0.36790708	-0.05300369	0.026589034	0.3537465
0.35076272	-0.35952106	0.21761568	-0.31209674	-0.40578264	-0.18089154	0.092425555	-0.32160786	-0.23780464	0.104011185	-0.08057399	-0.17834818	-0.5053183	0.37257323	0.4521844	0.38149875	-0.3764693	-0.023812182	0.6645051	-0.06525532	0.29817134	0.10320675	-0.06559812	-0.06587746	0.3391952	0.28722122	0.37415922	-0.045616586	-0.00014117069	0.3793798
0.3622288	-0.41045257	0.2233125	-0.3487029	-0.4188335	-0.20049019	0.08045242	-0.31695613	-0.27987564	0.09527383	-0.07020064	-0.20614171	-0.5371239	0.41454834	0.4822207	0.4178415	-0.3885291	-0.014221771	0.7309626	-0.04978993	0.32010671	0.08572294	-0.063280284	-0.06786406	0.36944768	0.30615354	0.38805488	-0.0404165	0.0098144775	0.3849853
0.33549154	-0.38652617	0.20324552	-0.30567268	-0.40209743	-0.18805873	0.08052323	-0.31899697	-0.2589967	0.0952064	-0.07948	-0.19743268	-0.500987	0.36915803	0.46174717	0.37495884	-0.3809264	-0.012447677	0.6567676	-0.054979667	0.27489358	0.07433084	-0.08024421	-0.06853628	0.35148033	0.28429058	0.36331657	-0.06340106	0.0015661566	0.38187838
0.37171844	-0.37955546	0.2335477	-0.30457872	-0.40972298	-0.18578778	0.0901179	-0.30020577	-0.25187236	0.09223437	-0.07006817	-0.19462395	-0.5359016	0.38499537	0.47241604	0.39333728	-0.37151858	-0.03181115	0.68217534	-0.041947212	0.28561288	0.09238006	-0.07509391	-0.06897162	0.32498598	0.28464186	0.35385463	-0.059255484	0.012601558	0.36750522
0.35610723	-0.40044227	0.22878335	-0.33069393	-0.4122443	-0.20447502	0.08447338	-0.3305941	-0.275794	0.09007209	-0.08731358	-0.19571418	-0.5426557	0.3748216	0.4653862	0.38490054	-0.38163352	-0.009273884	0.69238	-0.05744541	0.3083312	0.07986493	-0.068201214	-0.07164864	0.3447066	0.28970376	0.36717233	-0.050349247	0.017365092	0.37723565
0.34407362	-0.3821432	0.21387258	-0.30911124	-0.3875982	-0.19404636	0.06693684	-0.31472665	-0.26464963	0.09416559	-0.07806467	-0.18991303	-0.5115766	0.38131276	0.45698524	0.37288523	-0.36028033	-0.034683675	0.6514467	-0.061644558	0.29698086	0.074579865	-0.073467664	-0.04177487	0.33550718	0.29316422	0.34687173	-0.051038943	0.0032426734	0.36902842
0.3589714	-0.36958855	0.23144266	-0.32078528	-0.3896642	-0.18113247	0.06640308	-0.32257858	-0.23308659	0.081019856	-0.06443446	-0.19466384	-0.52420044	0.37964538	0.46410528	0.36612737	-0.38837138	-0.01610009	0.6560557	-0.04520009	0.29864365	0.0807191	-0.07685094	-0.072069004	0.34590942	0.293777	0.3748555	-0.06715263	0.015777612	0.34834093
0.33730224	-0.3469415	0.20501088	-0.290151	-0.38548914	-0.1632448	0.05414508	-0.3037516	-0.25044516	0.0819761	-0.072282486	-0.17914288	-0.48208696	0.34288824	0.42675164	0.3621563	-0.3380725	-0.021107137	0.6256826	-0.059394863	0.26861238	0.075970575	-0.054188296	-0.06394442	0.3243006	0.28321788	0.32743892	-0.05634817	0.0126302345	0.3505297
0.38176054	-0.37151858	0.23523645	-0.33770314	-0.42476398	-0.20238088	0.06813971	-0.3182167	-0.276331	0.09814568	-0.068250775	-0.19019967	-0.53865737	0.3792088	0.48661324	0.4040665	-0.38362697	-0.03717785	0.7028447	-0.04348084	0.3034295	0.07642088	-0.056819662	-0.07149215	0.34650645	0.2872314	0.38681012	-0.037849773	-0.0005200821	0.3993159
0.3574971	-0.4073944	0.23901446	-0.32089487	-0.41820812	-0.21071306	0.074482724	-0.33843938	-0.25071144	0.10199592	-0.070537485	-0.20932706	-0.54534936	0.40489277	0.49238092	0.3921815	-0.38049704	-0.012979347	0.6870715	-0.049656134	0.28519663	0.07619945	-0.079497464	-0.049979802	0.3408307	0.30774534	0.39294398	-0.057753094	0.0059659174	0.4044352
0.37002474	-0.36790997	0.21565068	-0.32555297	-0.39842084	-0.19807583	0.07515654	-0.32132983	-0.2505808	0.08099779	-0.07440084	-0.19260031	-0.50141805	0.36009365	0.4768367	0.37092024	-0.3895372	-0.009350623	0.6754918	-0.06891915	0.2992228	0.09977314	-0.07973555	-0.050197016	0.3331134	0.28729743	0.35307452	-0.056888822	0.0064799786	0.38918754
0.3488651	-0.37094486	0.23446843	-0.32210243	-0.42001587	-0.1988312	0.086073466	-0.32299328	-0.24866371	0.1045356	-0.06020069	-0.1814877	-0.5306461	0.37814894	0.4780929	0.40791443	-0.39437968	-0.0126648545	0.69891334	-0.05659868	0.28924343	0.079190694	-0.05857385	-0.0648176	0.33542463	0.29365522	0.37991875	-0.03861781	0.020893194	0.38377172
0.35921097	-0.36987317	0.2174429	-0.30789044	-0.40270287	-0.20859934	0.086492024	-0.300376	-0.26266783	0.08225706	-0.063532524	-0.1937353	-0.502775	0.3732501	0.46873614	0.37548265	-0.38039032	-0.02574898	0.68472725	-0.0549726	0.28233504	0.10293258	-0.07707168	-0.066527516	0.33581948	0.2989413	0.37048674	-0.059524607	-0.0017501689	0.3566527
0.29437026	-0.31291646	0.18989109	-0.24173689	-0.3146024	-0.14929214	0.065382816	-0.24934572	-0.19183527	0.06702053	-0.052299958	-0.160648	-0.42395428	0.292121	0.3528275	0.31589255	-0.3168499	-0.019969009	0.54538095	-0.050207645	0.2198493	0.08056634	-0.050620794	-0.029917575	0.26447397	0.24665964	0.30441907	-0.02539016	0.016028391	0.30958065
0.36413935	-0.39756545	0.22395514	-0.3144177	-0.426976	-0.20853928	0.08540792	-0.3093329	-0.2571104	0.08841998	-0.07345457	-0.19400942	-0.54523927	0.3841111	0.48632538	0.39575928	-0.38857922	-0.040211778	0.7056625	-0.0655955	0.28232586	0.09975535	-0.08204682	-0.066842936	0.3314785	0.31311247	0.37492996	-0.037280194	0.013520243	0.37256953
0.30917302	-0.324173	0.20922916	-0.26625237	-0.3721525	-0.18023252	0.07630968	-0.27473933	-0.21892719	0.09050609	-0.055810045	-0.18195172	-0.46051374	0.33363608	0.41054842	0.35364607	-0.34105828	-0.026554784	0.5921874	-0.0370728	0.25830257	0.07041886	-0.043026876	-0.03504251	0.3116953	0.27944747	0.33796963	-0.060878422	0.01439742	0.3326215
0.34271413	-0.33666307	0.21222724	-0.30153272	-0.3878026	-0.16686389	0.08040104	-0.31150192	-0.24360201	0.082284175	-0.07559929	-0.1796014	-0.4781296	0.36250713	0.43747404	0.37378836	-0.34911647	-0.032327697	0.63580877	-0.03524223	0.260919	0.07489068	-0.07680991	-0.04325012	0.3274567	0.26197842	0.33973557	-0.044183757	0.010372237	0.3448554
0.3563358	-0.38546816	0.21285382	-0.32634592	-0.425899	-0.18859154	0.06445391	-0.3236163	-0.25575978	0.10640239	-0.08394863	-0.19820586	-0.51974654	0.37037113	0.46420738	0.37330678	-0.37232447	-0.03550365	0.6664125	-0.055574905	0.30134246	0.09873184	-0.07162026	-0.0577181	0.34496772	0.28552955	0.3614602	-0.051041648	-0.002121725	0.38094652
0.33379185	-0.35672346	0.2031924	-0.31219274	-0.39919162	-0.17967603	0.077356495	-0.3092216	-0.23547745	0.07927856	-0.058781408	-0.1876884	-0.4924992	0.34286726	0.45065457	0.3713185	-0.36244828	-0.0060811345	0.65084124	-0.0629864	0.26071075	0.09169165	-0.049303506	-0.064279296	0.32687196	0.27364832	0.3627529	-0.056529984	0.012159218	0.3693836
0.3315477	-0.36648947	0.21781562	-0.2933617	-0.38570932	-0.19504136	0.07821514	-0.3146719	-0.2324602	0.10121611	-0.054637596	-0.18907973	-0.49611714	0.37409827	0.45056486	0.3750111	-0.3468562	-0.030791108	0.6357932	-0.049845606	0.26492307	0.09634289	-0.06915166	-0.041005794	0.32021657	0.26941302	0.33728358	-0.059199408	0.008917341	0.351883
0.32516086	-0.34393898	0.213549	-0.29544002	-0.3755517	-0.18787406	0.05385543	-0.27079013	-0.2305052	0.08935701	-0.05835797	-0.16556092	-0.4856405	0.33814102	0.4250693	0.35781637	-0.34713537	-0.010809071	0.6250594	-0.053967107	0.26236233	0.0738003	-0.07225959	-0.043499075	0.30619612	0.261158	0.34669942	-0.03290887	0.026206193	0.321375
0.34705648	-0.35471565	0.18860203	-0.30847487	-0.37435845	-0.19865063	0.08331149	-0.28035998	-0.22952707	0.07561166	-0.0608391	-0.17377031	-0.47262624	0.36031476	0.4197877	0.34413785	-0.34036282	-0.033467755	0.62319237	-0.04323708	0.2765417	0.06962704	-0.05308213	-0.039333202	0.31495783	0.27582452	0.35573572	-0.04384893	0.011233642	0.35613477
0.33761445	-0.3814475	0.20928141	-0.3060472	-0.38573682	-0.18925251	0.07651598	-0.32269764	-0.25199518	0.08267008	-0.059693694	-0.19060716	-0.49356252	0.378451	0.45546055	0.38881642	-0.35500455	-0.031414755	0.65781707	-0.05571446	0.27427045	0.09443119	-0.04956546	-0.058386333	0.31668654	0.28379345	0.37561017	-0.05146178	0.012238126	0.35016468
0.33880228	-0.36002934	0.22652327	-0.29959175	-0.39561403	-0.19302808	0.06772905	-0.3143101	-0.25478706	0.09046321	-0.08188831	-0.17141668	-0.50017244	0.36676577	0.44462702	0.37499452	-0.3559513	-0.0058024484	0.67132366	-0.046957087	0.2629216	0.103169836	-0.07317789	-0.04090275	0.34928364	0.28266144	0.35643378	-0.06700941	0.027527386	0.37480614
0.26142576	-0.28369296	0.17568013	-0.24898899	-0.30687654	-0.15965346	0.045687016	-0.2300031	-0.19284126	0.08419896	-0.0505701	-0.15099514	-0.4076584	0.28130722	0.3667781	0.2884624	-0.2852144	-0.017626932	0.5163864	-0.050074287	0.22646621	0.08542781	-0.060342222	-0.02578703	0.27553916	0.24015212	0.29510224	-0.029991636	0.00025728822	0.3009927
0.32238835	-0.33683738	0.19674689	-0.27558473	-0.35299012	-0.16392863	0.0718349	-0.28252104	-0.20943306	0.089552775	-0.07140337	-0.16554037	-0.42881474	0.32820624	0.39449105	0.33105657	-0.3371228	-0.034177	0.5921319	-0.04766565	0.23504843	0.07335092	-0.047175266	-0.056994412	0.28648505	0.26452273	0.31231993	-0.061921068	0.011959259	0.31536403
0.31580096	-0.33695057	0.2149292	-0.30559143	-0.38780868	-0.17270683	0.07721622	-0.30086058	-0.24937357	0.07454434	-0.07619131	-0.18572088	-0.47171402	0.347835	0.43122244	0.35852098	-0.3585374	-0.020125356	0.6305454	-0.035603177	0.25275478	0.091302425	-0.06085622	-0.04644187	0.32293692	0.28861356	0.35065022	-0.054906435	-0.0020454822	0.34461462
0.33367795	-0.35375342	0.21678413	-0.29729307	-0.38427398	-0.18163355	0.059890665	-0.28953874	-0.23628144	0.07274068	-0.06834461	-0.18066975	-0.48112062	0.3473334	0.4170593	0.3506588	-0.3637289	-0.014014982	0.6221545	-0.06538333	0.2665877	0.0959657	-0.067164734	-0.034385305	0.33485782	0.26518613	0.33248574	-0.04418517	-0.0017325953	0.3372176
0.33539328	-0.3497651	0.2061492	-0.29058796	-0.38601068	-0.1638441	0.057098247	-0.27389917	-0.22054473	0.09415397	-0.06937075	-0.15578078	-0.4798217	0.34615263	0.411033	0.3431737	-0.34295604	-0.01692514	0.619131	-0.05036072	0.2781439	0.08298189	-0.06271557	-0.048571248	0.3278078	0.25959373	0.3386625	-0.050451458	0.018568026	0.32687637
0.34374923	-0.3660899	0.2112887	-0.29826242	-0.38683584	-0.18149105	0.09061926	-0.3112882	-0.25778005	0.09690705	-0.08503102	-0.17797247	-0.5176675	0.38240734	0.46317548	0.3747344	-0.37724137	-0.033749606	0.6495913	-0.045607187	0.26861438	0.0835624	-0.054700382	-0.04596445	0.32971337	0.28981623	0.37087753	-0.06621883	0.022251757	0.3558265
0.31525496	-0.33748046	0.21627878	-0.28309366	-0.38448298	-0.18678944	0.06741799	-0.2832229	-0.2431879	0.07983073	-0.057201184	-0.16818804	-0.49073607	0.34466103	0.41993764	0.35754612	-0.3484743	-0.0042811665	0.62472737	-0.06795512	0.26941836	0.072984844	-0.057330314	-0.04864869	0.31816542	0.27552164	0.35070786	-0.04276357	0.010301387	0.32956436
0.3285167	-0.3457503	0.1837363	-0.3035613	-0.37158203	-0.17946301	0.074234225	-0.28775486	-0.22064874	0.0838185	-0.06472351	-0.18722998	-0.47364712	0.345437	0.42329732	0.3500504	-0.33112016	-0.028293299	0.60879326	-0.066231094	0.25357264	0.07055987	-0.076304756	-0.052091755	0.30854923	0.2601412	0.34030572	-0.033536546	0.020002235	0.32572886
0.33400056	-0.34983355	0.19021039	-0.27429676	-0.38429955	-0.18801048	0.053866323	-0.30070415	-0.23022865	0.08148322	-0.071967684	-0.17469928	-0.477159	0.34366202	0.41217294	0.34174845	-0.33073315	-0.028935317	0.62005025	-0.059290495	0.2749415	0.08152674	-0.05230113	-0.047132667	0.32552767	0.27482274	0.3288824	-0.044819646	0.006310069	0.33558616
0.3094245	-0.3450207	0.18170854	-0.26505905	-0.37141055	-0.17328231	0.05764399	-0.2858785	-0.21221575	0.07539585	-0.05686779	-0.16295874	-0.43540844	0.33155972	0.4143946	0.35127595	-0.34328973	-0.015550559	0.59489805	-0.037668705	0.23735422	0.07292577	-0.057203412	-0.04579845	0.30570567	0.27523053	0.3162034	-0.03798307	-0.003287692	0.31987712
0.3075935	-0.3195944	0.16716231	-0.26480106	-0.33066526	-0.14577803	0.06705787	-0.24908802	-0.20043732	0.08475313	-0.046596315	-0.16635376	-0.4309883	0.31841323	0.37752634	0.31812918	-0.3268685	-0.026529498	0.5704467	-0.03399533	0.2343113	0.058794465	-0.04028281	-0.04508987	0.29842773	0.24554877	0.30062717	-0.042486392	-0.00093481626	0.32021832
0.3218265	-0.33616525	0.19680323	-0.27953854	-0.37272793	-0.18241292	0.061941486	-0.2853461	-0.24547294	0.08962291	-0.08099599	-0.16960737	-0.46505788	0.33168665	0.42853233	0.33780676	-0.35693067	-0.017859986	0.6219959	-0.060707532	0.26461732	0.0717443	-0.050058417	-0.051696062	0.29407173	0.26935855	0.33853912	-0.038377672	0.0043307333	0.35366014
0.35885555	-0.3648058	0.23061146	-0.2989267	-0.4117978	-0.1777829	0.061558366	-0.30685303	-0.266438	0.08535548	-0.08748669	-0.20433922	-0.5235452	0.3899763	0.47487116	0.38649163	-0.3876184	-0.01390206	0.65565234	-0.043617185	0.28126857	0.105322085	-0.056669075	-0.041361623	0.33717823	0.30773002	0.355829	-0.04332474	0.010789691	0.3784021
0.32336596	-0.33962914	0.20317906	-0.29075262	-0.35688075	-0.1684633	0.068563394	-0.2606831	-0.20988056	0.06609398	-0.05596619	-0.14691442	-0.4464173	0.33179924	0.4122502	0.3468293	-0.31634796	-0.026889473	0.5853772	-0.03984263	0.2669658	0.074167155	-0.040693983	-0.04255138	0.2909064	0.26463425	0.31264758	-0.040849477	0.020927364	0.33839893
0.3447226	-0.37968212	0.19907993	-0.31707406	-0.3828724	-0.18492557	0.064062	-0.30269757	-0.23173173	0.085370235	-0.056190252	-0.19240147	-0.51245457	0.3697419	0.45885232	0.3594519	-0.37088725	-0.032272346	0.6393448	-0.051444516	0.282621	0.08723457	-0.06955233	-0.0597466	0.31631145	0.27779475	0.35144633	-0.06373083	0.005405169	0.35091943
0.3156993	-0.3399235	0.18587233	-0.27401707	-0.37918302	-0.17927521	0.081943385	-0.27981845	-0.22709404	0.085023895	-0.06839154	-0.1532686	-0.4811928	0.32720596	0.40403336	0.34999663	-0.3417644	-0.024010459	0.607156	-0.061211463	0.25550777	0.066211514	-0.06944132	-0.032249477	0.29551697	0.27668035	0.32134715	-0.03912513	-0.004558791	0.34333485
0.3287205	-0.3516594	0.1860535	-0.27589908	-0.3877265	-0.19314173	0.07923681	-0.2814868	-0.25063536	0.08352237	-0.051174443	-0.15826635	-0.4853516	0.3529624	0.4427661	0.36983314	-0.33476216	-0.012441188	0.63848543	-0.06560991	0.2732734	0.094368145	-0.05821373	-0.043668758	0.33127746	0.27233577	0.34740743	-0.048360948	0.020687146	0.35117763
0.32164526	-0.35733265	0.21036121	-0.29556543	-0.3650882	-0.18465926	0.054153465	-0.29085663	-0.23743205	0.07468084	-0.06319274	-0.16591623	-0.486864	0.33660093	0.43694988	0.34042794	-0.33390304	-0.024304109	0.62864894	-0.049820855	0.2612371	0.084358364	-0.043273307	-0.04220438	0.30038118	0.29001448	0.35185164	-0.05684972	0.0017251726	0.34409627
0.35331482	-0.38340387	0.22428499	-0.33379278	-0.40640515	-0.19596711	0.06474554	-0.34023178	-0.26919213	0.07844646	-0.065433905	-0.21200837	-0.54663104	0.3766162	0.48503438	0.39538348	-0.39050883	-0.021332549	0.7019985	-0.05074339	0.30006948	0.08257751	-0.06001816	-0.04196151	0.35063395	0.3125658	0.37537935	-0.045078047	0.0016971272	0.40455696
0.28623876	-0.30303243	0.17873976	-0.25700206	-0.3036146	-0.15346378	0.04708405	-0.23548429	-0.1985789	0.07662458	-0.041675325	-0.16307187	-0.40616432	0.28617042	0.3630477	0.3011745	-0.2950067	-0.03352942	0.5442	-0.030055176	0.23923318	0.06348617	-0.04317106	-0.04396195	0.2750937	0.228474	0.286092	-0.026145758	0.015444191	0.2991256
0.3359077	-0.37374648	0.22648005	-0.31043458	-0.38360325	-0.19612032	0.08780034	-0.2909503	-0.24066797	0.102329634	-0.061035562	-0.16756013	-0.5168214	0.37031695	0.46783873	0.37975708	-0.3575324	-0.012808073	0.6521601	-0.046785098	0.28677127	0.09370681	-0.060372654	-0.03687095	0.34734747	0.29129428	0.34609574	-0.050834917	0.0021244106	0.36972073
0.3069783	-0.3187264	0.18904749	-0.2744739	-0.33857602	-0.15466677	0.062717475	-0.26296422	-0.22033401	0.07140603	-0.04262287	-0.14379244	-0.42169473	0.30740163	0.38092265	0.32067567	-0.31661993	-0.029663451	0.5566402	-0.042595983	0.23675682	0.08132414	-0.06039522	-0.055044986	0.2704434	0.22901556	0.30204764	-0.051790807	0.004739913	0.29804087
0.33416188	-0.35643378	0.20076865	-0.2872422	-0.40578645	-0.18506141	0.087977946	-0.3050608	-0.2445866	0.094778135	-0.074411325	-0.19629388	-0.51201737	0.3473892	0.4355474	0.36381727	-0.36927077	-0.023435654	0.64042026	-0.049481988	0.27810943	0.07382109	-0.052331664	-0.041631106	0.31689593	0.2935893	0.35303357	-0.054341104	0.0133469645	0.3475159
0.3182235	-0.31521836	0.19801939	-0.28043404	-0.36075094	-0.15920147	0.050926328	-0.27029288	-0.22515418	0.09462003	-0.07567557	-0.16774479	-0.45141292	0.30436996	0.3956233	0.31618872	-0.3283163	-0.0074836523	0.5846192	-0.05498084	0.24377929	0.06850074	-0.038209822	-0.035784233	0.28358787	0.26721042	0.32317394	-0.032343373	0.0026781177	0.31536883
0.3351496	-0.35231563	0.2105715	-0.29665276	-0.36993846	-0.19886169	0.05860377	-0.2809428	-0.23950407	0.102602676	-0.07755238	-0.17961842	-0.4907126	0.36355093	0.44836628	0.36628816	-0.3461242	-0.014782572	0.63614684	-0.0645957	0.27829352	0.08614792	-0.0729812	-0.051150393	0.32403684	0.27723175	0.36128655	-0.05065097	0.021556914	0.36551747
0.35577947	-0.39610305	0.23282473	-0.311168	-0.40184107	-0.20593497	0.07861882	-0.3289046	-0.26446754	0.0811983	-0.0770334	-0.20691662	-0.54091144	0.3992998	0.47733563	0.3967905	-0.39638364	-0.023007324	0.6967946	-0.0668477	0.28605476	0.09596173	-0.07091578	-0.042741615	0.33871537	0.3139588	0.37064078	-0.06683376	0.021536374	0.39015013
0.3487199	-0.35720703	0.21755189	-0.29499573	-0.39754415	-0.17264214	0.08786433	-0.2927045	-0.23464209	0.081910945	-0.084820524	-0.17825168	-0.50485116	0.37194142	0.42963007	0.36883488	-0.37161025	-0.032908726	0.6496447	-0.059818435	0.28445005	0.099967875	-0.06693292	-0.059563916	0.3239462	0.27743214	0.3516407	-0.056932993	-0.0024272087	0.3604914
0.36855933	-0.4059924	0.22329955	-0.31261915	-0.42807773	-0.21685557	0.08512528	-0.32705048	-0.25847054	0.09880669	-0.07698058	-0.19153707	-0.5324807	0.40110824	0.4990202	0.39710715	-0.3820337	-0.030253353	0.6885315	-0.051534917	0.28625098	0.08740985	-0.083011016	-0.07154206	0.35220137	0.30114898	0.37198377	-0.04637289	0.013777871	0.38973266
0.31365326	-0.33328545	0.18050775	-0.2698146	-0.35536438	-0.16553527	0.07113919	-0.25502938	-0.22745895	0.062307294	-0.055485554	-0.16281849	-0.43364707	0.30577248	0.38958752	0.32274324	-0.31948474	-0.009374728	0.58411074	-0.035418194	0.24748403	0.060528945	-0.04172345	-0.058088936	0.2970651	0.25913778	0.30355328	-0.053001083	0.00059887406	0.33187628
0.2729767	-0.27108464	0.16476898	-0.23722118	-0.28095636	-0.15516655	0.041356776	-0.20877957	-0.1905459	0.05296792	-0.057934932	-0.12584868	-0.37408572	0.27875546	0.3404454	0.27477118	-0.28528848	-0.0019972944	0.48964185	-0.047280785	0.2115867	0.062349975	-0.04962853	-0.033649404	0.2504359	0.22596583	0.24915221	-0.030179784	-0.0036287166	0.26780468
0.3231312	-0.3399385	0.1826989	-0.29906857	-0.37844625	-0.17137368	0.057865694	-0.29910293	-0.2460119	0.09588782	-0.049452104	-0.16992371	-0.4591594	0.34762272	0.4353537	0.34370238	-0.33834818	-0.0075453324	0.6067557	-0.059635334	0.24803582	0.078773014	-0.06905231	-0.03571362	0.32127106	0.26204947	0.32324538	-0.058041155	0.02137066	0.32969978
0.3009354	-0.332575	0.1776615	-0.2647748	-0.35912243	-0.18709949	0.07361258	-0.29076365	-0.21730141	0.081125185	-0.048653934	-0.15671138	-0.47023195	0.3168543	0.42454475	0.33454227	-0.34823668	-0.0035667056	0.60772765	-0.061388377	0.2621187	0.065926164	-0.048880383	-0.05483158	0.30311447	0.2484625	0.33557075	-0.04613687	-0.0016368108	0.33764675
0.3150073	-0.32521346	0.19539934	-0.26716676	-0.3812431	-0.18651506	0.06358406	-0.29450926	-0.23928274	0.09053528	-0.06380224	-0.17797509	-0.46181226	0.33760613	0.42924443	0.36318737	-0.32889947	-0.03346643	0.626052	-0.039444447	0.24949574	0.090320975	-0.06596431	-0.053484324	0.31624326	0.25145993	0.32021627	-0.031976204	0.02606357	0.33579338
0.28195164	-0.32199967	0.18515763	-0.24943893	-0.34401625	-0.14871855	0.06686912	-0.260775	-0.22140598	0.08466912	-0.049696717	-0.17103511	-0.4240095	0.30099988	0.36857998	0.32127777	-0.32637078	-0.026841052	0.57293934	-0.04355015	0.24998967	0.06592895	-0.04001577	-0.051366165	0.2747552	0.25466996	0.31182638	-0.046585836	0.0145477075	0.29928863
0.31318974	-0.33366033	0.202939	-0.27630913	-0.36537984	-0.17735572	0.06448008	-0.2710671	-0.21888457	0.090292215	-0.05882333	-0.17498367	-0.4472469	0.3264274	0.39870596	0.32567695	-0.32567838	-0.031575944	0.6029956	-0.05646094	0.2498993	0.07905574	-0.06593013	-0.038651925	0.30101296	0.25125957	0.33473858	-0.057474505	-0.0037337262	0.34278595
0.2885995	-0.32214934	0.17822893	-0.2750268	-0.33055678	-0.14766505	0.07830669	-0.2487756	-0.22277986	0.06472102	-0.07686768	-0.16987164	-0.41373765	0.3006287	0.38752356	0.3170504	-0.29858467	-0.029058922	0.57211727	-0.031860664	0.23331401	0.05902363	-0.070424266	-0.04662517	0.28807727	0.25560972	0.3090677	-0.04026831	-0.0070705963	0.31168997
0.29151326	-0.33228555	0.19610822	-0.27783272	-0.3412568	-0.1657727	0.08059995	-0.2766424	-0.22686735	0.064054124	-0.062472917	-0.15266167	-0.43281665	0.30549484	0.41144153	0.3324254	-0.3113778	-0.020801676	0.56082314	-0.05592921	0.2492565	0.08547727	-0.048568383	-0.039981294	0.2858458	0.24853317	0.314168	-0.03997679	0.018925482	0.3302364
0.28772226	-0.29530323	0.17183846	-0.26405472	-0.35352838	-0.17206347	0.051157236	-0.2669035	-0.19673711	0.07062264	-0.051536042	-0.16445729	-0.43075016	0.32312533	0.38276988	0.3273847	-0.32800302	-0.035324343	0.5470396	-0.033882305	0.23696207	0.06776437	-0.043673903	-0.04092415	0.27551365	0.24780075	0.3006277	-0.040851712	0.00070855924	0.3177511
0.36320487	-0.40489227	0.20963225	-0.33189896	-0.4347169	-0.19280699	0.08681739	-0.30736804	-0.2517812	0.10910184	-0.06909246	-0.18319814	-0.530879	0.38652566	0.48505485	0.39260364	-0.3750166	-0.021360906	0.686025	-0.06538785	0.29645646	0.10731763	-0.07755026	-0.06632471	0.36183828	0.31737515	0.39478928	-0.045874823	0.014835185	0.3936645
0.34424803	-0.35430998	0.22775616	-0.29312873	-0.3933622	-0.18145594	0.08197213	-0.3109325	-0.23663609	0.10089697	-0.07977082	-0.19663543	-0.4985468	0.36277676	0.44564587	0.38360938	-0.37248904	-0.012286449	0.6674312	-0.04642877	0.29408178	0.093074635	-0.065141365	-0.051874064	0.32162324	0.2832105	0.34957522	-0.053560358	0.012065806	0.36255297
0.3924259	-0.3891088	0.22666544	-0.34288618	-0.44560692	-0.20484142	0.08497022	-0.3462424	-0.28300825	0.08651876	-0.073801495	-0.2050838	-0.53953415	0.38556463	0.5071175	0.39380696	-0.41146737	-0.03259452	0.707881	-0.04783509	0.30508965	0.089423604	-0.06830015	-0.05001593	0.36310196	0.3271764	0.37878862	-0.047885895	0.014163197	0.395833
0.33490545	-0.37116536	0.20319231	-0.30612782	-0.39540553	-0.20578602	0.09118772	-0.29967588	-0.2609991	0.08743502	-0.0596987	-0.18983084	-0.52002454	0.38132808	0.4721023	0.3630149	-0.38395944	-0.019361768	0.67227614	-0.06660839	0.2679266	0.09155538	-0.061580077	-0.055360265	0.34666827	0.2890423	0.3443464	-0.057665713	0.02477189	0.36190072
0.34482792	-0.33741862	0.21536407	-0.31062192	-0.3918133	-0.18599838	0.077875055	-0.28279692	-0.22859763	0.10032582	-0.05393441	-0.17295992	-0.49108636	0.34667042	0.43330193	0.3632251	-0.3703647	-0.019953037	0.6204911	-0.04492838	0.27295104	0.0897591	-0.051824633	-0.0435119	0.3358516	0.27920404	0.34869257	-0.035507996	-0.004049256	0.35231838
0.31246427	-0.3354689	0.1959703	-0.27482462	-0.3664499	-0.18090388	0.079119764	-0.29336995	-0.23288023	0.0810617	-0.0506827	-0.17326593	-0.4655613	0.3168258	0.40864906	0.33891165	-0.3492093	-0.029370252	0.61407155	-0.063324444	0.25537777	0.06606115	-0.06445971	-0.060397573	0.29919314	0.27455083	0.3425556	-0.032267343	0.02089309	0.31667757
0.3060579	-0.3049109	0.18823591	-0.26559466	-0.34267214	-0.1510843	0.06621434	-0.24810286	-0.21589725	0.09029863	-0.056695465	-0.15455054	-0.4237601	0.30645958	0.3935578	0.30701894	-0.2985963	-0.007874132	0.56404066	-0.028758686	0.24203943	0.061214965	-0.05160217	-0.037356164	0.26368642	0.23514488	0.31098098	-0.0585613	0.0016971768	0.30912876
0.30163896	-0.3062736	0.17695655	-0.25985807	-0.33630216	-0.17635663	0.07867266	-0.26591134	-0.21071032	0.08904618	-0.045168564	-0.1680123	-0.44075555	0.31523794	0.37504894	0.33774212	-0.32809448	-0.026395613	0.54755795	-0.06139184	0.24838734	0.0720775	-0.06569338	-0.057423394	0.29067034	0.23092382	0.3153924	-0.035576038	0.0036203235	0.30220887
0.3632005	-0.4091727	0.21792595	-0.34054393	-0.43145567	-0.19951288	0.08131227	-0.3378173	-0.25735587	0.10434086	-0.09236258	-0.20398356	-0.563941	0.41269174	0.4842134	0.3991078	-0.40908676	-0.032867618	0.72703713	-0.053005673	0.29317483	0.08591894	-0.085024446	-0.07021425	0.37051633	0.32992935	0.38026336	-0.04841769	0.024896916	0.411243
0.31813228	-0.33955425	0.17980684	-0.28250927	-0.35864836	-0.18418212	0.07997071	-0.28621346	-0.2338309	0.08689235	-0.062741764	-0.1700665	-0.44592628	0.3270602	0.41633916	0.34585616	-0.3340541	-0.022630075	0.5894858	-0.055257734	0.25663638	0.09450803	-0.06255858	-0.048597623	0.3086851	0.25007987	0.31561506	-0.03637135	0.02393525	0.33838165
0.29173267	-0.32843503	0.1893977	-0.26448026	-0.3527437	-0.17216457	0.04859531	-0.26628163	-0.20032978	0.06724121	-0.071105026	-0.1485627	-0.44059104	0.3119452	0.40319943	0.33741865	-0.33407676	-0.010134853	0.5613231	-0.056286305	0.2272795	0.066158146	-0.04024649	-0.048251797	0.30303255	0.2444962	0.30918527	-0.05925319	-0.0039585363	0.32898566
0.3333756	-0.3558406	0.21764341	-0.30166927	-0.37267685	-0.17483678	0.05558125	-0.29771543	-0.25736922	0.081238516	-0.060114227	-0.17615671	-0.47377083	0.36817166	0.45553154	0.3585321	-0.36248046	-0.037888516	0.62598974	-0.0557957	0.2570538	0.09191569	-0.047500577	-0.051079243	0.32738274	0.28209552	0.3467125	-0.04190905	0.02090183	0.34614953
0.3258993	-0.3186207	0.19918464	-0.29273486	-0.3451778	-0.15874258	0.082039416	-0.2763339	-0.21681687	0.08808093	-0.07586026	-0.15989286	-0.46558133	0.33986697	0.4169997	0.3514441	-0.32981554	-0.028311862	0.58707505	-0.03391153	0.26010892	0.08952841	-0.062497515	-0.064076915	0.29465377	0.2685281	0.33480304	-0.049833946	0.006077362	0.34223992
0.33475962	-0.3389116	0.1978084	-0.29396093	-0.36280882	-0.18482979	0.05058936	-0.26984715	-0.24486154	0.09406079	-0.060665235	-0.1561379	-0.47484568	0.32078886	0.40646878	0.34791386	-0.34365454	-0.024398489	0.60687065	-0.044010542	0.27305478	0.090895884	-0.05616576	-0.047658905	0.3140895	0.2694712	0.32920402	-0.043322783	0.014307606	0.32586718
0.30981386	-0.3419261	0.20949809	-0.26786315	-0.36576757	-0.18816529	0.07274401	-0.28852826	-0.21619141	0.094096646	-0.080511086	-0.1848327	-0.4588592	0.32269517	0.429246	0.3615238	-0.34235674	-0.035450175	0.618626	-0.05122081	0.2447467	0.08985445	-0.06366215	-0.060610488	0.31565517	0.27420333	0.33971557	-0.042421017	0.002299514	0.3259827
0.3478739	-0.3506563	0.18827942	-0.28140414	-0.38638312	-0.18438755	0.07343651	-0.29551473	-0.2518401	0.09101956	-0.052642334	-0.19211037	-0.49179393	0.3434589	0.45291185	0.37333268	-0.3514209	-0.0075246003	0.62766796	-0.06113891	0.26733196	0.095831536	-0.053740136	-0.06636951	0.3054076	0.27073488	0.34961042	-0.05448862	-0.0050038216	0.35480016
0.30637828	-0.3288503	0.20731848	-0.27692795	-0.34148878	-0.16400431	0.06292049	-0.29146406	-0.2207784	0.070577234	-0.0557377	-0.15957592	-0.46072078	0.3188968	0.40365726	0.35442847	-0.33679295	-0.012490562	0.6032645	-0.034359805	0.25742733	0.09542512	-0.041761328	-0.03823081	0.3015221	0.270259	0.3270275	-0.053079035	0.027274355	0.31741557
0.22385198	-0.22565664	0.14099878	-0.19212157	-0.26556966	-0.13422297	0.034282174	-0.21379483	-0.15424009	0.06859255	-0.058071826	-0.11831133	-0.31780523	0.25338078	0.29294553	0.24200143	-0.24772428	-0.031350832	0.42834428	-0.048879147	0.17598145	0.052078858	-0.05441707	-0.036890794	0.21033418	0.19746397	0.24348933	-0.03876738	-0.0055414764	0.24150059
0.3237659	-0.3393485	0.19286679	-0.283814	-0.3546732	-0.15692517	0.063449465	-0.28315565	-0.21516033	0.09035966	-0.07684792	-0.17914143	-0.44874352	0.34783077	0.40811577	0.33199015	-0.33375788	-0.025073323	0.60416394	-0.03841682	0.26557058	0.07518699	-0.06754712	-0.054766063	0.28883246	0.24939603	0.33734712	-0.03360524	0.008274965	0.3348964
0.36642352	-0.38215473	0.21406488	-0.29348233	-0.41292974	-0.17690738	0.069429025	-0.31154454	-0.23906247	0.10494623	-0.079050295	-0.20276922	-0.5236415	0.37548524	0.45677826	0.38254312	-0.35843816	-0.015679605	0.6724172	-0.053900514	0.27035695	0.10427219	-0.07665352	-0.05043784	0.34713683	0.28970546	0.34936672	-0.047800634	0.015505532	0.37441778
0.33576342	-0.35803607	0.2083163	-0.30838272	-0.3734375	-0.18539843	0.062313188	-0.29415694	-0.2535247	0.080366306	-0.08200981	-0.1652808	-0.48219123	0.34399325	0.44151783	0.3755068	-0.36221462	-0.025947334	0.659993	-0.06213499	0.27966934	0.09723305	-0.06280634	-0.0362688	0.31249452	0.2704487	0.35830477	-0.053105496	0.0009667477	0.34924275
0.3349044	-0.3570729	0.22440493	-0.32032794	-0.40855074	-0.20492063	0.087033875	-0.30431205	-0.2656989	0.09898006	-0.07748497	-0.17457804	-0.4994952	0.36751872	0.4468037	0.3737595	-0.38507822	-0.014891056	0.67029536	-0.06236407	0.2756931	0.09887373	-0.072646335	-0.04583605	0.34825772	0.29153275	0.35895884	-0.06723429	0.010940606	0.35065895
0.32884246	-0.35158542	0.2034417	-0.28065524	-0.35489273	-0.17067851	0.07735879	-0.29078612	-0.21652004	0.08301772	-0.053238995	-0.16208042	-0.45770395	0.34895682	0.4182182	0.36048824	-0.32826257	-0.023390023	0.6094134	-0.06454161	0.26676163	0.09033154	-0.041788228	-0.035673134	0.32063115	0.2723475	0.3185578	-0.055276517	0.018992253	0.3263705
0.31615958	-0.31971428	0.18843816	-0.2782741	-0.35144198	-0.17506862	0.07823716	-0.28593138	-0.21577244	0.07385313	-0.076421	-0.18214963	-0.4760522	0.32959938	0.40388086	0.35700834	-0.3353453	-0.018241277	0.59685236	-0.051039886	0.26981565	0.090699375	-0.06107302	-0.041713025	0.3063346	0.25494593	0.3330864	-0.036812402	0.0020251777	0.32367504
0.3395618	-0.3499426	0.20414577	-0.30552292	-0.37590244	-0.1706751	0.06754204	-0.31300953	-0.23731218	0.10381842	-0.06851989	-0.17669709	-0.5026513	0.34672835	0.43384615	0.3834044	-0.35808808	-0.03100989	0.6474434	-0.04114563	0.2762039	0.08906367	-0.04845173	-0.06478916	0.34055293	0.28138146	0.36412972	-0.05496452	0.023208993	0.3479356
0.30810168	-0.345977	0.17760634	-0.28906706	-0.34499538	-0.15919419	0.058932163	-0.2601258	-0.23698092	0.08121079	-0.06205625	-0.16006027	-0.44150597	0.31669146	0.42011338	0.32780945	-0.34819365	-0.013597475	0.5934602	-0.060763087	0.23733565	0.07972969	-0.052152235	-0.044858135	0.29414794	0.2562017	0.33133122	-0.045193654	0.014054107	0.31570926
0.3080532	-0.32010034	0.18208791	-0.27040294	-0.3405497	-0.17309164	0.067887574	-0.26172817	-0.2366969	0.064884916	-0.0476319	-0.15495595	-0.46159276	0.32668522	0.38696742	0.333234	-0.32461265	-0.022579236	0.580414	-0.04231511	0.25905266	0.07388871	-0.047512792	-0.033065554	0.30885127	0.2573544	0.3154033	-0.05059051	0.008104671	0.33509237
0.4028797	-0.39927486	0.23843007	-0.33144617	-0.44182855	-0.22201125	0.094387375	-0.35819057	-0.28622413	0.087717466	-0.079151526	-0.19640583	-0.57414633	0.41907558	0.514258	0.42347625	-0.4001385	-0.025108712	0.73524654	-0.0690102	0.31931347	0.102924645	-0.06717005	-0.047771815	0.35970235	0.31565502	0.3922351	-0.0696645	0.027615417	0.41437528
0.3360978	-0.35902822	0.19350797	-0.29870084	-0.39027432	-0.19777662	0.059899017	-0.28391838	-0.22396325	0.08149073	-0.0800723	-0.17630911	-0.47889334	0.341453	0.4204701	0.36678916	-0.36721638	-0.028117647	0.6186147	-0.040159915	0.26347837	0.10082076	-0.047285955	-0.061359838	0.32826668	0.28057596	0.33094606	-0.045089036	0.017513031	0.36186627
0.34309492	-0.3705383	0.2143149	-0.3093881	-0.40722778	-0.1996635	0.08333908	-0.30715424	-0.26657107	0.09544649	-0.055353336	-0.17544788	-0.5108685	0.37010914	0.46173364	0.39861968	-0.38783756	-0.009975632	0.6919754	-0.06565487	0.3011026	0.090683974	-0.05874119	-0.04944914	0.35445547	0.30237275	0.3749679	-0.0390292	0.00409623	0.3880897
0.34223658	-0.36729324	0.21103348	-0.31896356	-0.39831194	-0.1953081	0.084427625	-0.31023198	-0.25292882	0.098681346	-0.0814303	-0.19810414	-0.5233672	0.3597081	0.45361146	0.37494844	-0.3641883	-0.023562985	0.67227554	-0.04224201	0.2807237	0.08952426	-0.06302875	-0.057298876	0.32928354	0.30076414	0.3800077	-0.061038688	0.02041732	0.3707254
0.35747746	-0.3498478	0.2030167	-0.31655455	-0.3805052	-0.18565936	0.062241882	-0.3049996	-0.23599258	0.09188592	-0.054641504	-0.19330719	-0.495049	0.3461892	0.46049535	0.38667774	-0.3714594	-0.009178859	0.66346836	-0.04768663	0.27209032	0.103951655	-0.06563778	-0.039610326	0.3276776	0.2838956	0.3474662	-0.06143435	0.020067157	0.364038
0.3341523	-0.36333182	0.20080812	-0.30274802	-0.36812085	-0.1742446	0.07492777	-0.30324012	-0.23897374	0.10008474	-0.05123166	-0.17824146	-0.5041103	0.36681134	0.42736763	0.3547329	-0.35423613	-0.03194326	0.64060235	-0.070148714	0.27495298	0.100207485	-0.055522494	-0.038215697	0.30286017	0.28793237	0.3389842	-0.05575095	-0.006217515	0.3544639
0.29113546	-0.27647102	0.18321992	-0.24788244	-0.3280048	-0.15580033	0.073864676	-0.24224275	-0.18893933	0.071298495	-0.06289749	-0.14577352	-0.4019972	0.28250927	0.37104738	0.30157107	-0.29495287	-0.024555795	0.51979	-0.050282523	0.22894683	0.06511121	-0.034932993	-0.03879258	0.26701766	0.21287651	0.29587412	-0.03725779	0.0151438285	0.30004185
0.29377413	-0.30811036	0.1876816	-0.2640478	-0.33632904	-0.16835526	0.06951724	-0.24235906	-0.22052646	0.073884375	-0.059903968	-0.15173168	-0.4170107	0.29749364	0.3699451	0.29772943	-0.32148105	-0.031475525	0.549881	-0.045544583	0.21531343	0.074531496	-0.05123591	-0.039432183	0.28954497	0.25379103	0.28132322	-0.053220455	0.018925011	0.28522503
0.33428642	-0.33841595	0.20297311	-0.27980104	-0.37855276	-0.1887045	0.065111876	-0.284903	-0.23308736	0.07684283	-0.06585643	-0.15840425	-0.46914285	0.35485455	0.43394563	0.3428135	-0.3329549	-0.028533071	0.6243739	-0.04051146	0.26996964	0.0952008	-0.065647125	-0.048040085	0.29996285	0.26411182	0.33759743	-0.061962612	-0.00074950844	0.33019307
0.30014625	-0.3193925	0.1782593	-0.2823289	-0.34113973	-0.17496088	0.064560615	-0.28250292	-0.231434	0.082740754	-0.07702288	-0.16249843	-0.44467646	0.31374267	0.41294798	0.33584154	-0.34029186	-0.022408957	0.5774816	-0.056435797	0.23502451	0.063622765	-0.039793737	-0.047975373	0.29229802	0.24696036	0.30332825	-0.030912444	0.0053127143	0.33879736
0.27703437	-0.2855571	0.16119245	-0.24597187	-0.30674937	-0.16189359	0.042665355	-0.24534233	-0.18397969	0.06477115	-0.06389036	-0.1274942	-0.40774968	0.27060395	0.37187234	0.28734186	-0.28934342	-0.026954586	0.52931166	-0.048313305	0.20977052	0.05828577	-0.055214874	-0.046242766	0.26134753	0.23730758	0.28299263	-0.05539778	0.011343159	0.27431232
0.3257793	-0.3231307	0.17894416	-0.27758148	-0.3495955	-0.17751098	0.06555051	-0.29022166	-0.23461546	0.06924046	-0.06913796	-0.17284018	-0.4677921	0.3280515	0.41203168	0.3483287	-0.35057178	-0.021232288	0.5976159	-0.05785196	0.26357007	0.06564444	-0.057978682	-0.039327733	0.30509245	0.26733112	0.31570747	-0.05873468	0.010161816	0.34000355
0.30859336	-0.29774362	0.1784539	-0.25500715	-0.3345973	-0.15119977	0.05375327	-0.25374994	-0.20900732	0.06560821	-0.07190715	-0.14137466	-0.41522187	0.31049043	0.39091638	0.30640057	-0.32541382	-0.023187788	0.57445085	-0.040466357	0.25145724	0.08776156	-0.059872113	-0.041806206	0.29337886	0.25435886	0.31909645	-0.06028737	0.014479997	0.29375476
0.31888315	-0.35880724	0.1984767	-0.29827663	-0.36815012	-0.1893572	0.08296235	-0.28087613	-0.2163164	0.08870863	-0.061133374	-0.170951	-0.4659832	0.33246005	0.41752896	0.3581344	-0.33827853	-0.01828663	0.6186529	-0.055192884	0.2716207	0.07236859	-0.047994524	-0.05471825	0.3152741	0.25320283	0.34585935	-0.049596477	0.0052551306	0.33228078
0.32862425	-0.35234702	0.19902433	-0.28038344	-0.36763415	-0.18434508	0.07732004	-0.28120756	-0.23550138	0.0783141	-0.049961578	-0.17219698	-0.46972036	0.35247466	0.4285703	0.33976147	-0.34451962	-0.014335003	0.60547346	-0.041375935	0.26156515	0.09841454	-0.05490014	-0.0619529	0.30870742	0.27188906	0.3434784	-0.041622568	0.025537703	0.32731265
0.2481263	-0.25725	0.15678556	-0.21836005	-0.2805488	-0.13824098	0.042230174	-0.23324855	-0.17603044	0.065768026	-0.04397123	-0.12038983	-0.3659527	0.27357832	0.33141625	0.2624294	-0.27286145	-0.022705404	0.48467228	-0.052120276	0.2118716	0.079137765	-0.04736803	-0.041691404	0.2423311	0.22002636	0.26149818	-0.04255938	0.011571321	0.25510257
0.31262568	-0.33163625	0.1854377	-0.27992842	-0.36641148	-0.17169262	0.06557206	-0.27702194	-0.22584555	0.08091839	-0.055200666	-0.16932225	-0.45407382	0.32410488	0.42444912	0.3546964	-0.34058243	-0.0087415995	0.6094453	-0.05334099	0.26838797	0.07695817	-0.047814004	-0.04106378	0.30637023	0.25184056	0.32965362	-0.037362844	0.023916207	0.32882383
0.2810564	-0.306689	0.18612994	-0.24574657	-0.3290963	-0.13826399	0.044589538	-0.2536705	-0.20338014	0.06692124	-0.06036527	-0.15762337	-0.41763934	0.291855	0.36519465	0.30875352	-0.30797407	-0.023595141	0.53501487	-0.05907928	0.22195046	0.06260243	-0.044439957	-0.039758578	0.2737835	0.23162457	0.2908863	-0.054071464	0.0054526986	0.28948933
0.27507976	-0.27459523	0.15163296	-0.2158373	-0.30295756	-0.14681377	0.06512924	-0.22850855	-0.17039353	0.06679841	-0.047832415	-0.14275622	-0.3864693	0.25871563	0.3401691	0.27524725	-0.2931716	-0.004728427	0.49569467	-0.0456405	0.21957901	0.08263746	-0.045414444	-0.036890656	0.24797775	0.20890678	0.2600861	-0.05470651	0.013613357	0.28901303
0.30932146	-0.34943518	0.19409262	-0.27113467	-0.3644359	-0.19124489	0.06242526	-0.27289	-0.22015774	0.08430364	-0.05695881	-0.16409908	-0.46217015	0.34127986	0.41173258	0.3432415	-0.333411	-0.027822696	0.5987956	-0.052567523	0.25326598	0.08794264	-0.05912507	-0.039805207	0.2990949	0.2534474	0.31770942	-0.05822289	0.007845138	0.34498152
0.30413413	-0.29321855	0.1615728	-0.24592604	-0.3214417	-0.1456208	0.077435926	-0.24430092	-0.20812106	0.06426276	-0.054050572	-0.16150953	-0.42183107	0.31605208	0.3785539	0.3240728	-0.31394082	-0.005060506	0.55223733	-0.037047327	0.243609	0.06696949	-0.040809825	-0.052618742	0.27949485	0.2494309	0.3180711	-0.026660668	0.015954597	0.30955046
0.3377118	-0.33261192	0.20932311	-0.2678934	-0.36729464	-0.16133735	0.057852138	-0.2931867	-0.23514546	0.06777654	-0.07696771	-0.17931953	-0.47886798	0.3546803	0.40631723	0.33569548	-0.35015124	-0.0368019	0.59688675	-0.043626107	0.26316828	0.09710499	-0.0579546	-0.05989058	0.30339703	0.26572615	0.3349646	-0.05684979	0.008117374	0.3323041
0.29183906	-0.29242596	0.16117442	-0.23401174	-0.3249052	-0.15621842	0.053000923	-0.24418105	-0.20456396	0.07949342	-0.05227743	-0.15717687	-0.39299977	0.29468897	0.37254563	0.30855495	-0.28676072	-0.026637908	0.5376316	-0.032016277	0.22367994	0.06968774	-0.04831025	-0.036479793	0.27252522	0.23126523	0.27544063	-0.048384596	-0.004524971	0.29098237
0.3304409	-0.3719212	0.20282672	-0.3076958	-0.39156455	-0.19662234	0.07705281	-0.31064808	-0.2372642	0.08949621	-0.07174243	-0.17760247	-0.4999301	0.36191574	0.45002067	0.3528181	-0.37498197	-0.02497268	0.62724733	-0.04024034	0.25584975	0.08288457	-0.078330286	-0.058440283	0.30846962	0.2929458	0.3558795	-0.042411834	0.01606583	0.35151708
0.2963475	-0.32258257	0.19751002	-0.25480273	-0.33507332	-0.17158782	0.05717519	-0.26646474	-0.2109703	0.06585399	-0.06520908	-0.16474412	-0.45137942	0.30954942	0.39148295	0.3258662	-0.33205774	-0.0056274096	0.585932	-0.05755225	0.25487268	0.09273966	-0.06921412	-0.051124256	0.29286593	0.25307104	0.33442113	-0.036448646	0.018597204	0.3376699
0.30319217	-0.29915285	0.18262237	-0.25890946	-0.33122846	-0.15448928	0.055325624	-0.24761945	-0.2156163	0.060241215	-0.052313305	-0.14609155	-0.43534297	0.31476328	0.38592437	0.30032697	-0.29450214	-0.015842978	0.5643294	-0.05379425	0.23543201	0.084832825	-0.044682965	-0.05225431	0.28048003	0.24075559	0.3072728	-0.047258087	0.011009551	0.3081864
0.35723785	-0.37491614	0.22743116	-0.31910095	-0.41146493	-0.1829186	0.07156373	-0.305984	-0.2719278	0.10217485	-0.06321974	-0.19222805	-0.54083586	0.38518062	0.48008776	0.38630491	-0.38423035	-0.040995132	0.70575726	-0.04080539	0.28904584	0.10216063	-0.059874296	-0.05764956	0.33816826	0.295198	0.36385375	-0.05334742	0.011912262	0.3824288
0.3253063	-0.33989054	0.17329663	-0.27841443	-0.3521482	-0.17071338	0.07255413	-0.28504476	-0.21371222	0.06846035	-0.067699574	-0.1497364	-0.45957685	0.32591623	0.40301254	0.33044156	-0.32053256	-0.011567768	0.58775985	-0.053274993	0.23369184	0.062476255	-0.053495888	-0.04722419	0.29905853	0.27368677	0.32248726	-0.033733774	0.02468891	0.3412035
0.31121597	-0.31935295	0.20654427	-0.27292088	-0.34845284	-0.16438775	0.0695623	-0.26039594	-0.22148189	0.06728524	-0.07306614	-0.17978992	-0.45863092	0.3217047	0.39749536	0.33063275	-0.3243996	-0.023882631	0.60152036	-0.04246405	0.23464014	0.0646743	-0.043846473	-0.062479887	0.3123429	0.260502	0.31750748	-0.037245996	0.013554937	0.3124386
0.29293144	-0.30187792	0.1760904	-0.23685007	-0.31597364	-0.17087658	0.07373608	-0.2524118	-0.20030025	0.05805467	-0.04752278	-0.14509124	-0.39850146	0.29397854	0.38085586	0.3178485	-0.29107824	-0.031887878	0.52229893	-0.032458123	0.22876516	0.061327506	-0.05139452	-0.043105435	0.25551167	0.24874999	0.2833879	-0.030881647	0.023248613	0.29830196
0.32105535	-0.34824184	0.19275111	-0.27843273	-0.35354015	-0.16310324	0.06854618	-0.2873522	-0.23215128	0.06668046	-0.079319976	-0.16102618	-0.43982202	0.33082247	0.40930772	0.34949008	-0.33261284	-0.031039255	0.5902872	-0.056524593	0.26896665	0.09666933	-0.070590295	-0.05942694	0.29355454	0.26853147	0.31909782	-0.034741957	0.024940161	0.33759835
0.33254522	-0.3675781	0.1915381	-0.31427586	-0.38066092	-0.17953591	0.08875302	-0.28754961	-0.24473396	0.09676355	-0.08341861	-0.16795073	-0.4926213	0.35490927	0.44674325	0.36447352	-0.36397418	-0.028743198	0.64301693	-0.065181	0.26551658	0.101944156	-0.045096323	-0.040850054	0.33024275	0.28170812	0.3462478	-0.034865927	-0.0027029808	0.34048095
0.3236231	-0.34572652	0.1928979	-0.28668174	-0.3730104	-0.18063134	0.07984259	-0.29519233	-0.2334961	0.071339056	-0.07836108	-0.16767715	-0.47396645	0.33333898	0.44762295	0.3635328	-0.35063225	-0.015646132	0.6405666	-0.06764975	0.27769652	0.10003984	-0.058032725	-0.05737162	0.32186645	0.28275985	0.35499775	-0.047984164	0.011565382	0.36175978
0.34306294	-0.34228665	0.19576865	-0.30495012	-0.38272944	-0.19769876	0.06776404	-0.30066758	-0.2263191	0.09754372	-0.05156208	-0.16873923	-0.47823572	0.35309243	0.44927618	0.36084893	-0.37069938	-0.016516527	0.6479719	-0.041866295	0.26356405	0.103506744	-0.04479578	-0.036535982	0.3142942	0.2957611	0.36402768	-0.059084717	0.0034036976	0.35280055
0.37069142	-0.37900716	0.21394026	-0.31979427	-0.40246993	-0.21333681	0.07422478	-0.31869078	-0.2757446	0.07828408	-0.061686564	-0.18293138	-0.52837914	0.3960949	0.4591263	0.3852946	-0.38336346	-0.03903223	0.68873453	-0.04490609	0.28176603	0.10469371	-0.06705032	-0.04986257	0.36453176	0.3122428	0.37677485	-0.036776356	0.02557174	0.37958845
0.3501095	-0.38816023	0.23584396	-0.32918888	-0.40509188	-0.18889152	0.08113286	-0.31968883	-0.25079295	0.098530844	-0.057884946	-0.19695833	-0.51548374	0.38419184	0.48538905	0.39678305	-0.39067587	-0.015509381	0.695379	-0.049600504	0.30374354	0.09510897	-0.061468292	-0.052425228	0.3439646	0.3004726	0.3818255	-0.04959134	0.020698981	0.38890213
0.32511064	-0.325152	0.2088198	-0.2958815	-0.36976066	-0.1635989	0.051712185	-0.29946506	-0.24230212	0.06636787	-0.049064185	-0.15641864	-0.480038	0.3472998	0.42425698	0.35781986	-0.35751185	-0.022091841	0.600886	-0.053720765	0.25643274	0.09036906	-0.04979633	-0.040822253	0.29850855	0.2533165	0.3347352	-0.05449746	-0.0058031017	0.34944528
0.3006984	-0.31570753	0.1680788	-0.26927596	-0.32316798	-0.15993455	0.051563058	-0.27450278	-0.21175715	0.0810285	-0.059528142	-0.14657065	-0.42591992	0.32662398	0.3855328	0.3315567	-0.3319217	-0.032143034	0.57414037	-0.031330783	0.24982	0.08821281	-0.047356203	-0.034879997	0.2683172	0.25075683	0.30225083	-0.058432262	0.016020538	0.30698043
0.263982	-0.27128428	0.15563726	-0.23977567	-0.31306875	-0.14217778	0.055673655	-0.24282424	-0.18612203	0.08431587	-0.039162148	-0.12892783	-0.39235243	0.27046025	0.36436686	0.2817856	-0.2867352	-0.031660177	0.52336687	-0.024778562	0.23010708	0.07030321	-0.0466597	-0.03561985	0.25083575	0.23947498	0.28846452	-0.053704433	0.0025250057	0.26898402
0.31106055	-0.31274605	0.18433622	-0.26903903	-0.3556376	-0.17596394	0.054799728	-0.2867781	-0.20874152	0.09156588	-0.07189413	-0.17069994	-0.4340822	0.31157708	0.39768782	0.33857495	-0.34343034	-0.0045197275	0.5832429	-0.05813838	0.2525385	0.08162582	-0.061809484	-0.05623441	0.30003524	0.24390072	0.32487783	-0.044160202	0.02344165	0.32984424
0.34469312	-0.3567046	0.22717077	-0.3274946	-0.39529425	-0.20663878	0.06774904	-0.30522704	-0.25895107	0.10050943	-0.076122664	-0.1921495	-0.5091462	0.37720436	0.4735821	0.36724558	-0.3708935	-0.039498325	0.6805488	-0.06713204	0.28156978	0.098871015	-0.068580635	-0.045567818	0.33726284	0.28631118	0.3755958	-0.036121905	0.00019311177	0.36122307
0.32017237	-0.3054667	0.1863594	-0.25613117	-0.3479804	-0.15707153	0.0759212	-0.27128732	-0.20947383	0.08255207	-0.050954763	-0.14775996	-0.45799598	0.33459568	0.3830966	0.33542335	-0.31888315	-0.021581354	0.5820498	-0.044049826	0.24655189	0.0872333	-0.064969204	-0.060322683	0.3008619	0.26671275	0.32396096	-0.029311955	-0.005016588	0.3262784
0.3228839	-0.33296677	0.1920235	-0.2766055	-0.38249347	-0.16935878	0.077906616	-0.28985232	-0.23554142	0.08582929	-0.07520561	-0.18212748	-0.48481736	0.32857633	0.44046023	0.35651973	-0.33527964	-0.008480671	0.62514627	-0.034333613	0.2519506	0.08047313	-0.06385354	-0.065117404	0.30146053	0.27720574	0.3409499	-0.051709153	0.022265976	0.32958025
0.3400839	-0.36675018	0.2012997	-0.30834723	-0.38590616	-0.19445352	0.061896503	-0.29019353	-0.23049831	0.07872364	-0.06273137	-0.1805457	-0.4921728	0.34831476	0.4277494	0.36942208	-0.3480403	-0.0052524596	0.6514732	-0.06114438	0.28634706	0.09167994	-0.07471884	-0.043494735	0.33246794	0.29152325	0.3588525	-0.048738364	0.023512328	0.35037372
